# This file uses centimeters as units for non-parametric coordinates.

mtllib ClothsOBJ.mtl
g default
v 1262.831368 -191.267064 77.508327
v 1261.590878 -187.757948 83.856642
v 1259.195725 -184.032973 89.285913
v 1256.760959 -180.272606 94.615273
v 1254.884871 -176.388756 99.885246
v 1253.275509 -172.343870 105.347028
v 1251.472088 -168.152383 110.657812
v 1249.801721 -163.995214 115.824261
v 1248.675396 -159.800592 121.041565
v 1247.602427 -155.448542 126.352522
v 1246.279744 -150.961195 131.462674
v 1245.174263 -146.543975 136.574793
v 1244.576630 -142.166350 141.792137
v 1244.350897 -137.895660 147.127549
v 1244.243334 -133.463257 152.549148
v 1244.089795 -128.955168 157.905967
v 1243.968537 -124.104997 163.149945
v 1244.384916 -118.251869 167.806116
v 1244.618974 -111.978148 170.888461
v 1244.806014 -106.160138 172.971522
v 1246.522300 -104.857189 180.123887
v 1248.422716 -108.918233 176.336901
v 1252.058565 -107.828853 182.488011
v 1255.736444 -107.047863 188.571311
v 1259.534728 -106.357573 194.442197
v 1263.332695 -105.119788 200.420074
v 1266.515430 -103.084878 206.203589
v 1270.371132 -102.900881 211.325916
v 1273.295602 -97.821464 215.321799
v 1277.357022 -93.147713 216.599891
v 1284.034739 -87.871735 215.394873
v 1291.146621 -87.534173 216.547426
v 1288.010688 -95.539756 220.125318
v 1286.831038 -90.425886 225.737609
v 1291.945316 -91.485335 220.611477
v 1291.646566 -91.783164 227.422132
v 1289.447282 -96.423144 233.060755
v 1288.695588 -96.071380 239.725539
v 1289.094209 -91.099708 243.971966
v 1287.445721 -92.823694 250.829631
v 1291.596207 -87.808410 248.752859
v 1291.781750 -91.255746 254.701785
v 1295.008086 -92.841950 261.034635
v 1298.701687 -94.317054 266.720501
v 1302.563308 -96.210461 272.303429
v 1307.276026 -109.044303 276.425487
v 1312.584387 -108.484125 282.415176
v 1315.455642 -111.449870 288.102014
v 1318.756125 -115.852084 293.367348
v 1322.848524 -121.993023 296.393229
v 1326.024172 -108.506927 302.674971
v 1259.184497 -194.977457 78.842865
v 1257.449023 -191.611953 84.728630
v 1255.211322 -187.841237 90.190939
v 1253.235178 -184.240591 95.950257
v 1251.193445 -180.250644 101.410247
v 1249.221854 -176.018445 106.654215
v 1247.416592 -171.806894 111.968218
v 1245.703984 -167.479047 117.232223
v 1244.110807 -162.860656 122.253186
v 1242.719447 -158.205065 127.225393
v 1241.485577 -153.757471 132.434744
v 1240.362610 -149.196380 137.652404
v 1239.458464 -144.328311 142.694278
v 1238.876269 -139.161186 147.508946
v 1238.628864 -133.754237 152.115878
v 1238.760250 -128.138092 156.494615
v 1239.277617 -122.426158 160.614023
v 1239.418169 -117.038888 164.864513
v 1238.986409 -111.865897 169.477246
v 1239.542496 -106.265218 174.027358
v 1242.722403 -101.623171 177.959302
v 1248.853930 -103.640700 175.441940
v 1250.999552 -102.526928 182.027555
v 1254.267088 -101.706047 188.191701
v 1259.118078 -100.986941 193.523857
v 1264.270786 -100.301291 198.084206
v 1267.239534 -98.084650 203.709866
v 1272.720151 -99.924120 206.685061
v 1271.977993 -94.826702 209.303339
v 1278.108238 -94.695460 209.715409
v 1285.089294 -92.129282 209.763577
v 1289.611809 -90.231447 212.099431
v 1283.122715 -93.278117 217.050433
v 1281.629804 -90.965256 221.641952
v 1287.104155 -90.290848 218.916099
v 1284.407591 -94.914519 224.058592
v 1284.160675 -96.400362 231.256006
v 1283.373457 -93.352089 237.710667
v 1282.975044 -90.371789 242.993901
v 1284.330825 -87.533401 248.843347
v 1287.835831 -83.820592 252.252629
v 1290.795208 -86.071437 257.221778
v 1293.629778 -87.951901 263.069824
v 1296.920559 -89.740512 269.159055
v 1300.641592 -91.528314 274.942136
v 1304.203149 -106.310065 280.593930
v 1307.907657 -111.523249 284.194174
v 1312.708189 -116.382750 286.624436
v 1319.627828 -105.734045 288.951827
v 1324.333055 -104.030285 294.271350
v 1326.176432 -102.905437 301.673292
v 1255.450183 -198.882279 79.979159
v 1253.169397 -195.135957 85.501760
v 1250.834359 -191.166386 90.872485
v 1248.612319 -187.185107 96.326890
v 1246.392964 -182.916214 101.597999
v 1244.266877 -178.410538 106.702372
v 1242.261886 -173.738777 111.724008
v 1240.417701 -168.865662 116.598875
v 1238.771251 -163.861391 121.373504
v 1237.339376 -158.785878 126.143400
v 1236.195387 -153.559070 130.861415
v 1235.452926 -148.118438 135.439848
v 1235.132042 -142.518356 139.878614
v 1235.207141 -136.823358 144.197685
v 1235.645205 -131.063240 148.398423
v 1236.265471 -125.310186 152.493357
v 1236.354726 -119.783850 156.733581
v 1236.663927 -114.185861 161.019435
v 1238.075936 -108.582479 165.238382
v 1240.826744 -103.630357 169.345964
v 1242.502674 -98.346717 173.027188
v 1249.529018 -98.318236 174.100700
v 1250.811584 -97.263015 180.917603
v 1255.248467 -96.523782 186.713634
v 1261.717165 -97.461381 190.289130
v 1267.016848 -97.108910 194.705766
v 1270.341754 -95.166486 199.609673
v 1274.814290 -98.584363 201.821807
v 1272.829913 -92.914562 203.923263
v 1279.124910 -95.907020 204.608368
v 1284.419497 -90.473393 204.696081
v 1290.531150 -87.855656 214.714478
v 1286.130983 -93.359215 216.944428
v 1279.008386 -87.430975 217.235875
v 1285.879301 -85.199578 220.060095
v 1282.111448 -87.880464 226.043331
v 1286.728229 -91.682801 231.243577
v 1282.876994 -87.939464 234.547644
v 1284.972857 -85.570399 240.155053
v 1288.417901 -85.821463 244.870225
v 1292.025751 -82.445528 249.186487
v 1295.731209 -83.891207 255.185042
v 1298.399947 -87.681373 260.581693
v 1301.717609 -88.860944 266.637920
v 1304.981336 -88.938523 272.798963
v 1308.829826 -91.010472 278.333117
v 1310.966959 -98.868493 278.816175
v 1316.101412 -100.577652 283.331894
v 1320.330694 -100.347885 288.751051
v 1322.603280 -98.967526 294.781139
v 1325.970233 -97.603356 300.840620
v 1251.201515 -202.518773 80.707584
v 1248.531632 -198.116280 85.782482
v 1245.956704 -193.725102 90.744600
v 1243.505100 -189.144832 95.707595
v 1241.197854 -184.267742 100.551983
v 1239.062528 -179.082790 105.208499
v 1237.176422 -173.722502 109.711698
v 1235.542556 -168.252682 114.151160
v 1234.209472 -162.672041 118.567824
v 1233.263126 -156.971567 122.953645
v 1232.776122 -151.175122 127.279974
v 1232.737251 -145.339791 131.539322
v 1233.051083 -139.518695 135.744116
v 1233.603333 -133.743803 139.907958
v 1234.203930 -128.000647 144.025932
v 1234.536200 -122.267347 148.134253
v 1235.520888 -116.488366 152.278761
v 1237.974913 -111.165709 156.513222
v 1241.066985 -106.746332 160.801085
v 1243.149605 -101.583117 164.698176
v 1244.096657 -95.522021 168.175891
v 1248.629702 -92.804302 173.227573
v 1253.465988 -92.670794 178.467455
v 1258.385763 -94.382503 182.916289
v 1263.645063 -93.378194 187.364820
v 1269.547004 -93.133163 191.241049
v 1276.362971 -94.719254 194.800491
v 1272.570365 -98.373572 195.852599
v 1273.531605 -91.245851 197.792875
v 1279.885920 -94.634577 199.446016
v 1279.478806 -88.121415 203.130424
v 1285.576310 -85.329731 212.561876
v 1286.488581 -90.619014 212.364515
v 1281.255910 -83.517151 213.736250
v 1282.635128 -80.935961 220.440153
v 1285.103018 -82.865671 226.719967
v 1290.450565 -87.828887 230.813426
v 1286.793955 -83.297490 231.799419
v 1290.300244 -84.558860 236.770542
v 1293.018239 -87.911097 242.148338
v 1296.859827 -83.900396 246.122961
v 1299.977449 -85.046222 252.105547
v 1303.011657 -87.871281 257.835091
v 1306.055767 -86.589549 264.191017
v 1309.421677 -86.514984 270.441643
v 1313.309858 -90.106492 275.058421
v 1314.214704 -96.140879 275.009232
v 1317.867113 -95.185227 281.419656
v 1320.568574 -94.630239 287.368387
v 1323.201110 -93.615606 293.430565
v 1325.833194 -92.317345 299.646607
v 1247.766903 -198.775911 76.095045
v 1244.130279 -195.503640 81.309909
v 1241.838896 -190.872604 86.128988
v 1240.065095 -185.820636 90.850058
v 1238.941489 -180.421801 95.423455
v 1237.973929 -174.938581 99.938993
v 1236.702692 -169.497895 104.404758
v 1235.353181 -164.038366 108.816212
v 1234.188518 -158.518495 113.181684
v 1233.528953 -152.886481 117.504934
v 1233.537366 -147.188093 121.785933
v 1234.014248 -141.488399 126.024330
v 1234.668092 -135.792295 130.211274
v 1235.343188 -130.081356 134.350689
v 1235.741711 -124.345294 138.452892
v 1236.295857 -118.627931 142.569051
v 1239.098292 -113.839136 146.997450
v 1242.957729 -110.286416 151.690907
v 1246.193139 -105.907373 156.214206
v 1247.805318 -100.003539 160.008610
v 1248.439964 -93.733253 163.381235
v 1253.056130 -91.777762 168.438794
v 1257.658440 -94.275274 173.187722
v 1262.812278 -95.496179 177.785837
v 1266.817309 -91.018909 181.868743
v 1272.576753 -91.429544 185.374331
v 1278.665815 -95.818228 188.310939
v 1273.295764 -95.803160 188.407731
v 1276.496235 -90.487608 191.495439
v 1282.840885 -91.478563 194.973501
v 1282.109565 -85.439809 198.889343
v 1284.652300 -81.048280 203.948632
v 1288.102314 -86.955874 206.401273
v 1287.746440 -81.210317 211.882476
v 1288.485972 -79.026391 218.144859
v 1291.246141 -80.470036 223.536378
v 1291.434087 -87.535339 224.186241
v 1293.856988 -82.153348 227.917758
v 1295.634284 -86.588131 232.820281
v 1298.253005 -89.899156 238.317747
v 1302.308674 -86.325410 242.581155
v 1305.843434 -85.831624 248.626462
v 1308.907011 -87.317402 254.808666
v 1311.418681 -84.785427 260.785749
v 1315.098276 -84.749277 266.672383
v 1318.463104 -89.576033 270.291712
v 1320.042111 -96.463123 272.017710
v 1323.290644 -97.463334 278.311484
v 1326.468758 -97.183732 284.778367
v 1329.329967 -95.918749 291.083937
v 1332.124685 -92.757444 296.925292
v 1245.150127 -194.398941 71.750938
v 1240.403831 -192.254266 76.528443
v 1238.587105 -187.343301 81.201660
v 1237.710793 -181.938117 85.749291
v 1237.460268 -176.352250 90.190772
v 1236.977229 -170.778663 94.631943
v 1235.872511 -165.316669 99.048802
v 1234.612935 -159.893447 103.405105
v 1233.698603 -154.380236 107.714090
v 1233.627832 -148.758214 111.993299
v 1234.354358 -143.172845 116.250189
v 1235.400949 -137.638504 120.478847
v 1236.280382 -132.041911 124.649802
v 1236.684097 -126.319184 128.742966
v 1236.920211 -120.552624 132.807188
v 1239.100709 -115.329645 137.157940
v 1243.253704 -111.987988 141.884072
v 1247.318259 -108.677498 146.646693
v 1250.150243 -103.803856 151.021261
v 1250.848276 -97.589929 154.479093
v 1252.650463 -91.829435 158.445791
v 1257.797000 -92.111747 163.423780
v 1261.380142 -96.437862 167.991238
v 1266.908366 -94.621859 172.368462
v 1270.245191 -89.608350 176.153299
v 1273.961597 -95.093043 178.832321
v 1279.891209 -96.443680 180.857859
v 1276.206776 -90.971095 181.442459
v 1280.111506 -88.502534 186.238506
v 1285.928546 -88.309812 190.291996
v 1285.786462 -82.353639 194.310348
v 1289.809156 -80.387862 199.963020
v 1293.298853 -84.945320 204.611724
v 1293.350091 -79.859514 209.509885
v 1294.766107 -76.526834 215.221726
v 1297.405806 -80.860973 219.955655
v 1295.441447 -87.484100 219.899392
v 1299.394842 -84.100104 223.853660
v 1300.719857 -88.871339 228.760212
v 1303.847653 -91.529170 234.332922
v 1307.788674 -89.164343 239.501777
v 1311.509878 -87.463871 245.381029
v 1314.823362 -86.921651 251.560219
v 1316.507974 -82.413515 257.062809
v 1320.586484 -83.759981 262.420555
v 1322.819018 -90.079414 265.154051
v 1325.865101 -95.595042 269.013306
v 1329.097967 -97.361386 275.322687
v 1332.276185 -97.643029 281.835647
v 1335.300293 -95.810752 288.051397
v 1338.247689 -93.370297 294.063096
v 1243.376851 -190.098533 67.497548
v 1237.719961 -188.351578 71.450406
v 1236.270332 -183.326135 76.068146
v 1236.088040 -177.832473 80.537227
v 1236.293703 -172.221182 84.910060
v 1235.966339 -166.631643 89.292051
v 1234.912823 -161.162108 93.643308
v 1233.882609 -155.708552 97.942113
v 1233.635046 -150.155638 102.205346
v 1234.400682 -144.635214 106.462424
v 1235.916907 -139.288268 110.724416
v 1237.356374 -133.921527 114.961265
v 1238.084040 -128.317113 119.098553
v 1238.060078 -122.551831 123.112047
v 1239.373831 -117.041809 127.350404
v 1243.065642 -113.103238 131.995523
v 1247.601969 -110.521818 136.811618
v 1251.378237 -106.708711 141.481493
v 1253.696712 -101.439190 145.663471
v 1254.042249 -95.143916 149.084291
v 1257.487589 -90.726962 153.587670
v 1261.733026 -93.973507 158.271786
v 1265.730380 -97.454604 162.868880
v 1269.407477 -92.414103 166.367344
v 1274.165895 -89.093877 170.719868
v 1275.500981 -95.898356 171.890534
v 1281.295917 -94.301322 173.869535
v 1278.904017 -88.043655 176.577163
v 1283.955132 -86.320316 180.927821
v 1288.946476 -84.932273 185.395725
v 1290.611151 -79.916050 190.330425
v 1294.758742 -80.837829 196.000548
v 1298.713136 -82.883924 201.845231
v 1298.508511 -77.023083 205.980293
v 1301.559769 -75.819093 212.274711
v 1301.940083 -82.301417 214.973080
v 1298.969821 -88.689547 215.169892
v 1304.113932 -86.950485 219.500009
v 1305.960866 -91.225024 224.828736
v 1309.384913 -93.070182 230.526302
v 1313.350743 -91.153165 236.055888
v 1317.182736 -87.626287 241.911298
v 1318.731144 -83.511887 247.334764
v 1321.798493 -80.534854 252.991259
v 1325.764994 -83.684177 258.039803
v 1328.345027 -89.225128 261.907251
v 1331.520395 -93.332553 266.767605
v 1334.821093 -95.349487 272.566230
v 1338.165485 -96.931630 278.607052
v 1341.299068 -96.229511 284.993777
v 1344.329830 -94.129407 291.276020
v 1242.130178 -186.042145 62.973832
v 1236.138723 -184.083322 66.193286
v 1234.449220 -179.133362 70.893151
v 1234.639978 -173.647906 75.305268
v 1235.294928 -168.060497 79.598745
v 1235.132693 -162.467927 83.920988
v 1234.274690 -156.962009 88.193649
v 1233.733767 -151.433420 92.434051
v 1234.332352 -145.937009 96.676070
v 1235.914128 -140.652120 100.934551
v 1237.971488 -135.556547 105.210352
v 1239.396193 -130.204458 109.432515
v 1239.773967 -124.560704 113.514905
v 1240.244162 -118.906959 117.609736
v 1242.876607 -114.191458 122.097330
v 1247.253175 -111.364245 126.844340
v 1251.697143 -108.587421 131.617919
v 1255.219552 -104.512519 136.239572
v 1257.009508 -98.951204 140.289548
v 1257.739699 -92.775310 143.901446
v 1262.569405 -90.936098 148.861935
v 1265.515096 -95.860524 153.003078
v 1270.241960 -97.773119 157.826071
v 1273.320150 -92.537975 161.056759
v 1277.686911 -88.759221 164.744765
v 1276.551631 -95.323299 164.403072
v 1281.616554 -90.708805 167.843372
v 1282.751519 -85.331564 171.148379
v 1287.219234 -83.040753 175.955111
v 1291.746861 -80.496575 180.837236
v 1296.310782 -79.280752 186.412365
v 1299.556671 -81.106575 192.421696
v 1303.648986 -80.877623 198.461420
v 1304.279488 -75.015771 202.558241
v 1307.534056 -77.636802 208.089604
v 1303.718833 -83.598185 208.283877
v 1303.129891 -90.106189 210.061599
v 1308.151437 -89.724759 214.911195
v 1311.484968 -93.757812 221.096216
v 1315.231811 -92.741684 226.153186
v 1317.914907 -88.834445 231.883730
v 1319.387300 -83.998300 237.327266
v 1322.494123 -80.306897 242.962284
v 1327.213990 -80.357287 248.651398
v 1330.569300 -84.369665 253.588681
v 1333.129809 -89.829629 257.825896
v 1336.587955 -94.090073 262.959925
v 1340.479615 -95.707365 269.100627
v 1343.900403 -95.842621 275.457390
v 1346.959752 -95.284982 281.849010
v 1350.248195 -94.748686 288.277931
v 1241.486884 -181.866472 58.135045
v 1235.356598 -179.646107 61.054931
v 1232.916682 -174.893318 65.680459
v 1233.387613 -169.407925 70.049934
v 1234.544630 -163.873555 74.256270
v 1234.653900 -158.283697 78.509054
v 1234.216159 -152.716793 82.705971
v 1234.407477 -147.174410 86.904116
v 1235.790123 -141.862032 91.146425
v 1237.977360 -136.865381 95.414987
v 1240.061666 -131.811591 99.673608
v 1241.176762 -126.387916 103.847214
v 1241.588430 -120.792415 107.937271
v 1243.082191 -115.493644 112.222995
v 1246.559303 -111.571463 116.863834
v 1250.996156 -108.893005 121.603581
v 1255.410762 -106.186064 126.382443
v 1258.764802 -101.945378 130.887071
v 1259.564783 -96.077815 134.680147
v 1262.158411 -90.884296 138.975405
v 1267.234749 -92.148473 143.910133
v 1269.538021 -97.587778 147.806005
v 1274.566131 -97.464247 152.329017
v 1276.236024 -91.387050 154.896530
v 1280.790299 -88.429968 158.478586
v 1280.282559 -95.525525 159.155569
v 1283.991569 -90.050027 162.475396
v 1287.745319 -85.045867 166.082280
v 1292.317122 -83.223231 171.500505
v 1296.686031 -82.941714 177.312183
v 1300.221536 -84.098063 183.400512
v 1304.819105 -83.206817 189.050054
v 1307.788979 -78.640953 193.916679
v 1310.650103 -74.697809 198.986463
v 1311.653395 -80.500252 202.937373
v 1306.105532 -85.126322 202.067830
v 1307.689460 -90.902693 205.255057
v 1312.338020 -90.616648 210.853758
v 1316.652448 -94.398487 216.258898
v 1319.265638 -89.310782 221.842346
v 1320.153596 -84.580597 227.339853
v 1322.840280 -80.613402 232.970298
v 1327.577956 -79.548890 238.695885
v 1331.868247 -81.944342 244.083360
v 1335.355359 -85.522293 249.279250
v 1338.260371 -89.982442 254.222278
v 1341.969396 -92.215169 260.001301
v 1345.294134 -92.065985 266.341187
v 1348.711071 -91.965894 272.684844
v 1352.488577 -93.060327 278.840038
v 1355.931861 -95.380563 284.803609
v 1241.295148 -177.245279 53.361452
v 1234.877187 -175.243247 56.051012
v 1231.754830 -170.621794 60.417224
v 1232.667968 -165.134560 64.718211
v 1234.297379 -159.695937 68.863272
v 1234.757382 -154.105123 73.047601
v 1234.960524 -148.517327 77.193437
v 1235.880858 -143.077074 81.375172
v 1237.836929 -138.005112 85.623999
v 1240.165558 -133.113129 89.876428
v 1241.931476 -127.946659 94.084490
v 1242.727520 -122.492239 98.214678
v 1243.749985 -117.071402 102.408660
v 1246.324983 -112.375933 106.887945
v 1250.240441 -108.964675 111.589362
v 1254.756694 -106.416665 116.330842
v 1259.240262 -103.925601 121.103011
v 1261.831271 -99.056384 125.411789
v 1262.471055 -93.129237 129.278649
v 1267.039891 -90.232999 134.150429
v 1271.353243 -93.885800 138.623027
v 1273.727338 -99.185345 142.546377
v 1278.826930 -97.067652 146.835543
v 1279.443502 -90.283309 148.773385
v 1284.880493 -89.240825 152.878892
v 1284.346639 -96.158307 154.778828
v 1288.456255 -91.216409 158.343333
v 1292.736834 -87.727480 162.612578
v 1296.853919 -86.459191 168.248995
v 1300.983449 -87.018579 174.111418
v 1305.632995 -85.517525 179.607026
v 1309.129469 -81.401701 184.546763
v 1312.220513 -76.848306 189.259413
v 1316.418700 -76.471114 195.162653
v 1314.869729 -83.014045 197.593136
v 1309.567265 -87.395160 196.286661
v 1312.672410 -91.346524 200.840895
v 1316.872769 -90.847097 206.464607
v 1321.257994 -88.728110 210.942648
v 1321.502379 -84.845811 217.451585
v 1323.295107 -80.530443 222.945561
v 1327.765561 -78.993683 228.749475
v 1332.301520 -81.133210 234.248404
v 1335.767036 -84.792056 239.509759
v 1339.419641 -88.189495 244.802564
v 1343.458317 -90.703017 250.422979
v 1347.337442 -90.941496 256.654123
v 1350.858826 -91.214061 262.989154
v 1354.327046 -91.694372 269.248067
v 1357.771176 -94.245770 274.970977
v 1361.219060 -96.555294 280.846871
v 1241.093869 -172.520282 48.802228
v 1234.309720 -171.075121 50.967350
v 1231.060128 -166.318030 55.100185
v 1232.789595 -160.938868 59.290042
v 1234.780775 -155.618165 63.411064
v 1235.639400 -150.037468 67.554600
v 1236.459392 -144.498992 71.678967
v 1237.934897 -139.200230 75.853143
v 1240.174170 -134.279365 80.088240
v 1242.137962 -129.226939 84.284649
v 1243.521626 -123.979328 88.442879
v 1244.529644 -118.611381 92.602592
v 1246.587881 -113.645027 96.960217
v 1249.974263 -109.689100 101.567108
v 1254.093013 -106.604989 106.295194
v 1258.628854 -104.152857 111.038006
v 1263.156252 -101.553673 115.824964
v 1264.204736 -95.846034 119.822018
v 1266.297066 -90.609387 124.157505
v 1271.553481 -90.452835 129.168539
v 1274.901525 -95.351541 133.183496
v 1279.010559 -100.491241 137.746788
v 1282.183116 -95.954765 140.583681
v 1283.287880 -89.355020 143.026239
v 1288.492376 -91.084401 147.506199
v 1288.841552 -97.349085 150.903477
v 1293.543922 -95.163456 155.963564
v 1297.563474 -90.361411 159.398214
v 1301.930133 -87.822090 164.319177
v 1305.947319 -86.168321 169.809999
v 1309.757546 -83.052989 174.820215
v 1313.628880 -80.318449 180.025787
v 1317.777402 -77.602532 185.304523
v 1321.360837 -79.050685 191.306215
v 1318.701359 -85.454062 192.678817
v 1313.988161 -90.450155 191.304606
v 1317.907006 -91.379512 196.909901
v 1321.821528 -89.350937 202.266314
v 1324.193782 -85.439714 207.876737
v 1324.218191 -80.353957 212.792997
v 1328.097145 -78.079892 218.634434
v 1332.610618 -79.978384 224.404784
v 1335.993858 -84.040558 229.694185
v 1340.111789 -87.064911 235.110150
v 1344.595102 -88.945226 240.833387
v 1348.867336 -89.659005 247.019264
v 1352.634071 -89.437350 253.434905
v 1356.188273 -89.487264 259.823737
v 1359.818963 -90.332394 266.069616
v 1363.458515 -92.860938 271.773287
v 1366.935645 -95.758038 277.513553
v 1240.703526 -167.842750 44.274637
v 1233.584749 -167.198621 45.736741
v 1230.905443 -162.002342 49.739758
v 1233.568778 -156.914118 53.799330
v 1235.850187 -151.696864 57.918590
v 1237.228264 -146.191817 62.060747
v 1238.376171 -140.663941 66.155223
v 1240.199970 -135.463554 70.314743
v 1242.462079 -130.519656 74.506175
v 1243.963771 -125.289997 78.644072
v 1245.177451 -119.994680 82.777923
v 1247.095183 -114.988100 87.058376
v 1250.007867 -110.668530 91.556672
v 1253.753784 -107.192593 96.230384
v 1258.042228 -104.425949 101.009315
v 1262.909230 -102.628874 105.832692
v 1266.553560 -98.666438 110.532078
v 1266.978885 -92.754400 114.408225
v 1270.756989 -89.017129 119.180194
v 1275.705977 -90.937775 124.137020
v 1278.747859 -96.489766 127.688994
v 1283.028401 -101.523933 131.241242
v 1285.506398 -94.996556 134.652305
v 1288.072844 -89.165762 138.074967
v 1290.850336 -94.407844 141.926155
v 1293.677236 -98.374528 146.507830
v 1298.403795 -96.843840 151.894999
v 1302.342547 -91.591747 155.246985
v 1306.969251 -89.281315 160.531596
v 1311.044923 -88.142635 166.529949
v 1314.842676 -86.680153 172.408321
v 1318.735295 -84.433783 177.918887
v 1322.833763 -79.608050 181.527625
v 1326.132023 -82.157394 187.120374
v 1321.457063 -87.179305 186.523508
v 1319.469659 -93.649631 186.909327
v 1323.392889 -91.766688 192.881475
v 1326.084913 -87.602526 198.594060
v 1326.122893 -81.549429 202.889027
v 1329.028838 -77.826629 208.377542
v 1333.015245 -78.544754 214.403058
v 1336.601839 -82.365151 219.949776
v 1341.131709 -84.464190 225.713079
v 1345.421562 -85.183239 231.751441
v 1349.373869 -85.561686 238.011152
v 1353.054445 -85.459885 244.461342
v 1356.943442 -85.507846 250.822918
v 1361.147295 -86.460569 257.019210
v 1365.257500 -88.748614 262.880282
v 1368.923620 -92.228781 268.266200
v 1372.512853 -95.537321 273.742388
v 1240.053234 -163.113054 39.818077
v 1232.800546 -163.456279 40.359058
v 1231.303371 -157.778307 44.311910
v 1234.617757 -153.000035 48.273007
v 1237.204290 -147.905486 52.399992
v 1239.165788 -142.554244 56.557828
v 1240.450440 -136.985291 60.607861
v 1242.425432 -131.764592 64.731620
v 1244.599483 -126.725847 68.884344
v 1245.962510 -121.436055 72.989619
v 1247.684401 -116.305707 77.175006
v 1250.183578 -111.677096 81.551699
v 1253.576918 -107.835783 86.148504
v 1257.557995 -104.718290 90.901532
v 1262.010436 -102.285884 95.770208
v 1266.741971 -100.289158 100.645532
v 1269.558352 -95.694697 105.184915
v 1270.467787 -89.832190 109.147935
v 1275.416243 -88.730158 114.283646
v 1279.942722 -91.549089 119.049638
v 1282.209815 -96.965415 121.497019
v 1287.018922 -98.484604 124.682459
v 1288.776510 -92.804212 129.233789
v 1293.296415 -89.732347 133.917258
v 1295.526902 -95.476510 137.504670
v 1298.806875 -98.925823 142.177302
v 1303.310770 -97.931537 147.678638
v 1307.479418 -93.945197 151.817794
v 1311.364007 -92.579928 157.723052
v 1315.676682 -91.701189 163.955923
v 1319.936744 -89.702420 169.558515
v 1324.089586 -86.249409 174.118566
v 1327.737713 -80.991023 177.564196
v 1330.092760 -85.622930 182.492532
v 1324.513413 -89.744284 181.061989
v 1325.342270 -95.622184 184.748562
v 1327.933669 -91.070186 189.781091
v 1328.655964 -84.699593 193.611648
v 1330.653393 -79.455519 198.320694
v 1334.600382 -78.111370 204.482436
v 1338.079050 -79.289442 210.691123
v 1341.682873 -80.090777 216.837389
v 1345.288869 -80.080438 223.154053
v 1349.258852 -80.510665 229.453682
v 1353.626324 -81.311892 235.551975
v 1358.046318 -82.543658 241.490174
v 1362.294238 -84.351087 247.426597
v 1366.319732 -86.740433 253.277279
v 1370.111348 -89.740962 258.821154
v 1373.890083 -93.081944 264.123830
v 1377.934096 -95.503512 269.641833
v 1239.288693 -158.226831 35.869201
v 1232.304871 -159.563306 34.857935
v 1232.238037 -153.765924 38.769204
v 1235.630716 -149.060331 42.742820
v 1238.582470 -144.145487 46.869104
v 1241.174067 -139.066527 51.025109
v 1242.535497 -133.409871 54.997445
v 1244.652408 -128.144798 59.085896
v 1246.880653 -123.044787 63.270223
v 1248.427843 -117.770602 67.348452
v 1250.547081 -112.820864 71.587367
v 1253.607735 -108.626059 76.070439
v 1257.294443 -105.137895 80.769741
v 1261.452958 -102.337697 85.628175
v 1265.966644 -100.138229 90.562853
v 1270.641955 -98.129631 95.538734
v 1272.775246 -92.930541 99.808573
v 1275.539168 -88.217100 104.234921
v 1279.420982 -91.088007 109.193238
v 1284.316038 -91.844799 113.688056
v 1286.754906 -97.653913 115.832034
v 1291.319437 -95.737453 120.482228
v 1292.623051 -90.227706 124.520960
v 1297.998921 -90.576783 129.430359
v 1300.580110 -96.149992 133.234874
v 1304.265343 -99.629909 138.074027
v 1308.383619 -99.006322 143.674983
v 1312.813193 -96.819324 148.681205
v 1316.364618 -93.588782 154.267659
v 1320.829518 -92.210160 160.028155
v 1325.181190 -91.453264 165.716190
v 1329.193960 -87.608554 170.347726
v 1333.003741 -82.199366 174.130174
v 1333.279844 -88.571608 177.365940
v 1327.771637 -93.410135 176.688609
v 1331.311960 -96.291390 182.428216
v 1332.659877 -89.965329 185.992949
v 1333.070311 -83.288535 189.122875
v 1336.438234 -79.869014 194.617593
v 1339.345718 -81.426625 201.121472
v 1341.862397 -83.691847 207.595599
v 1345.480921 -84.106501 214.064047
v 1349.460541 -83.729119 220.130148
v 1353.190134 -84.387111 226.128864
v 1357.244966 -85.384704 232.009401
v 1361.411325 -86.775427 237.870701
v 1365.870317 -88.124832 243.548860
v 1370.407454 -89.631089 249.081143
v 1374.797253 -91.429572 254.550481
v 1379.165994 -92.919054 260.117589
v 1383.424077 -94.492008 265.660184
v 1239.194668 -154.114502 31.724292
v 1232.713040 -155.628920 29.241732
v 1233.704357 -149.941265 33.111255
v 1236.841705 -145.168435 37.211522
v 1240.296949 -140.557505 41.348645
v 1243.336794 -135.711165 45.480865
v 1245.634064 -130.453122 49.598138
v 1247.682371 -125.043746 53.617622
v 1249.387532 -119.581628 57.623943
v 1250.991008 -114.201847 61.683617
v 1253.813424 -109.655530 66.035714
v 1257.257309 -105.776043 70.635262
v 1261.384030 -102.890514 75.462043
v 1265.736572 -100.521873 80.424127
v 1270.297841 -98.723097 85.490895
v 1274.672217 -96.185692 90.515678
v 1276.997867 -90.940503 94.658685
v 1281.195763 -88.522461 99.688708
v 1283.281300 -93.632853 104.033286
v 1288.433000 -91.822036 108.205905
v 1292.095359 -96.827809 111.066379
v 1293.447485 -91.598336 114.992160
v 1297.570639 -88.453573 119.851406
v 1301.903645 -92.106619 124.535111
v 1305.298616 -96.892547 128.933103
v 1309.745063 -99.363889 133.997179
v 1313.862783 -98.333967 139.461277
v 1317.178999 -94.923247 144.615993
v 1321.299016 -93.174914 150.171336
v 1325.735363 -93.211986 155.878874
v 1330.362972 -91.423631 161.315302
v 1332.865589 -86.130796 165.400889
v 1338.155200 -84.264815 170.307735
v 1334.640325 -90.375433 171.079666
v 1332.141027 -97.050215 172.707420
v 1336.342103 -95.260437 178.243055
v 1336.858364 -88.586325 181.371042
v 1338.478842 -82.638511 185.061886
v 1341.754627 -82.115479 191.382168
v 1344.288936 -84.321743 197.989315
v 1347.385505 -85.165771 204.488805
v 1350.528397 -86.105346 210.660825
v 1353.721057 -87.913786 216.863836
v 1358.091294 -85.726435 222.059667
v 1362.116005 -86.795185 227.914311
v 1366.444940 -87.362188 233.757618
v 1370.659780 -89.262421 239.362515
v 1375.022237 -91.322703 244.849728
v 1379.661688 -92.534258 250.339631
v 1384.291731 -92.565450 255.966254
v 1388.744627 -93.754278 261.510319
v 1240.887260 -151.212945 26.949027
v 1234.580634 -152.230523 23.628906
v 1236.006652 -146.519788 27.435873
v 1239.355718 -141.897539 31.685805
v 1242.960743 -137.620516 35.830289
v 1245.662948 -132.502441 39.921876
v 1248.654256 -127.633251 44.163673
v 1251.004091 -122.255134 48.173059
v 1252.413663 -116.523518 51.953553
v 1254.474499 -111.315173 56.039553
v 1257.612173 -107.024271 60.522537
v 1261.650378 -103.816216 65.311125
v 1265.935793 -101.317792 70.296751
v 1270.384902 -99.332639 75.403100
v 1275.011930 -98.052148 80.654151
v 1278.953425 -94.683419 85.558403
v 1281.996398 -89.972296 89.841685
v 1286.459518 -90.040827 95.233831
v 1287.749188 -95.655531 99.157373
v 1292.164163 -91.761450 102.744469
v 1296.870285 -95.301541 106.434263
v 1297.262323 -88.974692 109.931932
v 1302.370724 -89.473784 115.253023
v 1305.255155 -94.266668 119.726604
v 1309.967327 -97.298236 124.542550
v 1314.774268 -98.172397 129.684247
v 1319.072590 -97.041801 135.085311
v 1321.932329 -92.952337 140.389831
v 1326.428485 -93.341930 145.974495
v 1330.477178 -92.212204 151.448150
v 1334.158560 -88.993372 156.275022
v 1336.958012 -84.297192 160.846522
v 1341.970024 -87.210375 165.615703
v 1336.561813 -92.243059 165.258154
v 1337.718106 -98.140550 168.803454
v 1340.709204 -93.889434 173.585426
v 1341.263014 -87.088140 176.442523
v 1344.532421 -83.348817 181.861600
v 1347.160499 -83.410164 188.595340
v 1350.146178 -83.292343 195.286291
v 1353.135758 -82.933224 201.716480
v 1356.389396 -85.542393 207.700126
v 1358.935526 -89.477261 213.047719
v 1363.006548 -86.538376 217.870878
v 1367.234095 -86.116858 223.999267
v 1371.182773 -88.444104 229.473468
v 1375.167276 -90.440681 235.087830
v 1379.985364 -91.420904 240.737532
v 1384.650392 -91.748154 246.157639
v 1389.293913 -91.924094 251.707818
v 1393.961993 -93.293659 257.052788
v 1243.685109 -148.986500 21.957332
v 1237.474433 -149.497901 18.205439
v 1239.260828 -143.807251 21.850148
v 1242.790696 -139.443005 26.159824
v 1246.428132 -135.292080 30.436722
v 1249.638270 -130.610313 34.719828
v 1252.257050 -125.360369 38.799018
v 1254.557510 -119.890997 42.753292
v 1256.337811 -114.119635 46.379295
v 1259.001623 -109.293920 50.556943
v 1262.463436 -105.529470 55.250800
v 1266.519430 -102.685434 60.236125
v 1270.869673 -100.434081 65.354047
v 1275.358074 -98.874228 70.653433
v 1279.801647 -97.333805 75.972862
v 1283.724028 -94.047333 80.879234
v 1287.252859 -89.867828 85.285040
v 1291.274391 -91.904617 90.594951
v 1292.962552 -97.323302 94.670883
v 1295.920041 -91.898086 97.342976
v 1300.959998 -93.127350 101.585592
v 1302.960163 -87.894828 106.001557
v 1304.780776 -93.422320 110.143039
v 1308.865365 -96.375834 115.054450
v 1314.487357 -96.784997 119.999957
v 1319.281201 -96.502242 125.104932
v 1322.840749 -93.539354 130.592021
v 1327.040964 -91.639092 136.127590
v 1331.523740 -93.442342 141.650189
v 1335.590630 -92.089369 147.101388
v 1339.389738 -89.052024 152.360351
v 1341.843465 -83.326939 156.856418
v 1344.570283 -89.138963 160.136758
v 1339.757917 -94.798974 159.986355
v 1342.943242 -98.405156 164.880674
v 1344.717590 -92.420452 168.458670
v 1347.387520 -87.415609 173.157013
v 1349.914015 -86.856934 179.864894
v 1352.857223 -85.681240 186.268520
v 1355.735726 -82.868444 192.289226
v 1359.098418 -83.109083 198.552623
v 1361.065302 -87.735025 203.567503
v 1364.063992 -91.112657 209.091834
v 1368.058933 -88.580073 214.305877
v 1372.241966 -85.931414 220.002391
v 1375.978514 -89.397910 225.065107
v 1380.110149 -89.783888 230.761131
v 1384.775566 -89.392743 236.597319
v 1389.394816 -89.699769 242.125745
v 1394.223519 -90.781457 247.396564
v 1398.924386 -93.422302 252.198459
v 1246.933628 -147.130934 17.177555
v 1241.070084 -147.448537 12.920991
v 1243.286232 -141.894863 16.416574
v 1246.444625 -137.151559 20.695236
v 1250.189853 -133.241301 25.156540
v 1253.298020 -128.489618 29.418049
v 1256.223643 -123.538411 33.590318
v 1258.729121 -118.176306 37.476443
v 1261.078284 -112.626105 41.079198
v 1264.090385 -108.187478 45.435604
v 1267.858534 -104.913106 50.302192
v 1271.808223 -102.191580 55.426310
v 1276.166909 -100.200831 60.720323
v 1280.531141 -98.682197 66.140754
v 1284.888407 -97.107955 71.526862
v 1289.023364 -94.710081 76.718807
v 1292.642250 -90.475893 80.853485
v 1295.546559 -94.408955 85.635257
v 1298.565038 -97.980221 90.331128
v 1300.070036 -91.292585 91.995290
v 1304.690943 -89.597806 96.999625
v 1309.076232 -89.059096 102.394077
v 1308.271194 -95.749810 105.256390
v 1313.138215 -96.303092 110.292876
v 1317.931842 -94.296962 115.433667
v 1322.740547 -92.887407 120.643263
v 1327.268490 -91.894429 126.044476
v 1331.754991 -91.690369 131.782510
v 1336.506462 -93.718199 137.227837
v 1340.818438 -91.370242 142.626337
v 1342.071120 -85.967952 147.447545
v 1346.800457 -83.345401 152.564004
v 1346.334839 -90.249426 154.230478
v 1344.224972 -97.196072 155.274224
v 1348.274186 -98.221324 161.102563
v 1350.568579 -93.585220 165.983899
v 1353.319123 -90.368862 171.584313
v 1356.136114 -87.748816 177.278289
v 1357.911648 -83.431687 182.830845
v 1361.126728 -81.467665 188.994443
v 1364.592698 -84.409047 194.917473
v 1365.348264 -90.209290 199.280723
v 1369.489547 -91.599332 205.019768
v 1372.830895 -87.699736 210.177364
v 1377.106400 -85.730662 215.796861
v 1381.102675 -89.187290 220.944487
v 1385.193272 -88.561261 226.747681
v 1389.581788 -87.719329 232.533779
v 1394.175697 -87.411774 238.149780
v 1398.986708 -90.511547 242.761146
v 1403.165931 -94.483567 246.867672
v 1250.758078 -146.469523 13.090360
v 1245.665260 -146.414186 8.020151
v 1248.221823 -141.084422 11.480864
v 1251.204965 -136.294363 15.718444
v 1254.660316 -132.018294 20.256246
v 1257.842654 -127.345768 24.510770
v 1260.973597 -122.649516 28.760891
v 1263.706695 -117.403444 32.594075
v 1266.525285 -112.399557 36.487040
v 1269.752632 -108.009010 40.663608
v 1273.434484 -104.976516 45.745693
v 1277.458142 -102.319409 50.919585
v 1281.584814 -100.230259 56.343204
v 1285.814163 -98.476281 61.839739
v 1290.154289 -97.043231 67.228443
v 1294.418085 -95.620333 72.508599
v 1298.021870 -91.307299 76.594426
v 1300.299113 -96.355442 80.812935
v 1304.226127 -98.047399 86.230843
v 1305.785534 -91.707041 87.983311
v 1308.450063 -94.230111 94.106412
v 1313.551935 -91.778417 98.025046
v 1312.397906 -97.733490 100.613182
v 1317.305808 -97.146613 105.685776
v 1322.157454 -96.671712 111.326829
v 1326.672620 -96.585191 117.115642
v 1331.585801 -95.650882 122.486178
v 1336.094418 -92.698760 127.137469
v 1341.068387 -91.802637 132.419845
v 1343.848502 -87.958434 137.946017
v 1345.287737 -82.809652 142.950412
v 1350.877688 -84.839814 147.413534
v 1347.533576 -91.452192 147.782734
v 1349.754789 -97.515216 151.248454
v 1353.653538 -97.118285 157.320700
v 1356.135924 -92.820212 162.575648
v 1357.471527 -87.555640 167.488165
v 1359.627832 -83.611550 172.995517
v 1362.756143 -81.020796 179.113916
v 1366.642908 -82.135768 185.531467
v 1368.129934 -87.400816 190.301356
v 1370.311088 -92.031084 195.053914
v 1374.422246 -90.794041 200.885568
v 1377.644966 -86.693627 205.804817
v 1381.889112 -86.135481 211.546855
v 1386.295604 -88.116231 216.971944
v 1390.191867 -86.716969 222.806519
v 1394.266877 -85.337942 228.557198
v 1399.123082 -87.490195 233.574034
v 1401.635702 -93.259677 237.189913
v 1405.689623 -97.457450 241.276630
v 1255.101160 -147.708470 10.050855
v 1251.367548 -147.023906 4.232809
v 1253.928961 -141.498144 7.499941
v 1257.078674 -137.179806 12.066813
v 1260.191486 -132.438208 16.254283
v 1263.278175 -127.540598 20.294559
v 1266.343910 -122.756934 24.445763
v 1269.283329 -117.732599 28.314003
v 1272.217327 -112.743550 32.089592
v 1275.568884 -108.655117 36.460122
v 1279.190041 -105.528257 41.450438
v 1283.170482 -103.006660 46.717740
v 1287.135938 -100.617509 52.062377
v 1291.218279 -98.454801 57.471554
v 1295.486149 -97.034203 62.765118
v 1299.792735 -96.148174 68.146306
v 1303.359864 -92.036578 72.492246
v 1305.665922 -97.273088 76.395753
v 1309.710890 -97.768555 81.970056
v 1312.247051 -92.501502 85.441460
v 1312.952813 -97.616468 90.070249
v 1317.597853 -93.665472 93.541500
v 1316.915592 -99.742307 95.944553
v 1321.647161 -98.693035 101.718305
v 1326.531989 -97.882648 107.174203
v 1331.316823 -96.111753 112.518633
v 1334.578114 -92.110143 117.470023
v 1338.468447 -89.303770 122.940589
v 1342.335231 -86.720241 128.206205
v 1345.872926 -83.535462 133.220280
v 1350.043893 -80.719106 138.431250
v 1353.550369 -86.286098 141.865355
v 1351.110956 -93.083616 142.531123
v 1354.757782 -96.988427 147.366806
v 1358.452501 -94.928009 153.332059
v 1359.677439 -89.560513 158.112567
v 1362.117129 -85.222826 163.474715
v 1365.221915 -82.559873 169.550034
v 1368.433419 -81.486304 175.881575
v 1371.251664 -84.046912 181.879999
v 1372.232126 -90.065396 185.602993
v 1375.840764 -92.287076 191.280550
v 1379.761749 -91.262964 197.277895
v 1382.937351 -86.862633 201.825683
v 1386.999931 -85.862075 207.457910
v 1391.002391 -84.964981 213.108893
v 1395.163018 -84.979004 218.721388
v 1399.379907 -84.307410 224.372195
v 1403.085431 -88.860718 228.541236
v 1406.172322 -94.234670 232.176003
v 1410.467795 -96.503517 237.366254
v 1259.737075 -150.719587 8.223138
v 1257.150746 -148.548631 1.463683
v 1259.977921 -142.874230 4.367231
v 1263.047975 -138.636641 8.982920
v 1266.067635 -133.787587 13.028116
v 1269.106893 -128.781490 16.901574
v 1272.175829 -124.024764 21.001111
v 1275.249423 -119.286830 24.978852
v 1278.224152 -114.088477 28.286372
v 1281.494258 -110.005258 32.632029
v 1285.155339 -106.728506 37.482498
v 1289.051572 -103.995593 42.740152
v 1292.816067 -101.397611 48.022936
v 1296.780372 -98.929895 53.091903
v 1300.933018 -97.204509 58.381416
v 1305.145615 -96.249677 63.762124
v 1308.704121 -92.500768 68.283604
v 1311.304157 -97.532925 72.136751
v 1315.222481 -97.416147 77.866736
v 1318.681089 -94.106911 82.841313
v 1318.317621 -99.896962 85.377510
v 1321.255688 -94.220441 89.336312
v 1322.884167 -101.210360 91.508854
v 1327.009263 -101.274715 97.315719
v 1331.340682 -97.593857 102.785575
v 1335.343259 -93.951669 107.658456
v 1339.510367 -91.352134 113.187183
v 1343.532725 -90.415270 119.131375
v 1347.538931 -87.739873 124.390030
v 1350.685850 -82.969494 128.645738
v 1354.958177 -80.748629 133.765771
v 1355.812511 -87.545933 135.810693
v 1356.161450 -94.360179 137.779830
v 1359.375392 -96.287064 143.675143
v 1362.201822 -91.539256 148.883720
v 1365.338167 -88.490919 154.704304
v 1368.250734 -86.314577 160.914144
v 1370.989696 -84.569744 167.059149
v 1374.311897 -82.283820 172.898876
v 1377.023361 -84.132236 179.357378
v 1377.824352 -90.827355 181.687859
v 1381.523155 -90.702029 187.549554
v 1385.343884 -91.067345 193.303634
v 1388.304875 -86.697183 197.864460
v 1391.858487 -83.779853 203.304449
v 1395.908378 -82.805907 209.059220
v 1400.310465 -83.991892 214.563709
v 1404.516201 -83.802844 220.267587
v 1407.900271 -88.703544 224.178210
v 1411.789120 -92.811666 228.659292
v 1415.678559 -94.101077 234.618613
v 1265.091043 -151.749123 5.774164
v 1263.065763 -150.644077 -0.815141
v 1266.135665 -145.225021 2.035565
v 1269.144164 -140.684977 6.477943
v 1272.124483 -136.218507 10.947361
v 1275.133114 -131.640823 15.217828
v 1278.222746 -126.718102 18.950919
v 1281.291916 -121.613200 22.347070
v 1284.348888 -116.357138 25.351996
v 1287.627523 -111.891970 29.136974
v 1291.111082 -108.441987 33.930905
v 1294.842179 -105.519262 39.007150
v 1298.579515 -102.486877 43.979499
v 1302.410438 -99.837830 48.891647
v 1306.437928 -97.745155 54.073443
v 1310.611486 -96.632953 59.528126
v 1314.091075 -92.705408 63.968244
v 1316.995487 -97.368575 68.102329
v 1320.833169 -97.141079 74.001525
v 1324.625633 -95.790871 79.697762
v 1325.012506 -101.550585 83.171672
v 1325.957961 -94.433567 84.720374
v 1328.254949 -100.142679 87.332425
v 1332.366187 -101.503388 93.425358
v 1336.781223 -98.366098 98.905673
v 1340.683032 -95.957486 104.418803
v 1344.698036 -94.406455 110.137539
v 1348.832933 -92.314566 115.717396
v 1352.516900 -87.813263 120.159109
v 1355.557167 -82.694995 124.043484
v 1359.719486 -81.109868 129.486185
v 1360.169402 -88.353847 130.879396
v 1362.274185 -94.016684 134.776783
v 1364.703643 -96.773434 141.161114
v 1367.261242 -95.625955 148.178035
v 1369.712859 -93.633402 154.533200
v 1372.825752 -91.375612 160.463546
v 1376.146440 -88.952203 166.089383
v 1379.934518 -84.564845 170.120354
v 1383.009342 -84.247839 176.464572
v 1383.289739 -91.054975 177.859125
v 1387.105703 -90.057164 183.551795
v 1390.890705 -91.081122 189.500723
v 1393.632488 -86.142128 193.809563
v 1397.084669 -82.871174 199.213794
v 1401.101957 -81.717504 205.025296
v 1405.416060 -82.942583 210.518750
v 1409.741417 -83.242946 216.214614
v 1413.200184 -87.734349 220.455304
v 1417.016975 -89.831390 225.983048
v 1421.211289 -92.862945 231.045750
v 1270.136707 -154.563441 4.798528
v 1269.071249 -153.692158 -2.136906
v 1272.215784 -148.091209 0.383574
v 1275.217415 -143.585174 4.928936
v 1278.002498 -139.725760 10.069759
v 1281.154989 -134.630333 13.560300
v 1284.278512 -129.349033 16.618808
v 1287.367893 -124.205587 19.785651
v 1290.479394 -118.948630 22.653921
v 1293.707967 -114.222552 26.120082
v 1297.110672 -110.591236 30.640764
v 1300.670272 -107.348619 35.470137
v 1304.295438 -103.704902 39.908790
v 1308.113929 -100.935191 44.760538
v 1312.003957 -98.912508 50.005165
v 1316.024706 -96.702899 55.177080
v 1319.511542 -92.897041 59.631774
v 1322.628777 -97.098863 64.250728
v 1326.399115 -97.210883 70.286310
v 1330.207272 -97.708963 76.553481
v 1333.249374 -101.070326 82.788429
v 1331.460243 -93.992434 80.682517
v 1334.974193 -96.878459 85.675600
v 1338.408199 -101.336031 89.475604
v 1342.179409 -98.990832 95.108104
v 1346.126778 -96.936930 100.680575
v 1350.145050 -95.740356 106.494536
v 1354.108214 -92.918843 111.846982
v 1357.628854 -88.110196 116.086936
v 1361.110521 -83.305320 120.036060
v 1364.718786 -81.474682 125.556855
v 1366.709877 -87.267434 129.308939
v 1368.158409 -90.158840 135.202554
v 1370.308100 -95.794959 138.967561
v 1372.899697 -95.009997 145.517870
v 1375.782803 -93.686280 151.776116
v 1378.908958 -92.515634 157.695882
v 1382.032811 -91.843699 163.811968
v 1385.443596 -86.858621 167.343616
v 1388.899409 -84.527556 173.026287
v 1388.806896 -91.311081 173.910939
v 1392.432212 -92.124891 179.671125
v 1396.365975 -91.114513 185.649046
v 1399.292581 -86.512572 190.306647
v 1402.667972 -83.014663 195.440654
v 1406.424424 -80.790635 201.023366
v 1410.668049 -81.914049 206.542534
v 1414.873505 -83.101566 212.056094
v 1418.635699 -86.999461 216.703917
v 1422.332014 -87.688652 222.808546
v 1425.953713 -92.739569 226.572466
v 1275.198158 -158.315640 4.190738
v 1274.852431 -157.097238 -2.767880
v 1278.175044 -151.369455 -0.701332
v 1281.018586 -147.255677 4.226749
v 1283.940560 -143.133143 9.034808
v 1287.180503 -137.606351 11.728735
v 1290.365343 -132.246888 14.512021
v 1293.483592 -127.191633 17.762564
v 1296.591529 -121.758090 20.161163
v 1299.822010 -116.856567 23.233515
v 1303.114870 -113.233352 27.799861
v 1306.601615 -109.323032 32.117501
v 1310.058510 -104.927631 35.836452
v 1313.850867 -102.432894 40.854679
v 1317.675270 -100.154573 46.145544
v 1321.277192 -96.361671 50.520309
v 1325.032759 -93.333787 55.340972
v 1328.181071 -96.613679 60.609426
v 1331.986694 -96.846698 66.736593
v 1335.418566 -98.807095 72.885477
v 1339.368045 -99.050502 78.973146
v 1337.140461 -93.008857 77.256784
v 1340.847629 -95.264317 82.460428
v 1343.646267 -100.397961 85.376755
v 1347.878153 -98.987264 91.188595
v 1351.687496 -97.356147 96.867132
v 1355.549148 -96.295082 102.689552
v 1359.208068 -92.831368 107.721821
v 1363.068276 -88.983513 112.459016
v 1366.910088 -84.876360 116.821627
v 1370.639470 -82.278116 122.334014
v 1372.936384 -84.163089 129.167029
v 1374.718196 -88.284110 134.462871
v 1375.804915 -95.197276 136.312062
v 1378.656569 -95.770310 142.852956
v 1381.765504 -93.618627 148.518592
v 1385.007058 -93.064933 154.549293
v 1388.127885 -93.608453 160.617074
v 1391.142977 -88.561186 164.277120
v 1394.468739 -84.785494 169.100393
v 1394.411665 -91.590888 169.954546
v 1397.881984 -92.865969 175.890443
v 1401.579054 -90.282923 181.522066
v 1405.032054 -86.956643 186.697794
v 1408.160446 -82.868158 191.665366
v 1411.797705 -79.906192 197.059326
v 1416.065740 -80.112317 202.813208
v 1420.202855 -82.523249 208.130124
v 1424.152315 -84.253556 213.754600
v 1427.872431 -86.629932 219.228526
v 1430.156102 -92.770115 222.458607
v 1280.590215 -162.233471 3.584085
v 1280.533634 -160.627463 -3.267897
v 1283.990572 -154.885428 -1.541188
v 1286.867995 -150.844470 3.368129
v 1289.948307 -146.329840 7.637141
v 1293.195365 -140.673888 9.889197
v 1296.451751 -135.370449 12.725166
v 1299.623960 -130.375449 16.077565
v 1302.663839 -124.580600 17.518102
v 1305.956741 -119.919573 20.864024
v 1309.111096 -116.355468 25.596229
v 1312.458729 -111.306713 28.663819
v 1315.904842 -106.660998 31.975964
v 1319.559082 -104.584331 37.345758
v 1323.359766 -101.417342 42.266322
v 1326.696585 -96.615788 46.030599
v 1330.578011 -94.264861 51.266706
v 1333.567067 -97.247042 56.918709
v 1336.520535 -98.420744 62.940926
v 1340.577097 -100.410723 69.532877
v 1344.779503 -98.113560 74.364201
v 1343.028435 -91.597220 73.678012
v 1346.753712 -94.152628 78.596010
v 1349.366431 -99.623447 81.485456
v 1353.348338 -99.546375 87.402853
v 1357.380477 -97.976398 93.178158
v 1361.242553 -96.314994 98.884470
v 1364.740997 -93.103684 104.037266
v 1368.657362 -91.467385 109.858858
v 1372.545549 -88.042089 114.700804
v 1375.978942 -85.757766 120.352250
v 1379.169747 -84.270707 126.738989
v 1381.204221 -88.349030 132.167742
v 1381.054853 -95.405747 133.585490
v 1384.274464 -96.953934 139.886647
v 1387.521129 -93.640104 145.045012
v 1390.892854 -93.923527 151.078455
v 1394.134817 -94.745463 157.114080
v 1396.983094 -89.747235 160.831963
v 1399.901246 -85.059309 164.927676
v 1400.226518 -91.775449 166.258231
v 1403.370255 -93.123047 172.321998
v 1406.411452 -88.728755 177.091820
v 1409.862587 -85.478273 182.329148
v 1413.204649 -81.756819 187.523583
v 1417.164881 -79.428676 193.096230
v 1421.527811 -80.167763 198.779590
v 1425.640002 -81.529706 204.444054
v 1429.701708 -83.819431 209.905069
v 1433.144430 -87.305482 215.183716
v 1435.000504 -92.896709 219.538072
v 1286.115681 -166.107812 2.894714
v 1286.230810 -164.224942 -3.859876
v 1289.764667 -158.419179 -2.479133
v 1292.753900 -154.322967 2.303309
v 1295.926613 -149.606909 6.238591
v 1299.214646 -143.936086 8.298174
v 1302.495905 -138.696585 11.259595
v 1305.756773 -133.603445 14.479777
v 1308.816097 -127.610923 15.122166
v 1311.952753 -123.564507 19.407772
v 1315.161381 -119.329125 23.583996
v 1318.180858 -113.430092 24.996485
v 1321.772587 -109.080562 28.585710
v 1325.296186 -106.934612 34.179321
v 1328.861796 -102.415637 38.190366
v 1332.412765 -97.954400 42.150157
v 1336.188722 -95.497115 47.536015
v 1339.340318 -97.201919 53.555885
v 1342.035061 -100.167820 58.999101
v 1346.432065 -101.266583 65.198769
v 1349.741833 -97.101203 69.710640
v 1349.010389 -90.498091 69.796127
v 1352.645964 -93.256638 74.675834
v 1355.407822 -98.620459 77.826776
v 1359.014480 -99.535492 83.660152
v 1363.068346 -98.458900 89.619147
v 1366.978212 -96.298542 95.250679
v 1370.540786 -93.278215 100.548035
v 1374.211216 -93.641741 106.903003
v 1377.965232 -91.773858 112.935163
v 1381.491223 -88.919197 118.510435
v 1384.953194 -85.465195 123.813991
v 1387.097043 -89.594054 129.006654
v 1385.991084 -96.653779 130.147127
v 1389.830383 -97.319204 136.253953
v 1393.053344 -93.767766 141.407269
v 1396.602823 -94.763375 147.401313
v 1400.004212 -95.650016 153.406397
v 1402.803558 -90.557991 157.145361
v 1405.421761 -85.394508 160.820427
v 1406.346015 -91.943036 163.021527
v 1408.941178 -94.045998 169.247263
v 1412.026779 -89.043924 173.319473
v 1415.311156 -85.757299 178.796207
v 1418.387918 -81.192498 183.467379
v 1422.297854 -78.666378 189.029436
v 1426.801298 -78.590317 194.900631
v 1431.071008 -80.179653 200.449236
v 1433.507701 -81.915841 205.469039
v 1435.728402 -86.032080 210.634943
v 1439.974695 -94.368296 216.299031
v 1291.709220 -169.936216 2.127162
v 1291.963414 -167.813965 -4.552987
v 1295.536892 -161.973630 -3.479613
v 1298.626425 -157.793136 1.154411
v 1301.876225 -152.979176 4.899061
v 1305.203158 -147.278696 6.848075
v 1308.482618 -142.136825 10.002244
v 1311.819508 -136.903728 12.902689
v 1315.050854 -130.953885 13.467021
v 1317.767168 -127.530343 18.687727
v 1321.244715 -122.178041 21.451957
v 1323.974953 -115.965541 21.608769
v 1327.550559 -112.109649 25.829970
v 1331.033793 -109.109327 31.096546
v 1334.510789 -104.106555 34.541399
v 1338.180075 -100.266408 39.024874
v 1341.930995 -97.049612 44.026598
v 1345.259939 -97.225559 50.232657
v 1347.619466 -101.374554 55.479633
v 1351.854245 -101.453774 61.036859
v 1354.800599 -96.463129 64.995726
v 1355.062152 -89.815462 65.817845
v 1358.611928 -92.336133 70.872801
v 1361.530727 -97.559648 74.385210
v 1364.933831 -98.960298 80.192898
v 1368.841665 -98.693431 86.112519
v 1372.567012 -95.896521 91.672989
v 1376.342645 -93.298363 97.254124
v 1379.852187 -93.736157 103.622618
v 1383.410160 -91.235087 109.348996
v 1386.936937 -88.195052 114.811865
v 1390.611150 -86.151138 120.683457
v 1392.507420 -91.255887 125.360023
v 1391.168543 -98.180223 126.530956
v 1395.214163 -97.100802 132.352827
v 1398.634541 -93.963437 137.565169
v 1402.206433 -95.431087 143.636219
v 1405.782952 -96.360322 149.646506
v 1408.584246 -91.218131 153.408426
v 1411.245627 -85.899279 157.019014
v 1412.713678 -91.520549 160.873745
v 1414.720775 -95.363599 166.270218
v 1417.911111 -90.984293 170.825420
v 1421.093704 -87.009770 175.958675
v 1423.710313 -81.408650 179.641860
v 1427.647461 -79.598816 185.212393
v 1429.865313 -78.955983 190.453810
v 1431.661287 -83.780554 195.687461
v 1435.083096 -86.717326 201.508085
v 1439.053023 -89.960694 206.437185
v 1443.467457 -95.941058 212.129745
v 1297.330631 -173.724138 1.287163
v 1297.735877 -171.405988 -5.325519
v 1301.321548 -165.547452 -4.500812
v 1304.507252 -161.250696 -0.068709
v 1307.814973 -156.321829 3.437147
v 1311.173712 -150.699344 5.559469
v 1314.426747 -145.699738 8.952608
v 1317.812493 -140.283708 11.291276
v 1321.211539 -134.509483 12.472880
v 1323.835300 -130.931263 17.708962
v 1326.904001 -124.819823 18.209889
v 1329.960701 -118.929420 18.778400
v 1333.324432 -115.292130 23.507910
v 1336.744116 -111.483491 28.218365
v 1340.337830 -106.778912 31.747226
v 1343.856040 -103.357093 36.612119
v 1347.594084 -99.272120 40.847292
v 1351.180192 -97.916277 46.550178
v 1353.214333 -102.542367 51.666060
v 1357.275006 -101.661733 57.077300
v 1359.759018 -96.145742 60.063144
v 1361.092586 -89.697428 61.712784
v 1364.676688 -91.481759 67.148282
v 1367.587341 -96.484476 71.103206
v 1371.046099 -98.268441 76.907721
v 1374.700683 -98.630306 82.866675
v 1378.384906 -97.180639 88.779091
v 1382.136770 -94.407359 94.249541
v 1385.596140 -94.630814 100.607047
v 1389.065565 -91.707214 106.190706
v 1392.737694 -90.134288 112.216596
v 1396.309181 -87.024059 117.631915
v 1397.478635 -93.007648 121.235429
v 1396.299941 -99.589713 122.583276
v 1400.396927 -96.537755 128.255548
v 1404.275461 -94.284171 133.775920
v 1407.754665 -95.852327 139.917026
v 1411.482379 -96.867135 145.787141
v 1414.384130 -91.944043 149.884151
v 1417.406323 -86.927857 153.949544
v 1419.480980 -89.978061 159.964183
v 1420.706343 -96.184267 162.984874
v 1423.775836 -92.453279 168.195440
v 1426.749486 -87.474291 172.499212
v 1429.054931 -81.536735 175.664124
v 1433.011752 -80.936871 181.635712
v 1435.225512 -80.141463 186.929590
v 1437.815756 -83.632958 192.439955
v 1440.952204 -84.075921 198.855783
v 1444.593774 -87.870630 203.378894
v 1448.136695 -94.280515 209.733681
v 1302.963440 -177.491255 0.409900
v 1303.565514 -175.000756 -6.123223
v 1307.139146 -169.113769 -5.553409
v 1310.438611 -164.592329 -1.497666
v 1313.754858 -159.624720 1.874614
v 1317.113922 -154.264147 4.540283
v 1320.369425 -149.332456 7.997109
v 1323.779073 -143.718649 9.723980
v 1327.201893 -138.310064 11.975032
v 1330.153994 -133.947031 16.425482
v 1332.523393 -127.790633 14.922825
v 1336.066538 -122.372871 16.823098
v 1338.967936 -118.995254 22.070319
v 1342.366090 -115.072413 26.639700
v 1346.067062 -110.160021 29.664833
v 1349.598957 -106.491340 34.352892
v 1353.189053 -101.397270 37.465473
v 1356.957843 -99.311467 42.708963
v 1358.723728 -103.785663 47.907662
v 1362.700886 -102.635097 53.330128
v 1364.718429 -96.207559 55.180777
v 1367.041053 -90.229660 57.604922
v 1370.701249 -91.213087 63.260728
v 1373.629970 -95.627663 67.905126
v 1377.081365 -97.909181 73.652175
v 1380.690107 -98.404896 79.691319
v 1384.352181 -98.215362 85.731783
v 1387.850204 -95.663125 91.375511
v 1391.472078 -95.216092 97.556567
v 1394.988427 -93.088457 103.497435
v 1398.278607 -89.618776 108.659859
v 1402.037133 -87.990098 114.529193
v 1401.815728 -95.032165 116.380185
v 1402.540489 -101.587786 119.203613
v 1406.274549 -96.041063 123.790872
v 1409.568571 -94.436074 130.210753
v 1413.255971 -96.044555 136.127059
v 1417.171044 -96.963342 141.867125
v 1420.335069 -93.094450 146.847387
v 1423.369902 -88.463482 151.333441
v 1425.937274 -89.927913 157.643560
v 1426.666030 -96.498767 159.726874
v 1429.769539 -93.652956 165.555008
v 1432.325455 -87.799652 168.817059
v 1434.710527 -81.916879 171.972897
v 1438.240586 -82.349549 178.068164
v 1441.059387 -80.733094 183.321317
v 1444.015593 -83.040419 189.597991
v 1446.778025 -81.964296 195.829350
v 1450.217103 -85.733725 200.847751
v 1453.562763 -92.649687 207.145485
v 1308.591863 -181.252687 -0.437723
v 1309.464548 -178.584944 -6.869675
v 1313.023613 -172.656351 -6.647400
v 1316.426541 -167.776081 -3.179414
v 1319.722712 -162.945136 0.359948
v 1322.996280 -158.005231 3.792509
v 1326.305570 -152.948437 7.000934
v 1329.773816 -147.333206 8.677658
v 1332.987844 -142.340021 12.009765
v 1336.372576 -136.992137 14.786447
v 1338.500686 -130.999490 12.372726
v 1341.781026 -126.542080 16.236345
v 1344.241361 -123.526826 21.856691
v 1348.003840 -118.827670 25.148874
v 1351.734347 -113.637391 27.789324
v 1355.390408 -109.192329 31.696450
v 1358.674440 -103.531531 33.836851
v 1362.558076 -101.104134 38.786221
v 1364.260651 -105.477113 44.291178
v 1368.220290 -103.633723 49.640157
v 1369.973856 -96.898763 50.844145
v 1372.900080 -91.328352 53.556906
v 1376.605632 -91.645032 59.336626
v 1379.613844 -95.236063 64.680035
v 1382.986437 -97.844989 70.406060
v 1386.574578 -98.437053 76.471556
v 1390.280797 -98.285037 82.530641
v 1393.715739 -96.059388 88.290415
v 1397.328744 -94.824091 94.262655
v 1400.816250 -93.218436 100.146893
v 1403.777323 -89.192829 105.227722
v 1407.623899 -89.147031 111.323542
v 1406.722816 -96.158643 112.524151
v 1408.628022 -102.141483 116.417732
v 1411.501680 -97.457459 120.897379
v 1414.722018 -94.436262 126.571472
v 1418.772170 -95.241600 132.226632
v 1422.807275 -96.399697 137.876613
v 1426.226351 -93.716382 143.526662
v 1429.184380 -89.460586 148.543741
v 1432.266284 -90.447533 154.752831
v 1432.650659 -97.050316 156.839716
v 1435.814696 -94.713755 162.961812
v 1438.170149 -88.469358 165.534794
v 1440.671987 -82.624219 168.587708
v 1443.896984 -82.537576 174.806283
v 1446.979213 -80.404455 180.212685
v 1449.974353 -80.853180 186.163918
v 1452.725516 -80.889167 193.041897
v 1455.900819 -83.734841 198.517833
v 1459.150955 -91.586678 204.378127
v 1314.214490 -185.040299 -1.210566
v 1315.416561 -182.158961 -7.503782
v 1318.968263 -176.207176 -7.690259
v 1322.459162 -170.988651 -4.817098
v 1325.673010 -166.460230 -0.765900
v 1328.810483 -161.856959 3.253132
v 1332.195630 -156.650181 6.183737
v 1335.684848 -151.149835 8.253683
v 1338.854203 -146.107331 11.770921
v 1342.304359 -140.268885 12.792003
v 1345.056850 -134.367993 11.062844
v 1346.584569 -131.784577 17.037954
v 1349.873953 -127.814403 21.206756
v 1353.659067 -122.296832 23.252052
v 1357.391508 -116.985796 25.845010
v 1361.099206 -112.014309 29.187269
v 1364.132902 -105.839724 30.111858
v 1368.056643 -103.370478 35.008312
v 1369.825287 -106.724456 40.746319
v 1373.743257 -104.643708 45.929997
v 1375.227834 -97.967360 46.452588
v 1378.679491 -92.914866 49.588202
v 1382.361821 -92.560256 55.641011
v 1385.520536 -95.224970 61.458926
v 1388.684493 -98.113826 67.170055
v 1392.496155 -98.636714 73.221153
v 1396.028292 -97.251377 79.153419
v 1399.492756 -95.534040 84.962581
v 1403.202409 -94.790401 90.967415
v 1406.718078 -92.891425 96.847613
v 1409.366093 -88.645560 101.905243
v 1413.133991 -90.425055 107.734590
v 1411.791937 -97.050360 108.624396
v 1415.046986 -102.119336 112.980785
v 1416.934928 -96.598056 117.133653
v 1420.000125 -93.044970 122.653173
v 1424.122884 -93.680005 128.359916
v 1428.271835 -95.192833 133.968045
v 1431.629772 -92.803582 139.755457
v 1434.951706 -89.758032 145.441932
v 1438.141136 -91.714083 151.440232
v 1438.219652 -98.290309 154.428983
v 1441.825304 -95.673046 160.016439
v 1444.072329 -89.324084 162.377417
v 1446.894557 -83.768101 165.822731
v 1449.854792 -81.336848 171.843068
v 1453.042132 -78.029150 177.735975
v 1456.149308 -80.157512 183.172667
v 1458.378524 -82.317232 188.635045
v 1461.210808 -85.054012 195.947402
v 1464.679158 -90.986449 201.826942
v 1319.821061 -188.863167 -1.893419
v 1321.358651 -185.745169 -8.003694
v 1324.940902 -179.814807 -8.541432
v 1328.492460 -174.471270 -5.951823
v 1331.505739 -170.261410 -1.352944
v 1334.570969 -165.760244 2.910152
v 1337.999686 -160.513475 5.780339
v 1341.481944 -155.030254 8.120620
v 1344.820453 -149.762747 11.181042
v 1348.172342 -143.785440 10.869501
v 1351.597740 -137.936687 11.084208
v 1351.544978 -136.802806 17.630063
v 1355.540925 -131.550351 20.070130
v 1359.314952 -125.859356 21.529191
v 1363.060623 -120.501335 24.283409
v 1366.704306 -114.672582 26.185185
v 1369.591783 -108.364110 26.493870
v 1373.573474 -105.790378 31.417160
v 1375.427977 -108.885798 37.551783
v 1379.353853 -106.312419 42.596651
v 1380.495187 -99.194336 42.058497
v 1384.216118 -95.028340 46.158437
v 1387.954960 -94.343456 52.032010
v 1391.388947 -95.390487 58.241394
v 1394.517945 -98.231667 63.929412
v 1398.123258 -96.837349 69.791600
v 1401.770978 -96.079741 75.688781
v 1405.502074 -95.838111 81.679128
v 1408.858570 -93.563571 87.460049
v 1412.396428 -91.842146 93.341419
v 1415.047488 -87.940794 98.628461
v 1418.374544 -91.716153 103.731247
v 1417.285052 -98.921459 104.322956
v 1421.280924 -101.429593 109.622053
v 1422.159990 -95.235087 113.385257
v 1425.359355 -91.656351 118.700542
v 1429.469222 -92.656828 124.445754
v 1433.640588 -93.574735 130.183822
v 1436.874948 -91.255756 136.092223
v 1440.732575 -90.469787 142.166414
v 1443.525163 -92.187437 147.838386
v 1443.374846 -98.044733 151.230252
v 1447.428617 -96.310733 156.583877
v 1450.077043 -90.254529 159.206153
v 1453.110490 -85.534404 163.714888
v 1456.089205 -81.457528 168.757775
v 1459.194494 -79.058899 175.219887
v 1462.119549 -79.499832 180.566349
v 1464.808920 -82.090872 186.329704
v 1467.963707 -84.702444 191.409524
v 1470.314799 -89.615856 199.422715
v 1325.405868 -192.726391 -2.490842
v 1327.262491 -189.377676 -8.386235
v 1330.902149 -183.519085 -9.187824
v 1334.461077 -178.218567 -6.540038
v 1337.241816 -174.241270 -1.562727
v 1340.285306 -169.732300 2.744251
v 1343.759023 -164.391262 5.533276
v 1347.262708 -158.870433 7.900756
v 1350.754819 -153.381227 10.367249
v 1354.126115 -147.342127 9.611039
v 1357.704003 -141.809903 11.790502
v 1357.276227 -141.776762 18.329647
v 1361.177195 -135.085197 18.348808
v 1364.934082 -129.268321 19.964169
v 1368.712217 -123.503587 22.117653
v 1371.936014 -117.180961 22.433361
v 1375.164303 -111.085941 23.139844
v 1378.986933 -108.192180 28.105891
v 1380.989451 -111.006177 34.386527
v 1384.932369 -107.926592 39.372417
v 1386.554105 -100.962514 38.639487
v 1388.505118 -99.806658 44.228086
v 1393.232446 -97.235147 48.873373
v 1397.042472 -96.398704 54.735986
v 1400.200558 -98.783755 60.631126
v 1403.924428 -96.707046 66.322679
v 1407.592762 -95.677082 72.244105
v 1411.318911 -95.382656 78.232238
v 1414.639285 -92.961730 84.007673
v 1417.895842 -90.343070 89.684062
v 1420.917542 -87.362884 95.347853
v 1423.413826 -92.651237 99.425416
v 1422.647209 -99.763254 100.196248
v 1426.671594 -100.061376 105.849172
v 1427.434768 -93.648486 109.332041
v 1430.939466 -90.954963 114.803986
v 1434.919813 -91.369387 120.687204
v 1438.758260 -90.892683 126.606512
v 1442.538248 -90.478624 132.607288
v 1446.113449 -92.155473 138.651896
v 1448.956781 -93.789803 144.413308
v 1449.696192 -94.652918 147.930992
v 1453.236509 -92.339612 154.030303
v 1456.203630 -91.899204 156.868567
v 1459.217570 -87.326490 161.544376
v 1462.294721 -82.715307 166.179635
v 1465.351584 -80.979995 172.452235
v 1468.388127 -81.612089 178.860341
v 1471.577144 -84.694824 185.398190
v 1474.117997 -88.069354 190.660350
v 1476.646040 -88.568676 197.285376
v 1330.962320 -196.634323 -3.000075
v 1333.115882 -193.100907 -8.677184
v 1336.839478 -187.336279 -9.623728
v 1340.363551 -182.134766 -6.744024
v 1342.961820 -178.266672 -1.580860
v 1346.062222 -173.604864 2.552823
v 1349.568203 -168.152162 5.116078
v 1353.077138 -162.603364 7.437260
v 1356.617010 -156.959859 9.521341
v 1360.109118 -150.934711 9.010018
v 1363.332988 -145.828081 12.638824
v 1363.603007 -144.542502 19.617352
v 1367.205860 -138.513068 17.033477
v 1370.632112 -132.555818 18.472249
v 1374.208170 -126.341528 19.339649
v 1377.387728 -119.979996 19.211208
v 1380.943897 -114.012829 20.313248
v 1384.610144 -110.328313 24.751082
v 1386.874526 -112.312619 30.357104
v 1390.381762 -109.642676 36.621136
v 1393.123988 -102.842573 36.163810
v 1395.269335 -105.397632 42.142206
v 1398.719054 -99.307567 45.597405
v 1402.411490 -98.443449 51.335492
v 1405.833224 -99.073774 57.181960
v 1409.691233 -97.651508 63.037924
v 1413.377425 -95.575922 68.706548
v 1417.056686 -94.752383 74.743918
v 1420.456331 -92.518534 80.532717
v 1423.367783 -88.939479 85.948573
v 1426.922492 -87.322128 91.892742
v 1428.297638 -93.500968 95.065032
v 1428.369334 -100.562827 96.484766
v 1431.999004 -98.833643 101.953686
v 1432.891372 -92.133351 105.291059
v 1436.697906 -90.764840 111.025826
v 1440.531661 -91.059547 117.032227
v 1444.459376 -91.032347 123.039990
v 1447.884749 -92.025311 129.061472
v 1451.499555 -91.714366 135.171994
v 1453.842744 -89.879019 140.608623
v 1455.873601 -95.473976 145.386762
v 1459.255357 -93.476981 150.534682
v 1462.198780 -93.456214 154.411623
v 1465.324811 -88.948596 159.110500
v 1468.384137 -84.465532 163.800085
v 1471.435854 -82.012941 169.906804
v 1474.488649 -81.736215 176.362330
v 1477.509192 -83.373674 182.716230
v 1480.332357 -86.261056 188.544179
v 1483.046039 -87.901527 194.861893
v 1336.487991 -200.594549 -3.398969
v 1338.919223 -196.939049 -8.872913
v 1342.739202 -191.257743 -9.838190
v 1346.197142 -186.153973 -6.701691
v 1348.729558 -182.249358 -1.532010
v 1351.912710 -177.379557 2.290022
v 1355.431590 -171.847271 4.681989
v 1358.917981 -166.280347 7.021256
v 1362.449522 -160.570015 8.936367
v 1366.054802 -154.569102 8.947514
v 1368.716181 -149.836675 13.384248
v 1369.908058 -147.337740 20.123248
v 1372.942670 -141.991646 16.391109
v 1376.297810 -135.668393 16.735957
v 1379.701195 -129.306603 16.715423
v 1383.084006 -123.040670 16.753213
v 1386.762568 -117.092142 17.901821
v 1390.686015 -112.726956 21.640780
v 1393.574323 -112.310998 27.786021
v 1396.438253 -112.083581 33.977103
v 1398.988295 -104.887373 33.979517
v 1402.328266 -105.945854 40.813659
v 1403.973761 -99.557043 42.070913
v 1408.067158 -99.223824 47.803931
v 1411.701989 -98.682545 53.640806
v 1415.282898 -98.623666 59.685378
v 1419.154672 -96.939872 65.536119
v 1422.740735 -94.469346 71.214494
v 1426.032008 -91.524280 76.807777
v 1428.875731 -87.814299 82.159257
v 1432.746238 -87.959384 88.164108
v 1433.258125 -94.196828 91.190848
v 1434.247211 -101.154438 93.115810
v 1437.413052 -98.007698 98.073744
v 1438.843507 -90.947350 101.643435
v 1442.473422 -91.623417 107.484079
v 1446.060707 -92.559819 113.563797
v 1449.463149 -94.047449 119.562957
v 1452.177799 -96.281218 125.726797
v 1456.402481 -86.949403 131.518413
v 1457.865604 -87.696999 135.070129
v 1461.614710 -89.279326 141.664269
v 1465.095448 -94.015612 147.100374
v 1468.115000 -94.468723 151.445327
v 1471.332976 -90.276440 156.306352
v 1474.446997 -86.028748 161.344588
v 1477.551769 -82.774704 167.022957
v 1480.663213 -82.068363 173.467323
v 1483.720273 -83.179109 179.840900
v 1486.614799 -85.399946 186.016264
v 1489.393448 -87.483235 192.161805
v 1341.985335 -204.614157 -3.655017
v 1344.681599 -200.889422 -8.936431
v 1348.590512 -195.268408 -9.835639
v 1351.977918 -190.232703 -6.495880
v 1354.539257 -186.183931 -1.429181
v 1357.791007 -181.137088 2.149350
v 1361.327654 -175.504241 4.336928
v 1364.764231 -169.965816 6.887083
v 1368.279086 -164.204940 8.686018
v 1371.886434 -158.214784 9.162141
v 1374.014373 -153.899421 13.989462
v 1376.070944 -150.340294 20.476339
v 1379.148396 -145.121516 16.568128
v 1382.186867 -138.791956 15.732342
v 1385.462005 -132.483763 15.044525
v 1388.807644 -126.232104 14.672954
v 1392.463067 -120.238075 15.521497
v 1396.568388 -115.787747 19.291753
v 1399.756297 -114.395417 25.527519
v 1402.314169 -114.238070 32.238164
v 1404.922872 -107.508266 30.541428
v 1409.049297 -105.391216 36.589811
v 1409.792526 -99.233666 38.479435
v 1413.546013 -97.796176 44.136613
v 1417.500502 -98.069523 50.104470
v 1421.114889 -97.985358 56.153422
v 1424.964795 -97.724321 62.276186
v 1428.259943 -93.953637 67.551940
v 1431.191879 -89.896603 72.745030
v 1434.477880 -87.061809 78.387993
v 1438.177841 -89.015109 84.273443
v 1439.002553 -95.705702 87.278511
v 1440.192101 -101.698853 89.992611
v 1443.208150 -97.468850 94.314780
v 1445.339661 -90.816152 98.122792
v 1448.431198 -92.282711 104.078203
v 1451.161353 -94.240995 109.812769
v 1454.344610 -96.883135 116.206323
v 1457.712052 -98.130746 122.290069
v 1461.285180 -87.844350 128.143586
v 1463.426489 -93.562005 132.212113
v 1467.188976 -90.781984 138.001999
v 1470.870701 -94.323357 143.567410
v 1473.939429 -95.075480 148.192062
v 1477.215431 -91.127079 153.216455
v 1480.425251 -87.399121 158.727350
v 1483.569594 -83.672259 164.145824
v 1486.774392 -82.183707 170.495453
v 1489.872934 -83.563094 176.873865
v 1492.836976 -85.499766 183.120103
v 1495.776948 -87.421959 189.247459
v 1347.457736 -208.692090 -3.737859
v 1350.410998 -204.930865 -8.819987
v 1354.391593 -199.354515 -9.625813
v 1357.704770 -194.342903 -6.149778
v 1360.354459 -190.074002 -1.268837
v 1363.697841 -184.819082 1.973823
v 1367.236705 -179.122196 4.114959
v 1370.635176 -173.610248 6.854077
v 1374.163754 -167.784292 8.499814
v 1377.685531 -161.875211 9.527508
v 1380.242184 -157.391214 13.826381
v 1382.442042 -153.603249 20.369930
v 1385.408820 -147.966015 17.235284
v 1388.296273 -141.904339 15.318024
v 1391.330027 -135.719351 13.708149
v 1394.522911 -129.485658 12.685459
v 1398.143149 -123.434327 13.253734
v 1402.256867 -119.173311 17.347866
v 1405.279739 -117.503317 23.410463
v 1408.588980 -116.262829 30.108757
v 1410.357232 -109.669319 28.188182
v 1413.901029 -105.148061 32.350813
v 1415.750894 -98.940489 34.761350
v 1419.293884 -96.969525 40.452183
v 1423.142756 -97.194590 46.514543
v 1426.980177 -97.493711 52.626463
v 1430.670223 -97.645246 58.779999
v 1433.896866 -94.107633 64.251115
v 1436.792182 -89.324778 68.938768
v 1440.138281 -86.715812 74.883682
v 1443.485954 -89.633722 80.552400
v 1444.456766 -96.359890 83.104305
v 1446.236149 -102.054594 86.914278
v 1448.977133 -97.478157 91.573855
v 1451.110725 -91.205042 94.804922
v 1453.667071 -93.439494 100.160745
v 1456.766004 -98.104470 106.284838
v 1460.177230 -99.210955 112.267168
v 1463.602491 -98.459720 118.827192
v 1466.498178 -87.809181 124.890249
v 1469.078078 -93.668933 128.404334
v 1472.725966 -90.735622 134.280484
v 1476.441750 -94.410768 139.862522
v 1479.654613 -95.542026 144.894446
v 1483.035367 -91.969429 150.173050
v 1486.394541 -88.579548 156.033710
v 1489.458129 -84.668578 161.301583
v 1492.771232 -82.698708 167.452520
v 1495.855704 -84.332607 173.795350
v 1498.834687 -86.577244 179.960936
v 1502.140632 -88.107845 186.113912
v 1352.912836 -212.828378 -3.619214
v 1356.113717 -209.043795 -8.484893
v 1360.148003 -203.496465 -9.186193
v 1363.380263 -198.450725 -5.667359
v 1366.232203 -193.844977 -1.183453
v 1369.647754 -188.364285 1.599868
v 1373.136036 -182.724930 4.033998
v 1376.532287 -177.204241 6.862600
v 1380.077637 -171.359087 8.589120
v 1383.527308 -165.460572 10.174671
v 1386.436263 -159.940566 13.383414
v 1388.480037 -157.124355 19.660238
v 1391.601533 -150.654499 17.139292
v 1394.409418 -145.038236 14.642276
v 1397.254166 -138.960146 12.414436
v 1400.265043 -132.779164 10.828455
v 1403.795608 -126.673456 11.090039
v 1407.719465 -122.456028 15.266454
v 1411.215536 -120.466358 21.300186
v 1415.022876 -117.645981 27.315600
v 1416.419784 -111.282474 25.677447
v 1418.917511 -104.877478 27.682410
v 1421.740907 -99.346384 31.184128
v 1425.214686 -96.906368 36.847281
v 1428.864029 -96.294353 42.960809
v 1432.664177 -97.103743 49.062147
v 1436.416354 -97.329723 55.244724
v 1439.757596 -94.886032 61.242102
v 1442.689796 -90.098483 65.807877
v 1445.990099 -86.785237 71.568016
v 1449.046753 -90.094715 77.169147
v 1450.190801 -96.786042 79.805156
v 1452.242537 -102.191931 84.029769
v 1454.879053 -97.581650 88.803216
v 1456.836171 -91.353910 91.623863
v 1460.165248 -94.046528 96.964015
v 1462.772993 -98.484910 102.686052
v 1466.458690 -99.279096 109.133618
v 1469.037260 -98.113214 115.728610
v 1471.960785 -87.134122 121.783427
v 1474.764185 -93.083391 124.584396
v 1478.270824 -90.586790 130.275293
v 1482.029429 -94.247940 136.267122
v 1485.332787 -95.921386 141.683565
v 1488.663014 -92.259233 147.001814
v 1492.114443 -89.122429 152.929126
v 1495.238111 -85.357834 158.267509
v 1498.644790 -83.540338 164.374712
v 1501.620641 -85.649058 170.542119
v 1504.566931 -87.999050 176.624683
v 1507.998665 -89.644754 182.708827
v 1358.361425 -217.016494 -3.275475
v 1361.797890 -213.204006 -7.899569
v 1365.862185 -207.660231 -8.492944
v 1369.077892 -202.475466 -5.132132
v 1372.186731 -197.451291 -1.314756
v 1375.611639 -191.853903 1.230902
v 1379.005694 -186.330182 4.089052
v 1382.406072 -180.754778 6.900898
v 1385.947391 -174.881848 8.877601
v 1389.441396 -168.895294 10.605728
v 1392.681428 -162.926151 12.468708
v 1394.704202 -160.703818 18.815322
v 1397.574668 -154.080370 15.411702
v 1400.328930 -148.274670 13.276168
v 1403.083457 -142.223284 10.767921
v 1406.017374 -136.058379 8.965569
v 1409.462204 -129.895714 9.008161
v 1413.336660 -125.547674 13.089403
v 1417.052203 -122.699160 18.367106
v 1420.872478 -119.411012 23.091795
v 1422.771386 -112.800435 23.523389
v 1424.946786 -106.300764 24.974247
v 1427.760407 -100.547046 28.015013
v 1431.146579 -97.334946 33.361046
v 1434.689000 -95.933286 39.396231
v 1438.358281 -96.425637 45.531510
v 1442.056676 -96.732574 51.737670
v 1445.586422 -95.400991 57.853111
v 1448.134734 -90.359780 62.322689
v 1451.906080 -87.523659 68.266168
v 1454.838748 -90.674306 73.864380
v 1456.099904 -97.100027 76.919467
v 1458.106250 -102.455683 81.330394
v 1460.925486 -97.896181 86.181640
v 1462.796311 -91.447042 88.744007
v 1465.619704 -94.571261 94.582779
v 1468.402176 -98.362218 99.880443
v 1471.733067 -98.254786 106.464523
v 1472.924237 -93.968247 112.171571
v 1477.202121 -86.188142 117.662153
v 1479.636572 -92.269483 120.684103
v 1484.169131 -92.967473 127.085013
v 1487.629322 -99.401214 132.879403
v 1490.886051 -95.722516 138.363189
v 1494.126680 -91.899848 143.641052
v 1497.701971 -89.185327 149.586959
v 1500.993130 -85.960573 155.144286
v 1504.473887 -84.291675 161.227947
v 1507.428495 -86.696167 167.259377
v 1510.101541 -89.837957 173.092716
v 1513.370678 -91.659011 179.139072
v 1363.838643 -221.234429 -2.671347
v 1367.477984 -217.367091 -7.031275
v 1371.536824 -211.795645 -7.527494
v 1374.867436 -206.338026 -4.691353
v 1378.158726 -200.961675 -1.584566
v 1381.549451 -195.370195 1.055715
v 1384.851633 -189.912049 4.172135
v 1388.267217 -184.251780 6.893344
v 1391.812668 -178.293481 8.736631
v 1395.427281 -172.224124 10.339308
v 1398.864962 -166.195776 12.246867
v 1400.812889 -162.946163 18.527705
v 1403.475940 -157.532155 14.220458
v 1406.176796 -151.521698 11.635018
v 1408.949075 -145.458433 9.140811
v 1411.879462 -139.285974 7.274138
v 1415.187802 -133.081287 7.026296
v 1419.017811 -128.278285 10.486562
v 1422.887494 -125.137331 15.426504
v 1426.669579 -120.715620 19.376176
v 1428.882199 -114.226116 20.671137
v 1431.053734 -107.682975 22.037030
v 1433.805780 -101.966359 24.999481
v 1437.114561 -98.236537 30.036672
v 1440.565113 -95.987133 35.854546
v 1444.135159 -95.703817 42.030326
v 1447.730834 -96.224218 48.138216
v 1451.210435 -95.185762 54.166434
v 1453.627089 -90.199313 58.799760
v 1457.791236 -88.614924 64.777677
v 1460.793562 -91.491353 70.489929
v 1461.876788 -97.652587 74.092819
v 1464.053632 -102.789484 78.715147
v 1466.559620 -97.654162 82.772505
v 1468.659351 -91.752480 85.923622
v 1471.382224 -95.370498 91.397968
v 1474.373382 -98.042955 97.326387
v 1476.039533 -94.121158 103.183157
v 1477.864524 -90.942987 108.911928
v 1482.436064 -86.347952 112.977583
v 1486.322550 -90.551607 117.142789
v 1489.743107 -91.160018 123.463826
v 1493.241651 -98.614537 129.420144
v 1496.569614 -95.841334 135.238012
v 1499.641957 -91.654764 140.252047
v 1503.306269 -88.907117 146.208179
v 1506.688931 -86.483271 151.975231
v 1510.285950 -85.068014 157.987113
v 1513.191583 -87.667694 163.906396
v 1515.749398 -91.281832 169.555638
v 1518.820152 -93.325383 175.611826
v 1369.349136 -225.470510 -1.810965
v 1373.166518 -221.473612 -5.851463
v 1377.178946 -215.839677 -6.276059
v 1380.697305 -210.104353 -4.287944
v 1384.096350 -204.495298 -1.723266
v 1387.460583 -198.897243 1.000667
v 1390.731268 -193.410783 4.127954
v 1394.130684 -187.679111 6.708159
v 1397.643951 -181.756216 8.729932
v 1401.293153 -175.781015 10.710245
v 1404.636483 -169.848747 12.883997
v 1406.985746 -165.257678 18.474130
v 1409.524994 -160.542029 13.436393
v 1412.206877 -154.565116 10.647108
v 1415.003119 -148.573394 7.965240
v 1417.894105 -142.434435 5.887004
v 1421.014968 -136.179859 5.046236
v 1424.704440 -130.844370 7.719273
v 1428.613158 -126.793490 11.929291
v 1432.052033 -121.570821 15.026849
v 1434.464252 -115.275893 16.781581
v 1437.016853 -109.015280 18.822702
v 1439.929446 -103.476052 22.057957
v 1443.124826 -99.406537 26.884415
v 1446.457782 -96.340902 32.391828
v 1449.957540 -95.235749 38.474395
v 1453.509858 -95.864157 44.525293
v 1456.862206 -94.354049 50.401939
v 1459.390067 -89.655381 55.138881
v 1463.527692 -89.315987 61.321634
v 1466.483049 -92.688800 66.919076
v 1467.354425 -98.928470 71.026227
v 1469.890840 -103.278502 76.220400
v 1472.748148 -97.707957 79.913108
v 1474.965102 -92.085554 83.179057
v 1477.632786 -93.604053 89.512571
v 1480.193443 -96.803277 95.317928
v 1481.244607 -91.505497 100.083004
v 1483.411955 -88.284153 106.237519
v 1487.303642 -91.003013 111.723568
v 1491.649955 -96.086872 114.468882
v 1495.390778 -98.828967 119.917490
v 1498.883405 -98.233177 126.123391
v 1502.125706 -95.534971 132.069141
v 1504.900378 -90.688027 136.835859
v 1508.359218 -87.379473 142.551342
v 1512.262196 -86.595762 148.547891
v 1516.068786 -86.061442 154.605016
v 1519.048866 -88.365439 160.521155
v 1521.635917 -91.599070 166.326157
v 1524.802303 -93.428090 172.488750
v 1374.908715 -229.674288 -0.694017
v 1378.863950 -225.458592 -4.359120
v 1382.825295 -219.747663 -4.852660
v 1386.505890 -213.846853 -3.765765
v 1390.002584 -208.049406 -1.731524
v 1393.371741 -202.388246 0.917713
v 1396.611933 -196.891416 4.115574
v 1399.880481 -191.281705 7.137614
v 1403.313418 -185.449328 9.497812
v 1406.770010 -179.588522 11.759706
v 1410.249946 -173.702841 14.204806
v 1413.646380 -167.654789 17.847048
v 1415.911348 -162.881366 14.067237
v 1418.469939 -157.351530 10.510008
v 1421.188683 -151.521342 7.358471
v 1424.034846 -145.441065 4.873448
v 1427.020241 -139.165923 3.360179
v 1430.415648 -133.115107 4.749789
v 1434.025371 -127.873307 7.755634
v 1437.193095 -122.267585 10.406437
v 1439.989052 -116.214302 12.705182
v 1442.999796 -110.527038 15.743012
v 1446.048827 -105.224102 19.355189
v 1449.186354 -100.764307 23.925038
v 1452.405796 -96.996977 29.023409
v 1455.834896 -95.101275 34.898048
v 1459.371573 -95.740768 40.918542
v 1462.732734 -93.974855 46.881936
v 1465.329599 -89.367201 51.625821
v 1469.002189 -90.534238 57.934103
v 1471.605094 -95.214959 63.005253
v 1472.413518 -100.740394 67.791654
v 1475.629690 -103.412786 73.975718
v 1478.806959 -99.425690 78.879939
v 1481.318122 -93.328845 80.679998
v 1483.724944 -94.038688 87.078735
v 1486.203209 -96.295535 93.631219
v 1487.894906 -92.199049 99.080531
v 1489.275919 -86.814905 103.599716
v 1492.610673 -87.526478 109.927799
v 1496.991538 -92.314135 113.069987
v 1501.082828 -96.662680 116.922504
v 1504.510905 -98.135545 123.042233
v 1507.495738 -95.420552 129.339158
v 1510.143664 -89.826421 133.585140
v 1513.590176 -86.154036 139.062184
v 1517.726465 -87.149387 145.053126
v 1521.691368 -87.659247 151.021236
v 1523.799028 -90.432894 156.625820
v 1526.620623 -94.134438 163.095412
v 1530.419339 -94.320765 168.989717
v 1380.538858 -233.783604 0.664834
v 1384.556244 -229.275662 -2.600057
v 1388.485612 -223.525731 -3.316962
v 1392.273071 -217.577025 -3.044357
v 1395.866957 -211.628053 -1.611652
v 1399.255212 -205.894103 0.934348
v 1402.441708 -200.409130 4.278098
v 1405.644826 -194.888598 7.535888
v 1409.003992 -189.146748 10.190793
v 1412.457176 -183.259761 12.412936
v 1415.910312 -177.452532 14.751329
v 1419.479074 -171.596107 16.730693
v 1422.289357 -165.511046 14.435741
v 1424.808886 -159.966377 10.781592
v 1427.462808 -154.250098 7.366874
v 1430.268361 -148.259931 4.504669
v 1433.187950 -142.028430 2.348987
v 1436.288560 -135.522566 2.152683
v 1439.568688 -129.377501 4.005748
v 1442.799052 -123.570510 6.650032
v 1445.914034 -117.782786 9.570323
v 1449.055210 -112.394407 13.136632
v 1452.161832 -107.145905 16.903958
v 1455.266834 -102.306341 21.150197
v 1458.389150 -97.854392 25.748535
v 1461.752568 -95.171017 31.318792
v 1465.249643 -95.461549 37.433685
v 1468.456525 -93.512626 43.409421
v 1471.129319 -89.114718 48.465539
v 1474.402500 -90.619627 54.992821
v 1476.795180 -94.552835 60.743074
v 1479.256886 -98.494652 66.227840
v 1482.178436 -103.301744 70.848552
v 1485.291387 -101.264387 77.122509
v 1487.546068 -95.197949 78.372330
v 1489.574059 -96.537167 84.889409
v 1492.175238 -95.683777 91.492054
v 1494.299650 -91.962749 97.199812
v 1495.148740 -85.909338 101.031721
v 1498.228607 -84.708361 107.326066
v 1502.214571 -88.468206 111.832029
v 1506.579647 -93.247027 115.039121
v 1509.838965 -96.341184 120.275504
v 1512.796472 -96.080857 127.355852
v 1515.484201 -89.810698 130.561412
v 1519.023459 -85.484376 135.630401
v 1523.049798 -87.647479 141.526849
v 1526.976761 -89.959355 146.969816
v 1529.418096 -94.432099 153.197301
v 1532.649919 -95.677266 159.601504
v 1536.019235 -95.070422 165.551900
v 1386.235041 -237.743433 2.218159
v 1390.245654 -232.936125 -0.661626
v 1394.158106 -227.194061 -1.670481
v 1397.998234 -221.278700 -2.053431
v 1401.673772 -215.257469 -1.235535
v 1405.064370 -209.458473 1.185726
v 1408.231671 -203.976455 4.565181
v 1411.459224 -198.439201 7.769170
v 1414.862208 -192.647037 10.236926
v 1418.349024 -186.720271 12.186674
v 1421.849206 -180.822196 14.106610
v 1425.351191 -174.790758 15.597997
v 1428.420671 -168.513805 14.122679
v 1431.078184 -162.700651 10.900825
v 1433.744474 -156.872493 7.692230
v 1436.525123 -150.898434 4.755395
v 1439.408874 -144.754081 2.184465
v 1442.420880 -138.252189 0.910698
v 1445.554542 -131.699987 1.747961
v 1448.764060 -125.574398 4.124877
v 1451.961627 -119.838294 7.238484
v 1455.131523 -114.384795 10.795081
v 1458.266296 -109.066785 14.543590
v 1461.361522 -103.902326 18.497936
v 1464.360063 -98.769340 22.491537
v 1467.688208 -95.440954 27.835386
v 1471.149314 -95.093532 34.080834
v 1474.306473 -93.427767 40.208300
v 1476.941437 -89.624040 45.632112
v 1479.628613 -91.936271 51.852292
v 1482.194621 -95.936712 57.303143
v 1484.657914 -97.636323 63.788643
v 1487.784089 -103.056103 67.265700
v 1490.930130 -103.152784 73.367014
v 1493.648187 -97.070744 76.390993
v 1495.795455 -97.801016 82.969954
v 1498.299844 -94.979157 88.985551
v 1500.100881 -90.472268 94.220837
v 1500.467811 -84.356896 98.027496
v 1504.066150 -82.962253 104.216740
v 1507.919171 -85.170431 110.003862
v 1511.579310 -88.467603 115.273959
v 1514.949964 -91.905289 120.062601
v 1517.228935 -96.653105 124.377021
v 1520.597939 -90.032728 127.346665
v 1524.470281 -85.556988 132.352778
v 1527.381764 -90.436667 138.193063
v 1531.133971 -93.113339 143.821380
v 1534.566553 -96.088940 149.866236
v 1538.149638 -96.979777 156.230360
v 1541.639795 -96.256225 162.208744
v 1391.977498 -241.542363 3.909499
v 1395.944843 -236.480295 1.362950
v 1399.842638 -230.766348 0.097616
v 1403.712225 -224.934265 -0.838641
v 1407.437544 -218.909594 -0.602899
v 1410.848010 -213.024680 1.503534
v 1414.050828 -207.501570 4.724679
v 1417.343102 -201.902662 7.736765
v 1420.798328 -196.024730 9.863229
v 1424.292179 -190.037131 11.517540
v 1427.792565 -184.064506 13.235854
v 1431.276686 -177.955091 14.479319
v 1434.439877 -171.630868 13.443716
v 1437.217880 -165.598712 10.757865
v 1439.966292 -159.603012 7.915716
v 1442.748041 -153.558387 5.141855
v 1445.625344 -147.453271 2.512433
v 1448.658603 -141.050482 0.928310
v 1451.747144 -134.467844 1.018997
v 1454.869083 -128.082987 2.649375
v 1458.029505 -122.080142 5.307113
v 1461.177073 -116.361631 8.517422
v 1464.310225 -110.839285 12.076319
v 1467.376430 -105.294787 15.679280
v 1470.349853 -99.744384 19.324179
v 1473.654634 -96.071038 24.617950
v 1477.102886 -94.684686 30.889315
v 1480.321564 -93.027240 37.131697
v 1482.854406 -89.957914 43.015349
v 1485.466329 -91.011144 49.585242
v 1487.574432 -91.956291 56.337263
v 1489.747822 -94.034065 62.792108
v 1493.414729 -99.806939 63.798139
v 1496.524547 -103.058063 69.745312
v 1499.756805 -98.411766 74.394918
v 1502.170656 -98.449849 81.012179
v 1504.143503 -93.654054 86.018842
v 1504.460298 -87.783749 89.948350
v 1505.738823 -82.438667 94.610244
v 1509.731207 -83.592948 100.735409
v 1513.176889 -86.484217 106.190797
v 1517.020883 -89.060378 111.646708
v 1520.283132 -92.482915 117.139887
v 1522.655302 -97.662541 122.764869
v 1526.702782 -94.426267 128.463604
v 1530.295122 -88.376719 130.113174
v 1532.866565 -87.511890 136.729487
v 1536.520669 -92.193025 141.184409
v 1540.462500 -96.001090 146.475531
v 1543.912839 -97.936307 153.002813
v 1547.131550 -97.465116 159.157777
v 1397.744060 -245.200459 5.687791
v 1401.659698 -239.942192 3.424643
v 1405.538251 -234.242368 2.004395
v 1409.426398 -228.518877 0.625104
v 1413.186560 -222.545409 0.274892
v 1416.673533 -216.528856 1.665393
v 1419.949805 -210.866612 4.470724
v 1423.320955 -205.180396 7.138822
v 1426.768168 -199.194997 8.827387
v 1430.235734 -193.184190 10.369833
v 1433.731385 -187.225813 12.126802
v 1437.195278 -181.115487 13.352584
v 1440.407799 -174.785211 12.560530
v 1443.273643 -168.620414 10.276020
v 1446.057563 -162.528349 7.671142
v 1448.872232 -156.425403 5.110315
v 1451.820818 -150.217897 2.944428
v 1454.883237 -143.842452 1.631777
v 1457.972648 -137.344253 1.209153
v 1461.060862 -130.831105 1.924350
v 1464.147544 -124.526195 3.827150
v 1467.230187 -118.485530 6.511609
v 1470.280611 -112.633233 9.657665
v 1473.274754 -106.779708 12.896644
v 1476.274478 -101.185584 16.500172
v 1479.523118 -96.814662 21.577105
v 1482.791511 -93.783080 27.735118
v 1485.928270 -91.532545 34.079035
v 1488.811340 -89.503389 40.644347
v 1491.043599 -88.443371 47.805369
v 1492.779265 -88.704647 55.117641
v 1495.352898 -90.753782 61.695521
v 1498.837526 -96.585546 63.092648
v 1502.391867 -101.625640 66.154181
v 1505.898693 -99.966817 72.283637
v 1508.405479 -97.745787 78.352948
v 1508.836725 -91.583269 82.164453
v 1509.326255 -85.521976 86.035524
v 1511.591224 -81.808241 91.579452
v 1514.164168 -86.557334 96.690079
v 1516.943587 -90.159169 102.131491
v 1520.033030 -93.410048 107.741441
v 1524.124144 -95.982293 113.531187
v 1528.658656 -97.074927 119.555198
v 1532.422601 -96.070734 125.738490
v 1535.884088 -91.612395 129.602460
v 1539.001359 -87.286537 134.373568
v 1541.076424 -87.385446 141.740618
v 1544.328811 -89.966568 147.783297
v 1549.087631 -94.009730 150.923191
v 1553.008932 -97.129111 155.929577
v 1403.528925 -248.751077 7.528127
v 1407.386911 -243.335696 5.519093
v 1411.229347 -237.610823 4.089340
v 1415.134335 -231.985059 2.410672
v 1418.946305 -226.118688 1.412567
v 1422.524100 -220.022515 1.883708
v 1425.897246 -214.097421 3.832127
v 1429.303245 -208.231880 5.824882
v 1432.705859 -202.178633 7.181986
v 1436.176980 -196.235510 8.917859
v 1439.670593 -190.361598 10.923705
v 1443.128070 -184.289176 12.315093
v 1446.347015 -177.953658 11.550089
v 1449.192172 -171.761769 9.281523
v 1451.985114 -165.651553 6.768315
v 1454.947498 -159.423172 4.771398
v 1458.008209 -153.061656 3.489211
v 1461.070652 -146.652143 2.581178
v 1464.168269 -140.210341 1.857693
v 1467.261556 -133.697682 1.912896
v 1470.316553 -127.245802 3.132937
v 1473.343247 -121.000809 5.324187
v 1476.340885 -114.973705 8.151857
v 1479.331566 -109.058055 11.177923
v 1482.377829 -103.432717 14.681497
v 1485.080579 -100.109163 20.590555
v 1487.514283 -98.213985 27.184525
v 1490.196180 -96.390118 33.798679
v 1493.011619 -94.508642 40.382648
v 1495.807969 -92.743949 46.801939
v 1498.671979 -90.788466 53.064625
v 1501.322078 -88.159472 59.284325
v 1504.736212 -93.358096 62.428754
v 1507.732608 -100.004006 62.791849
v 1511.214239 -99.349172 69.075709
v 1513.475428 -95.767192 74.723370
v 1513.753471 -89.592579 78.326215
v 1515.058476 -84.179850 83.044927
v 1517.729620 -81.710805 89.392743
v 1519.938682 -83.362917 96.027170
v 1522.465683 -86.223376 101.930129
v 1525.583260 -89.975801 106.599456
v 1529.299023 -95.003908 110.363846
v 1533.680094 -96.329856 116.060337
v 1537.984918 -95.795436 122.138634
v 1541.722570 -94.038745 127.914937
v 1544.757347 -90.965410 133.869869
v 1547.106131 -87.546978 139.632964
v 1549.794664 -85.869046 146.011630
v 1554.046023 -89.528876 150.133919
v 1558.173556 -92.989773 154.588542
v 1409.330330 -252.211423 9.426634
v 1413.122180 -246.655595 7.671949
v 1416.902547 -240.858218 6.379837
v 1420.806765 -235.261432 4.597062
v 1424.669598 -229.541337 3.129539
v 1428.349618 -223.528553 2.685214
v 1431.842063 -217.404201 3.349582
v 1435.256842 -211.321979 4.548149
v 1438.660148 -205.218684 5.665553
v 1442.123863 -199.313552 7.548982
v 1445.614127 -193.489246 9.702740
v 1449.071015 -187.461472 11.249729
v 1452.203068 -181.130183 10.312626
v 1455.031466 -174.964250 8.015528
v 1458.018587 -168.708826 6.161183
v 1461.089976 -162.321812 5.095166
v 1464.140770 -155.895001 4.385121
v 1467.222430 -149.491041 3.495173
v 1470.332587 -143.080152 2.578539
v 1473.444312 -136.587757 2.276141
v 1476.508187 -130.076547 2.980899
v 1479.519771 -123.686776 4.668997
v 1482.511344 -117.512287 7.073544
v 1485.496256 -111.574886 9.949569
v 1488.420996 -106.287741 13.752364
v 1491.085913 -102.430427 19.139081
v 1493.641019 -99.578087 25.166515
v 1496.123354 -98.314596 31.836002
v 1498.695945 -97.347754 38.695001
v 1501.809672 -94.762666 44.956155
v 1504.720400 -91.066044 50.641032
v 1506.839264 -86.549523 55.778740
v 1510.343518 -91.389639 59.356822
v 1512.665176 -98.349040 59.959082
v 1516.819197 -98.347995 65.979353
v 1519.101552 -94.401836 71.676873
v 1520.156411 -89.386373 76.649306
v 1521.111096 -84.061824 81.131315
v 1523.820881 -84.334707 87.520397
v 1526.247876 -83.310242 93.923508
v 1528.517750 -83.098387 100.499592
v 1531.428411 -86.932917 105.460388
v 1534.106756 -94.194511 106.338792
v 1539.201524 -94.807599 112.646962
v 1542.573096 -92.129243 118.548324
v 1545.297277 -89.771931 124.332164
v 1548.088910 -87.148453 130.374431
v 1550.892289 -83.885096 136.642378
v 1555.261320 -83.353487 142.742381
v 1559.639141 -85.919267 148.237545
v 1563.722993 -89.439241 153.002423
v 1415.141753 -255.587333 11.387681
v 1418.860008 -249.892030 9.905485
v 1422.551790 -243.983896 8.854714
v 1426.428838 -238.349402 7.137865
v 1430.331614 -232.729962 5.394336
v 1434.122441 -226.886557 4.152082
v 1437.736177 -220.790051 3.715443
v 1441.205726 -214.590900 4.008073
v 1444.625051 -208.419002 4.687018
v 1448.060347 -202.408681 6.252783
v 1451.545501 -196.553160 8.273158
v 1455.021051 -190.592929 9.951697
v 1458.140746 -184.208811 9.419094
v 1461.118609 -177.928987 7.772776
v 1464.162430 -171.561150 6.772032
v 1467.196665 -165.131929 6.178198
v 1470.251890 -158.718975 5.451958
v 1473.338782 -152.346428 4.402474
v 1476.455189 -145.962427 3.360205
v 1479.579035 -139.493618 2.919092
v 1482.666905 -132.977065 3.298560
v 1485.709186 -126.500066 4.424970
v 1488.721805 -120.144305 6.188915
v 1491.705665 -114.074703 8.730136
v 1494.599470 -108.454569 12.294309
v 1497.330112 -103.450884 16.851081
v 1499.832088 -99.966489 22.746896
v 1502.117562 -98.542108 29.511316
v 1504.768515 -97.280721 36.175981
v 1507.124106 -93.053761 41.541382
v 1509.570229 -88.639506 46.681732
v 1512.320850 -85.070289 52.102877
v 1515.643950 -90.108516 55.721270
v 1517.442318 -97.281084 56.476068
v 1521.333486 -95.127934 62.415930
v 1522.376105 -90.479823 67.484752
v 1524.145210 -86.021094 72.700255
v 1526.901988 -82.820699 78.633885
v 1529.731638 -82.600546 85.166424
v 1531.804509 -80.396527 91.625693
v 1534.558335 -80.882802 98.211337
v 1537.494676 -85.402827 102.854027
v 1538.314882 -92.442823 102.784866
v 1540.732850 -88.940002 109.160811
v 1542.701665 -86.136905 115.253656
v 1545.866417 -83.539509 121.573053
v 1550.944337 -82.213969 127.327469
v 1556.096950 -82.743446 132.982647
v 1560.189944 -84.471707 138.940923
v 1564.573567 -86.720071 144.015741
v 1569.186172 -88.973039 149.000669
v 1420.957221 -258.879351 13.412290
v 1424.588917 -253.032318 12.240500
v 1428.178571 -247.011822 11.457555
v 1432.004091 -241.291517 9.889317
v 1435.913760 -235.686675 8.056591
v 1439.789871 -229.992725 6.355314
v 1443.537651 -224.073730 5.086598
v 1447.120766 -217.940038 4.442793
v 1450.594626 -211.729587 4.312091
v 1454.004005 -205.534694 5.041899
v 1457.436729 -199.502401 6.487386
v 1460.899749 -193.537196 8.017399
v 1464.167508 -187.252385 8.594889
v 1467.242101 -180.814736 8.175595
v 1470.281149 -174.401478 7.597727
v 1473.329537 -168.001072 6.949650
v 1476.384395 -161.614372 6.125536
v 1479.452489 -155.255043 5.031513
v 1482.554511 -148.870336 4.101081
v 1485.664279 -142.413340 3.812799
v 1488.752436 -135.923828 4.117289
v 1491.837508 -129.440168 4.854742
v 1494.904890 -123.016796 6.082335
v 1497.891665 -116.765633 8.175278
v 1500.757818 -110.935569 11.441887
v 1503.539056 -105.762859 15.643709
v 1506.116180 -102.170321 21.309265
v 1508.201995 -100.093772 27.682797
v 1510.676800 -96.505674 33.264670
v 1512.949839 -92.532737 38.557383
v 1515.523375 -88.067592 43.433613
v 1518.244578 -84.227823 48.317965
v 1520.775385 -89.466107 51.922827
v 1522.645273 -96.262851 53.240746
v 1524.243096 -90.784408 58.192026
v 1526.453860 -86.675128 63.627635
v 1529.701949 -84.575842 69.812471
v 1533.025523 -83.689561 76.253921
v 1535.567830 -81.287610 82.657696
v 1538.028913 -79.303475 89.093097
v 1540.866465 -79.851480 95.471502
v 1542.924828 -85.548368 98.695509
v 1543.740077 -92.211084 100.472995
v 1546.176773 -88.109982 106.338064
v 1548.827656 -85.834157 112.432555
v 1550.770171 -86.703905 119.128299
v 1552.697376 -88.592174 125.906802
v 1555.895896 -89.279819 132.012400
v 1560.387930 -90.873703 136.680481
v 1565.402489 -92.750322 141.186393
v 1570.909784 -94.431406 145.181511
v 1426.768675 -262.085182 15.495684
v 1430.296254 -256.077913 14.670973
v 1433.785558 -249.956457 14.148834
v 1437.534443 -244.115349 12.795861
v 1441.402996 -238.437321 11.059699
v 1445.298370 -232.780181 9.244532
v 1449.158687 -227.042000 7.520826
v 1452.907638 -221.123250 6.104461
v 1456.519338 -215.033090 5.123364
v 1460.000479 -208.820468 4.669185
v 1463.370491 -202.550186 4.915735
v 1466.702810 -196.319665 5.729197
v 1470.028776 -190.125674 6.725177
v 1473.245118 -183.787345 7.163878
v 1476.380165 -177.385490 7.165430
v 1479.457865 -170.991461 6.774621
v 1482.509522 -164.605539 6.099017
v 1485.569085 -158.212486 5.318611
v 1488.649665 -151.788727 4.868463
v 1491.713555 -145.343727 4.901429
v 1494.766151 -138.884007 5.312886
v 1497.833222 -132.441115 6.033790
v 1500.948539 -126.011528 6.892193
v 1504.041358 -119.613246 8.228338
v 1507.014918 -113.479916 10.641845
v 1509.836910 -108.302491 14.609859
v 1512.130803 -105.321249 20.631984
v 1513.908962 -103.393781 27.213288
v 1516.292709 -99.914143 33.114507
v 1519.082887 -95.132923 37.974804
v 1521.813825 -89.134610 40.885192
v 1524.738380 -84.407668 44.907321
v 1526.873202 -88.730743 49.761980
v 1528.018707 -95.724306 50.916057
v 1529.374860 -89.548894 55.329294
v 1531.984074 -84.945509 60.574610
v 1534.931228 -82.399574 66.962913
v 1538.140046 -80.795898 73.453493
v 1541.284814 -79.479365 79.869539
v 1544.363170 -78.890647 86.390040
v 1547.182789 -79.514390 92.696250
v 1548.553798 -85.960449 95.473865
v 1550.022986 -92.172025 98.398492
v 1551.163850 -91.832518 105.284938
v 1554.155563 -89.586733 111.054002
v 1556.757159 -87.778036 117.348829
v 1558.763233 -86.711122 123.668574
v 1560.477703 -84.338694 129.818777
v 1564.218133 -85.311362 135.488958
v 1569.404392 -87.979009 139.061423
v 1574.995869 -90.931767 141.471802
v 1432.568577 -265.205093 17.623176
v 1435.994530 -259.061786 17.107960
v 1439.404039 -252.862918 16.815588
v 1443.048041 -246.874694 15.764873
v 1446.816244 -241.036585 14.308098
v 1450.640483 -235.274285 12.663849
v 1454.505695 -229.559413 10.891395
v 1458.368039 -223.816955 9.130543
v 1462.160570 -217.954017 7.557062
v 1465.833431 -211.933979 6.321648
v 1469.356293 -205.749567 5.560255
v 1472.737219 -199.451081 5.365366
v 1476.017693 -193.111564 5.710490
v 1479.248056 -186.757004 6.251444
v 1482.442687 -180.382564 6.558139
v 1485.569997 -173.993725 6.345159
v 1488.633006 -167.584495 5.891987
v 1491.694086 -161.152153 5.597987
v 1494.742745 -154.714849 5.688419
v 1497.759307 -148.286488 5.980980
v 1500.759591 -141.857054 6.563259
v 1503.749889 -135.440929 7.506596
v 1506.821556 -129.010251 8.345067
v 1510.084260 -122.571344 8.933308
v 1513.307569 -116.210615 10.161855
v 1516.186751 -110.748891 13.695098
v 1518.379527 -107.724391 19.746059
v 1520.251141 -105.812463 26.333044
v 1522.390987 -101.838709 31.804286
v 1524.888141 -96.724046 36.244106
v 1527.895156 -90.525989 38.170792
v 1531.181108 -85.581361 42.160291
v 1533.055157 -88.734658 48.002498
v 1534.153056 -95.647088 50.747626
v 1534.521162 -93.595294 57.783417
v 1537.740839 -87.417747 59.695093
v 1540.557816 -84.181039 65.291884
v 1543.950246 -81.358478 70.773294
v 1547.359659 -79.754539 77.281012
v 1550.483643 -79.662039 83.802622
v 1553.580812 -80.212020 90.180391
v 1555.200087 -84.462055 95.726947
v 1556.531203 -90.685948 98.295040
v 1557.655792 -95.964058 103.641685
v 1560.251527 -94.548223 110.058304
v 1562.774066 -91.208613 116.373733
v 1564.934127 -87.494296 121.937420
v 1566.801105 -83.186393 127.098864
v 1568.738684 -80.532697 133.632387
v 1572.302772 -81.914100 140.072518
v 1577.484954 -85.347450 144.399028
v 1438.341801 -268.231609 19.832977
v 1441.707292 -262.041248 19.402860
v 1445.098430 -255.823864 19.169788
v 1448.654839 -249.735355 18.390599
v 1452.314379 -243.745920 17.280243
v 1456.039762 -237.829906 15.938780
v 1459.818470 -231.986632 14.388739
v 1463.638942 -226.196009 12.705379
v 1467.468218 -220.397961 11.032796
v 1471.262167 -214.529322 9.496981
v 1474.975275 -208.550693 8.185815
v 1478.551827 -202.428623 7.218626
v 1481.963542 -196.154158 6.721973
v 1485.285048 -189.798179 6.480165
v 1488.519924 -183.406043 6.032480
v 1491.624597 -176.984427 5.295704
v 1494.657903 -170.519912 4.648350
v 1497.746602 -164.040232 4.546057
v 1500.889659 -157.578805 4.882170
v 1503.913974 -151.114499 5.305539
v 1506.899875 -144.722233 6.245035
v 1509.859901 -138.369408 7.710000
v 1512.794103 -131.996221 9.318263
v 1515.975225 -125.498236 10.208213
v 1519.421789 -119.148108 10.525630
v 1522.551825 -113.314819 13.121559
v 1524.881083 -109.277140 18.490327
v 1526.829867 -106.930912 24.824494
v 1528.750198 -102.781800 30.194551
v 1530.679969 -99.707366 36.553747
v 1533.984719 -93.461466 37.872618
v 1537.386077 -87.711214 40.042827
v 1539.433375 -89.039377 46.616454
v 1540.136872 -94.778518 51.026423
v 1541.111719 -95.701280 58.012168
v 1543.449771 -89.848815 59.501011
v 1544.461370 -90.019484 66.467301
v 1548.444830 -86.346225 70.701734
v 1552.299355 -83.457007 75.477462
v 1555.486323 -83.689014 81.545511
v 1559.265307 -82.930388 87.634858
v 1561.823836 -84.552003 93.865399
v 1562.778678 -88.806503 99.359931
v 1563.912645 -96.191617 102.484136
v 1566.827274 -94.620719 108.156863
v 1568.582003 -93.546192 115.252798
v 1570.894104 -90.158138 121.459858
v 1573.108210 -85.583026 126.565345
v 1575.094777 -80.638543 131.174389
v 1577.588772 -79.044229 137.352819
v 1581.132801 -79.494899 143.721969
v 1444.002895 -271.194701 22.150949
v 1447.579330 -265.031284 21.327440
v 1451.025986 -258.956396 20.619638
v 1454.542562 -252.941010 19.755864
v 1458.150107 -246.967373 18.743040
v 1461.821394 -241.016260 17.617812
v 1465.532102 -235.072961 16.406957
v 1469.260922 -229.126044 15.128826
v 1472.995925 -223.175944 13.794822
v 1476.736906 -217.226797 12.406537
v 1480.488336 -211.268539 10.966748
v 1484.217379 -205.259455 9.498196
v 1487.841751 -199.131364 8.036712
v 1491.261922 -192.842809 6.614560
v 1494.461061 -186.430373 5.255311
v 1497.495172 -179.945656 3.955859
v 1500.414824 -173.376892 2.766287
v 1503.258698 -166.674847 1.834923
v 1506.080350 -159.888099 1.313213
v 1508.947099 -153.124493 1.371420
v 1512.067952 -146.297156 2.408194
v 1515.500558 -139.950152 4.659562
v 1518.840166 -134.115304 7.357683
v 1521.870605 -128.084295 9.539721
v 1525.223210 -122.409358 10.980340
v 1528.729870 -116.157978 13.001710
v 1531.502543 -110.844342 17.293208
v 1533.616771 -107.017844 23.087462
v 1535.203614 -104.468168 29.575834
v 1536.456998 -102.399716 36.115144
v 1539.793543 -96.019828 35.987624
v 1543.309353 -89.969768 37.918165
v 1545.287489 -91.571124 44.754761
v 1546.579588 -93.484334 51.405437
v 1546.697686 -96.960843 57.889774
v 1549.871198 -90.847817 59.080457
v 1550.221061 -93.741524 65.467529
v 1553.998773 -88.273665 67.610981
v 1557.837921 -83.904275 72.299014
v 1561.538708 -84.835848 78.808164
v 1564.482380 -86.098623 85.241056
v 1567.496794 -87.109170 91.175889
v 1570.091277 -89.184773 97.892689
v 1570.642326 -95.931294 100.299364
v 1572.991268 -94.411518 106.597796
v 1574.688512 -92.759333 112.896525
v 1576.733740 -89.136435 118.246441
v 1578.961331 -84.854183 123.267853
v 1581.369059 -80.539856 128.527570
v 1583.504502 -77.221913 134.551722
v 1585.086634 -74.507941 141.015251
v 1442.805302 -269.472943 27.261859
v 1447.841839 -264.417948 26.832891
v 1452.012566 -258.717054 26.050637
v 1455.859495 -252.796263 25.111299
v 1459.602365 -246.824314 24.055413
v 1463.260400 -240.800670 22.916294
v 1466.820007 -234.708332 21.719965
v 1470.329203 -228.576061 20.467411
v 1473.837839 -222.439268 19.150333
v 1477.387908 -216.329807 17.765257
v 1481.051604 -210.284994 16.308165
v 1484.798227 -204.277532 14.808493
v 1488.537773 -198.246134 13.309177
v 1492.163164 -192.124933 11.860601
v 1495.615233 -185.892626 10.475126
v 1498.939919 -179.593133 9.143259
v 1502.276577 -173.321571 7.836109
v 1505.869803 -167.211600 6.506946
v 1509.628724 -161.196726 5.212432
v 1512.844866 -155.030642 4.537066
v 1514.053708 -148.441333 6.914507
v 1515.581668 -142.144451 9.561194
v 1517.604523 -135.749992 12.421040
v 1521.741294 -129.851733 15.374537
v 1526.762342 -124.029223 16.048201
v 1532.176536 -119.397165 15.696179
v 1536.097071 -113.939170 18.266297
v 1538.602525 -109.331815 23.261865
v 1540.234126 -106.348816 29.504978
v 1541.362482 -104.571263 36.369338
v 1544.414177 -98.315214 37.541758
v 1548.062563 -92.786587 37.223755
v 1545.479978 -97.096204 42.624277
v 1547.854806 -99.361836 50.413811
v 1551.861729 -98.640319 55.935301
v 1555.479022 -93.200936 58.761749
v 1555.312197 -96.262035 64.819232
v 1558.423397 -91.671194 68.640070
v 1562.002601 -86.364939 69.964940
v 1562.775651 -89.685215 76.858380
v 1565.870292 -91.934459 83.859253
v 1570.483408 -91.874175 89.318127
v 1574.473223 -90.873930 95.221332
v 1576.390230 -96.400051 98.580067
v 1578.172968 -95.484668 105.552642
v 1579.660285 -95.162058 112.326863
v 1581.422334 -92.119851 118.492947
v 1583.571771 -87.839234 123.701276
v 1585.760004 -83.894501 129.046484
v 1587.087558 -81.356799 135.502158
v 1589.333350 -77.783294 141.305539
v 1441.548817 -267.689596 32.193714
v 1446.795061 -262.840668 31.989794
v 1451.436845 -257.416597 31.342119
v 1455.818134 -251.781165 30.472771
v 1460.054631 -246.050612 29.444821
v 1464.157916 -240.248940 28.279186
v 1468.119005 -234.357624 27.007921
v 1471.906041 -228.350950 25.673781
v 1475.549358 -222.253482 24.316903
v 1479.140361 -216.136864 22.923519
v 1482.793351 -210.064624 21.463261
v 1486.551417 -204.053277 19.944075
v 1490.369119 -198.074426 18.407785
v 1494.129456 -192.046597 16.893329
v 1497.721888 -185.896640 15.468333
v 1501.089901 -179.627852 14.142890
v 1504.441256 -173.391253 12.854088
v 1508.148815 -167.438866 11.420158
v 1512.461990 -161.977009 9.815682
v 1516.630393 -156.351711 8.399424
v 1519.353946 -149.769342 7.477684
v 1520.827488 -142.840563 7.570616
v 1523.175479 -138.478429 11.127283
v 1525.593383 -133.464777 16.795891
v 1531.035498 -127.711702 17.167227
v 1535.590167 -122.903404 17.910018
v 1539.838379 -117.363461 20.304823
v 1543.162887 -112.255370 24.342657
v 1545.511790 -108.087924 29.794144
v 1546.558008 -105.927821 36.252098
v 1549.246719 -100.629160 38.078029
v 1552.832989 -94.960838 38.391235
v 1550.816804 -98.856737 42.898909
v 1553.405530 -96.505598 48.468914
v 1557.341373 -98.390066 53.407113
v 1560.396427 -96.076251 57.751551
v 1560.618802 -98.012954 64.014883
v 1563.104255 -94.537074 68.769865
v 1566.903035 -88.521827 69.541257
v 1567.104909 -85.685228 75.629998
v 1571.021162 -90.771812 81.347353
v 1574.527554 -93.888511 86.406835
v 1577.947672 -94.943863 91.746395
v 1582.724983 -95.923680 98.280314
v 1583.447334 -96.476783 104.269880
v 1585.107600 -95.657298 110.963225
v 1586.725874 -93.433200 117.456354
v 1588.492099 -90.409181 123.555368
v 1590.435197 -86.839358 129.245456
v 1591.753363 -84.423993 135.705861
v 1593.796905 -80.763488 141.504205
v 1440.115658 -265.947507 37.155939
v 1444.908034 -260.658127 36.670253
v 1449.637736 -255.274995 36.009794
v 1454.290049 -249.775349 35.270965
v 1458.877637 -244.216355 34.390912
v 1463.422073 -238.634182 33.374124
v 1467.924939 -233.051121 32.226301
v 1472.384618 -227.458989 30.948397
v 1476.757437 -221.770689 29.528953
v 1480.911724 -215.936265 28.015570
v 1484.853090 -210.026011 26.461032
v 1488.722046 -204.136095 24.887042
v 1492.598503 -198.257108 23.303350
v 1496.457565 -192.258917 21.728885
v 1500.168622 -186.114328 20.254904
v 1503.674457 -179.864795 18.925151
v 1507.035091 -173.630595 17.658226
v 1510.415298 -167.490390 16.399226
v 1513.878353 -161.412151 15.096101
v 1517.399104 -155.481162 13.767128
v 1521.049357 -149.550275 12.657544
v 1524.728264 -157.711615 15.595528
v 1528.129262 -151.411896 13.786636
v 1530.584054 -149.357053 20.002240
v 1533.668785 -145.248840 24.848749
v 1537.602654 -125.688163 22.296117
v 1541.252539 -120.507098 24.483386
v 1544.851556 -116.162538 27.779828
v 1548.326343 -112.138669 32.121453
v 1551.285960 -108.283064 37.317667
v 1553.777381 -112.862699 40.666578
v 1555.027110 -110.788165 43.292752
v 1556.027271 -111.873494 45.153010
v 1558.575138 -111.487930 47.327901
v 1560.393651 -107.181730 53.459432
v 1563.913150 -100.828354 57.248666
v 1566.379428 -100.097889 63.145984
v 1568.757681 -96.662301 68.167765
v 1570.868718 -97.906651 72.179212
v 1572.451698 -91.920954 76.133206
v 1575.446416 -93.312040 81.142007
v 1579.294803 -97.782915 85.505647
v 1582.855701 -102.436395 89.990810
v 1586.011818 -105.663272 95.956171
v 1588.802905 -98.039907 103.108809
v 1590.576890 -96.302795 109.909757
v 1592.140580 -94.477179 116.527750
v 1593.743729 -92.202742 122.885249
v 1595.384157 -89.467372 129.085827
v 1596.909913 -86.522980 135.266899
v 1598.470968 -83.554331 141.581824
v 1435.378630 -261.982145 34.324712
v 1440.036299 -256.685472 34.026817
v 1444.587239 -251.183491 34.044612
v 1449.110905 -245.640480 33.944310
v 1453.658808 -240.107676 33.232015
v 1458.186846 -234.597498 32.067626
v 1462.661575 -229.076686 30.805715
v 1467.064710 -223.497975 29.725114
v 1471.372961 -217.753182 29.346921
v 1475.658312 -211.944930 29.244805
v 1479.922796 -206.100382 28.818009
v 1484.054053 -200.222091 27.823137
v 1487.887840 -194.337241 26.162018
v 1491.514385 -188.450061 24.167663
v 1495.388101 -182.484836 23.139110
v 1499.327375 -176.452994 22.677760
v 1503.070455 -170.308597 21.927142
v 1506.429340 -164.072778 20.587845
v 1509.410482 -157.822148 18.676193
v 1512.473097 -151.649078 16.699628
v 1516.194000 -145.697622 15.549440
v 1519.907704 -153.963965 19.528410
v 1522.433673 -147.080687 15.628167
v 1526.863008 -142.950886 18.447720
v 1528.056401 -141.618295 26.069404
v 1532.070810 -122.520235 24.802674
v 1535.607754 -116.546581 25.900947
v 1539.206749 -112.607384 30.212937
v 1542.606374 -110.871241 35.949460
v 1546.131396 -107.800527 41.072792
v 1548.924171 -113.114452 45.775938
v 1548.417915 -111.201315 46.784854
v 1552.843859 -112.375698 50.749853
v 1553.724752 -110.105991 53.383798
v 1555.039620 -107.186862 57.857638
v 1558.061548 -102.489159 60.811653
v 1561.524403 -102.008113 66.991348
v 1564.903734 -99.632879 72.812446
v 1566.186118 -100.052501 76.898679
v 1566.498481 -93.956913 80.547425
v 1570.235195 -94.020736 85.766640
v 1575.384647 -95.998028 90.040274
v 1579.599997 -98.372049 96.041878
v 1579.932656 -106.492829 99.675880
v 1583.963034 -101.579777 105.672696
v 1587.524670 -101.524160 112.249388
v 1590.862218 -100.607977 118.891450
v 1593.306406 -98.394957 125.635917
v 1594.612680 -95.523308 132.164537
v 1595.063438 -92.225695 138.398770
v 1595.263667 -88.664310 144.625583
v 1430.572104 -258.065154 31.544049
v 1435.070487 -252.629885 31.752716
v 1439.436112 -247.060308 32.441928
v 1443.882573 -241.480367 32.758573
v 1448.425049 -235.978264 32.127226
v 1452.918398 -230.536191 30.844906
v 1457.345157 -225.074736 29.429120
v 1461.732224 -219.505449 28.371447
v 1466.044892 -213.771217 28.148974
v 1470.260330 -207.951824 28.545844
v 1474.456568 -202.108214 29.023575
v 1478.634168 -196.240254 28.953989
v 1482.574318 -190.381197 27.674410
v 1486.216103 -184.553350 25.601819
v 1490.018811 -178.638530 24.137404
v 1493.993635 -172.661388 23.927068
v 1497.950132 -166.655713 24.209300
v 1501.809112 -160.551168 23.903859
v 1505.267146 -154.325697 22.569055
v 1508.292411 -148.072463 20.606340
v 1511.755886 -141.983598 19.176554
v 1515.158704 -149.950223 22.119196
v 1516.568866 -144.211789 18.316611
v 1521.022343 -138.456197 20.045421
v 1523.181395 -137.728143 26.641751
v 1526.710442 -119.355283 26.528633
v 1529.970800 -113.346379 28.234022
v 1533.605907 -109.917843 33.097592
v 1536.952025 -108.850830 39.103251
v 1540.486146 -105.771108 44.098293
v 1543.786755 -114.165756 49.674810
v 1543.721871 -113.633526 53.523960
v 1547.656973 -113.078094 54.944158
v 1551.183396 -111.579993 60.617594
v 1549.933278 -107.054116 62.399355
v 1552.218941 -102.283448 64.618048
v 1555.676885 -101.953498 70.363048
v 1559.341881 -100.973884 76.394073
v 1560.121871 -101.479123 80.259767
v 1560.820864 -96.169540 84.346234
v 1565.116420 -97.922923 89.172935
v 1569.906587 -99.775943 94.394599
v 1574.363110 -98.038625 100.566604
v 1575.030179 -105.264996 103.074643
v 1578.386522 -101.275009 109.025415
v 1581.932415 -101.618827 115.371785
v 1585.201081 -101.567970 121.890955
v 1588.172812 -101.522063 128.494024
v 1590.669471 -100.227762 135.116590
v 1592.092608 -97.398132 141.467730
v 1591.754916 -93.484770 147.443828
v 1425.743648 -254.075889 28.831822
v 1430.122102 -248.572396 29.458698
v 1434.435644 -243.014364 30.274312
v 1438.739407 -237.422698 31.006312
v 1443.168278 -231.870028 30.933359
v 1447.598210 -226.383822 30.053493
v 1451.984630 -220.935112 28.687033
v 1456.360400 -215.431289 27.355762
v 1460.716203 -209.755448 26.861752
v 1464.927542 -203.960718 27.281955
v 1468.991669 -198.125142 28.202008
v 1473.045084 -192.268792 28.948951
v 1477.118620 -186.397018 28.606825
v 1480.942678 -180.570372 26.922554
v 1484.624751 -174.739777 24.937211
v 1488.540473 -168.801930 23.816981
v 1492.486337 -162.802945 23.975668
v 1496.312043 -156.815515 24.861195
v 1500.217521 -150.739758 25.159972
v 1503.938369 -144.552944 24.314323
v 1507.358048 -138.368921 22.955063
v 1510.566874 -132.296671 21.203885
v 1511.776748 -126.584836 17.174138
v 1515.638465 -120.946450 17.324054
v 1517.816356 -120.685717 24.023204
v 1521.263659 -117.040072 29.148116
v 1524.287227 -110.903814 31.423117
v 1527.956634 -107.961145 36.469472
v 1531.317195 -106.035797 42.071674
v 1534.599975 -104.621749 47.821443
v 1537.601372 -103.039090 53.008655
v 1540.543787 -101.078762 57.926833
v 1546.069865 -102.387440 63.411638
v 1544.574182 -95.159159 63.473444
v 1541.172551 -100.237771 63.192954
v 1546.079872 -101.602260 68.716928
v 1549.855310 -101.994734 74.042673
v 1553.401977 -102.090886 79.739535
v 1554.904327 -96.966669 84.108553
v 1556.452835 -92.636049 89.168574
v 1561.140983 -97.775887 93.957194
v 1566.322979 -99.028727 99.058136
v 1569.024136 -97.811606 104.260792
v 1569.660045 -104.907107 106.133686
v 1573.267644 -98.789471 112.399485
v 1576.738463 -98.971168 118.565533
v 1579.385003 -100.650137 124.833079
v 1582.068653 -101.625063 131.302498
v 1584.497230 -101.588270 137.788531
v 1586.849061 -101.187530 144.431587
v 1587.940964 -97.737937 150.238027
v 1420.926284 -250.028136 26.152910
v 1425.330675 -244.543866 26.754636
v 1429.653387 -239.018468 27.523815
v 1433.648001 -233.371213 29.014243
v 1437.833332 -227.732999 30.045966
v 1442.253487 -222.168327 29.789783
v 1446.638326 -216.697825 28.559014
v 1450.965574 -211.250567 26.962757
v 1455.317163 -205.672072 25.949199
v 1459.586709 -199.944524 25.903250
v 1463.641504 -194.134705 26.765139
v 1467.551657 -188.293725 27.993538
v 1471.559838 -182.425694 28.646315
v 1475.612354 -176.544384 28.036487
v 1479.402062 -170.723821 26.186002
v 1483.113790 -164.900125 24.141948
v 1487.070497 -158.966673 22.949647
v 1491.025189 -152.972477 23.168614
v 1494.644341 -146.963927 24.823572
v 1498.510943 -140.917768 25.922956
v 1502.432841 -134.779930 25.955245
v 1505.838107 -128.584600 24.675586
v 1507.131014 -122.750798 20.716021
v 1510.386693 -116.964926 19.478007
v 1512.384027 -117.594309 26.175514
v 1515.667680 -114.939759 31.866052
v 1518.932368 -109.575251 35.415918
v 1522.271485 -105.411607 39.694897
v 1525.625393 -104.094179 45.546500
v 1528.854546 -103.037344 51.317961
v 1532.225867 -101.775047 57.028151
v 1536.264729 -102.912871 62.550437
v 1540.801124 -102.305935 68.079420
v 1539.715192 -95.352425 68.878326
v 1536.221880 -99.870077 66.898121
v 1540.407699 -100.049184 72.890112
v 1544.112870 -100.945074 78.065621
v 1547.532115 -102.190373 83.555881
v 1551.464130 -100.818495 88.909600
v 1553.929960 -97.311901 93.523913
v 1557.748481 -102.115418 98.274691
v 1560.216781 -97.380518 103.858083
v 1563.559730 -96.645852 109.025148
v 1563.816543 -104.752358 110.271394
v 1567.882078 -98.828107 115.931136
v 1571.207329 -96.691467 121.862945
v 1573.689758 -98.846549 127.960177
v 1575.817921 -101.730416 133.890683
v 1578.126801 -101.695564 140.389191
v 1580.383769 -101.661574 146.947737
v 1582.573977 -99.637160 153.458188
v 1416.122586 -245.938801 23.485551
v 1420.694352 -240.549682 23.708054
v 1425.028223 -235.009872 24.515536
v 1428.706422 -229.328996 26.678002
v 1432.581157 -223.665149 28.539441
v 1436.876437 -218.022067 29.211704
v 1441.288645 -212.481800 28.478059
v 1445.593876 -207.020708 26.958458
v 1449.887769 -201.516618 25.499991
v 1454.189388 -195.882956 24.738905
v 1458.374883 -190.121114 25.013662
v 1462.299357 -184.296741 26.151958
v 1466.106156 -178.453145 27.542686
v 1470.110953 -172.578703 28.190175
v 1474.147187 -166.713184 27.280746
v 1477.877565 -160.914765 25.170456
v 1481.597967 -155.100381 22.908518
v 1485.618047 -149.134658 21.791830
v 1489.513262 -143.095130 22.936453
v 1493.093930 -137.072390 24.839476
v 1496.784238 -131.145402 26.353544
v 1500.466785 -124.896796 27.209740
v 1502.888686 -118.738865 24.385530
v 1505.269818 -112.986889 22.053239
v 1506.890612 -114.519031 28.537593
v 1510.118969 -111.951386 34.107261
v 1513.537384 -108.641190 39.274582
v 1516.566500 -104.037410 43.559549
v 1519.987637 -103.500855 49.363027
v 1523.408181 -101.967997 55.207924
v 1527.088178 -102.573218 61.159486
v 1531.126014 -102.472837 66.736604
v 1535.381046 -102.363895 72.416767
v 1534.522330 -95.572317 74.038148
v 1530.817647 -99.779106 71.320960
v 1534.884092 -99.941426 77.140916
v 1538.806008 -99.076095 82.238376
v 1542.283127 -101.277198 87.719473
v 1546.281994 -102.211020 93.250934
v 1550.357125 -101.393121 98.616048
v 1552.337201 -102.412157 102.339933
v 1555.342250 -100.034736 107.997279
v 1557.937558 -98.093338 114.114484
v 1558.937193 -104.747752 113.664023
v 1562.578889 -99.709323 119.593663
v 1565.190995 -95.819167 124.935284
v 1567.781464 -97.966249 131.011784
v 1569.498989 -101.836708 136.298874
v 1571.709703 -101.803492 142.823204
v 1574.140845 -101.766633 149.467837
v 1576.550080 -100.851176 156.139563
v 1411.351689 -241.808016 20.833983
v 1416.077801 -236.520317 20.684311
v 1420.359939 -230.940046 21.673567
v 1423.946071 -225.268261 24.036466
v 1427.551334 -219.609939 26.398483
v 1431.548601 -213.943031 27.981057
v 1435.895922 -208.312466 28.204476
v 1440.231625 -202.801175 27.068337
v 1444.486661 -197.311525 25.473776
v 1448.747972 -191.744765 24.201059
v 1453.011947 -186.065119 23.630322
v 1457.137078 -180.274283 24.106010
v 1460.968950 -174.443711 25.460253
v 1464.674758 -168.614318 27.160966
v 1468.723050 -162.732275 27.922231
v 1472.757417 -156.878955 26.618096
v 1476.430477 -151.093017 24.334085
v 1480.105473 -145.249863 22.218064
v 1484.153422 -139.256866 21.752429
v 1488.132769 -133.240816 22.423476
v 1491.764153 -127.163542 24.142891
v 1494.688401 -121.296459 27.390337
v 1497.811062 -114.984768 26.914640
v 1500.282450 -109.017613 24.926416
v 1501.446000 -111.176923 31.113283
v 1504.569077 -109.996430 37.180229
v 1507.787746 -106.893319 42.402271
v 1511.008739 -103.672345 47.629397
v 1514.451502 -101.909696 53.221520
v 1518.021790 -102.266079 59.180396
v 1521.779223 -102.636844 65.128254
v 1525.669683 -102.555526 71.089280
v 1530.087108 -102.487264 76.549091
v 1529.681113 -95.698834 78.699408
v 1525.263169 -100.231747 75.905894
v 1529.772628 -101.171309 81.742797
v 1533.382171 -98.547687 86.573570
v 1537.636320 -98.790809 92.130109
v 1541.002225 -102.300323 97.377855
v 1544.939725 -101.515863 103.068142
v 1546.282310 -94.730991 104.574608
v 1549.166956 -91.456998 110.271668
v 1551.729636 -93.512183 116.723877
v 1553.740082 -100.142702 116.971672
v 1556.951614 -100.301667 123.118954
v 1559.153100 -95.603919 127.926390
v 1561.984529 -96.924011 134.192264
v 1563.032447 -101.945549 138.628996
v 1565.403771 -101.909721 145.233784
v 1567.880987 -101.872124 151.935069
v 1570.355483 -101.779345 158.631779
v 1406.614330 -237.655725 18.201636
v 1411.402269 -232.416942 17.845570
v 1415.650742 -226.828859 18.938960
v 1419.253095 -221.167214 21.283217
v 1422.705613 -215.525449 23.895504
v 1426.379299 -209.871931 26.177074
v 1430.483184 -204.200752 27.462651
v 1434.854985 -198.599508 27.118325
v 1439.131448 -193.083899 25.760990
v 1443.351742 -187.534533 24.345617
v 1447.566817 -181.918752 23.207599
v 1451.798971 -176.208344 22.670954
v 1455.900279 -170.399568 23.282982
v 1459.642855 -164.582188 24.976472
v 1463.264481 -158.778896 27.011388
v 1467.390570 -152.885253 27.514146
v 1471.382134 -147.024948 26.242646
v 1474.892177 -141.240411 23.810946
v 1478.658717 -135.314833 22.310904
v 1482.558231 -129.419062 23.020818
v 1486.146216 -123.906609 25.313480
v 1489.236220 -117.680927 26.476429
v 1492.052777 -111.468849 27.663566
v 1494.796027 -105.353007 28.017913
v 1496.744719 -106.928472 34.024061
v 1498.801310 -108.147894 40.272549
v 1502.072171 -104.970945 45.607970
v 1505.456813 -103.224613 51.407761
v 1508.937467 -101.712338 57.294795
v 1512.598325 -102.929426 63.104458
v 1516.345515 -102.672274 69.091392
v 1520.156937 -102.656027 75.048275
v 1524.349456 -102.584419 80.680954
v 1523.061978 -94.269659 80.313089
v 1520.747469 -98.932010 81.635557
v 1524.815615 -102.576216 86.035373
v 1528.578588 -100.281003 91.164601
v 1532.402979 -98.137418 96.523408
v 1535.728327 -102.007541 101.310582
v 1539.526217 -106.782170 107.131887
v 1540.391178 -100.044656 107.461549
v 1543.313462 -97.241815 113.253093
v 1545.732442 -102.323354 117.539279
v 1547.996862 -101.961575 120.390636
v 1551.053193 -100.550410 126.432306
v 1553.229554 -95.642719 131.034822
v 1556.416328 -95.403415 137.326087
v 1556.612555 -101.411568 141.131166
v 1559.213065 -102.013975 147.713570
v 1561.650761 -101.830415 154.378310
v 1564.046557 -101.940836 161.105394
v 1401.876046 -233.512124 15.590630
v 1406.673142 -228.271085 15.147898
v 1410.942165 -222.691206 16.207136
v 1414.619047 -217.033253 18.440200
v 1418.004914 -211.399391 21.182593
v 1421.413216 -205.771339 23.936221
v 1425.198505 -200.107923 26.030617
v 1429.444628 -194.440193 26.752844
v 1433.784118 -188.855640 26.115486
v 1438.049841 -183.276916 25.108954
v 1442.226047 -177.684470 23.866888
v 1446.352473 -172.047076 22.586537
v 1450.551449 -166.314409 21.966784
v 1454.634425 -160.497808 22.745747
v 1458.271615 -154.717776 24.770365
v 1461.903586 -148.930096 26.866893
v 1465.975890 -143.033567 27.203562
v 1469.760985 -137.176734 25.480535
v 1473.263733 -131.306100 23.454695
v 1477.123161 -125.589087 24.455503
v 1480.878031 -120.732576 27.749880
v 1484.750891 -115.750623 31.058469
v 1487.161665 -109.052192 31.253695
v 1489.085186 -102.437937 31.614727
v 1492.366639 -102.487981 37.479211
v 1493.131243 -105.947854 43.365043
v 1496.487676 -104.103970 49.231840
v 1499.860833 -101.950423 55.139115
v 1503.398860 -102.628719 60.979189
v 1507.451269 -102.872636 67.250950
v 1510.759226 -102.809416 73.055870
v 1514.393931 -102.753785 78.864217
v 1517.736055 -102.012932 84.842796
v 1514.942260 -95.636237 82.106747
v 1517.683987 -97.109039 87.944414
v 1519.682068 -102.663039 90.876333
v 1523.828443 -101.964227 95.998820
v 1527.019183 -98.309825 100.867088
v 1530.497336 -102.253749 105.368188
v 1534.236272 -106.223209 110.987970
v 1534.190535 -99.137747 111.610088
v 1537.537399 -97.700960 116.723293
v 1539.305759 -105.031210 118.084682
v 1541.957881 -102.287999 123.835944
v 1545.279300 -100.866466 129.861944
v 1547.448625 -95.902167 134.403556
v 1550.624824 -93.708831 140.281620
v 1550.767469 -99.445908 144.195290
v 1553.006414 -102.118521 150.211530
v 1555.405053 -102.082148 156.813737
v 1557.869316 -102.044854 163.554812
v 1397.126834 -229.393014 12.998976
v 1401.915482 -224.115494 12.536360
v 1406.217810 -218.532314 13.501876
v 1409.966757 -212.875669 15.650190
v 1413.375879 -207.241498 18.404152
v 1416.682393 -201.618643 21.319423
v 1420.168565 -195.971625 23.951522
v 1424.104022 -190.274253 25.712007
v 1428.412555 -184.635802 26.167338
v 1432.761311 -179.027443 25.973612
v 1437.033994 -173.418865 25.211654
v 1441.095376 -167.807312 23.729473
v 1445.099932 -162.155922 22.190647
v 1449.249082 -156.394403 21.580448
v 1453.263026 -150.599350 22.679750
v 1456.753991 -144.895855 25.107417
v 1460.455820 -139.054568 26.925594
v 1464.476269 -133.200046 26.382505
v 1468.037986 -127.314333 24.738368
v 1471.880795 -121.624836 26.062218
v 1475.765884 -116.948385 29.526964
v 1479.451844 -112.682507 33.645762
v 1483.040468 -107.401088 36.520807
v 1483.657553 -100.477102 35.754029
v 1487.315610 -99.229300 41.128667
v 1487.665165 -103.732687 46.393930
v 1490.917380 -102.729936 52.704832
v 1494.270255 -104.635617 58.804185
v 1497.534068 -106.179272 64.469746
v 1501.657504 -105.960129 71.289802
v 1505.077694 -102.912211 76.777521
v 1508.671518 -102.850737 82.750564
v 1511.965894 -102.398147 88.388961
v 1508.900355 -97.243271 85.431915
v 1511.941358 -97.417073 91.422430
v 1514.462341 -102.751477 95.236877
v 1518.648222 -102.670255 100.761935
v 1521.799522 -98.754726 105.282026
v 1525.381188 -102.548250 109.784368
v 1529.291816 -106.083499 115.032277
v 1529.014623 -99.039211 115.976618
v 1533.563348 -97.945752 121.063358
v 1533.247361 -105.252884 121.493498
v 1536.239978 -102.352654 127.175656
v 1539.595851 -101.296264 133.546369
v 1541.785717 -107.451177 138.102585
v 1544.270327 -103.413067 142.977355
v 1545.571837 -107.901968 147.973937
v 1546.834941 -113.271392 152.586994
v 1549.241533 -102.186029 159.268070
v 1551.685224 -102.149055 165.996375
v 1392.371647 -225.306877 10.457524
v 1397.114353 -219.959918 10.037726
v 1401.387622 -214.348278 11.009827
v 1405.224621 -208.693776 13.050032
v 1408.746101 -203.064250 15.667663
v 1412.139616 -197.439408 18.467844
v 1415.493134 -191.805949 21.293662
v 1419.107525 -186.136690 23.672592
v 1423.152707 -180.454444 25.110794
v 1427.420114 -174.811555 25.952420
v 1431.741550 -169.186114 26.076721
v 1435.949761 -163.546842 25.248385
v 1439.877992 -157.936361 23.561421
v 1443.778458 -152.263312 21.967983
v 1447.866534 -146.448466 21.693943
v 1451.806200 -140.665285 23.025612
v 1455.390015 -134.977205 25.056666
v 1459.092602 -129.210560 25.961318
v 1462.830257 -123.338520 26.263949
v 1466.696096 -118.120702 28.527816
v 1470.532870 -113.612684 32.086852
v 1474.388632 -109.947570 36.658214
v 1478.117798 -105.849521 40.922444
v 1478.361974 -98.963760 39.910342
v 1481.975973 -96.403557 44.865651
v 1482.315170 -101.268548 49.743609
v 1485.407091 -102.100415 56.003889
v 1488.508259 -104.381431 62.223353
v 1492.086951 -103.402730 68.976371
v 1495.913541 -105.176614 74.986223
v 1499.350248 -103.009297 80.757731
v 1503.044915 -102.946027 86.501795
v 1506.141306 -102.893128 92.099122
v 1502.871990 -98.212757 88.558438
v 1506.200234 -98.369565 94.861257
v 1509.256043 -102.785064 99.306706
v 1513.288684 -102.770696 105.058478
v 1516.652519 -99.195802 109.941223
v 1520.544295 -102.646832 114.507712
v 1524.962081 -106.959052 119.242577
v 1524.990674 -99.025676 121.290092
v 1529.256303 -96.858075 125.335055
v 1527.801953 -104.912411 125.785750
v 1530.720272 -102.478646 130.708076
v 1534.063408 -101.851280 137.012711
v 1536.393308 -108.526942 142.150410
v 1537.883486 -102.308485 146.295115
v 1539.845985 -105.748291 151.649681
v 1540.513769 -112.699081 155.045861
v 1542.970503 -102.291536 161.714033
v 1545.523029 -102.251653 168.422711
v 1387.574527 -221.252037 8.105743
v 1392.197803 -215.786031 7.794695
v 1396.369291 -210.135590 8.973823
v 1400.290926 -204.490358 10.861247
v 1404.049279 -198.861215 13.096937
v 1407.673304 -193.234806 15.561499
v 1411.164545 -187.645037 18.202010
v 1414.686636 -181.960311 20.640926
v 1418.543365 -176.326632 22.388497
v 1422.409628 -170.689345 23.760249
v 1426.377005 -165.026596 25.117148
v 1430.542173 -159.349693 25.780558
v 1434.662767 -153.697794 24.983300
v 1438.483543 -148.083140 23.236336
v 1442.432538 -142.332999 22.455485
v 1446.312561 -136.673236 23.589461
v 1450.043913 -130.985765 25.136531
v 1453.787109 -125.121326 26.162095
v 1457.600042 -119.517535 27.896686
v 1461.453183 -114.605795 31.047306
v 1465.339266 -110.965485 35.446081
v 1469.240533 -107.809805 40.227922
v 1473.023808 -104.549138 45.058296
v 1472.904326 -97.648998 43.945662
v 1476.091112 -94.221113 48.518591
v 1477.653167 -98.182563 53.848221
v 1479.553520 -102.122791 59.484859
v 1482.720092 -105.635002 65.541550
v 1486.500056 -103.652474 71.932865
v 1490.419246 -104.952933 78.549867
v 1493.812721 -102.521521 84.613525
v 1497.773863 -103.035345 90.494150
v 1500.943094 -98.102213 95.927740
v 1496.589014 -98.518567 92.645228
v 1499.690298 -103.002286 97.637029
v 1503.725089 -102.933407 103.324549
v 1507.960286 -102.860943 109.066351
v 1511.616575 -99.997509 114.514443
v 1516.028463 -102.723113 119.339185
v 1520.476613 -108.195327 124.575104
v 1521.433941 -101.303748 127.447335
v 1524.023568 -96.789670 131.407489
v 1523.693927 -103.175880 131.945692
v 1525.035570 -102.575172 134.403678
v 1528.560056 -102.519693 140.356683
v 1530.707000 -109.191581 145.664839
v 1531.689190 -102.694781 148.958286
v 1534.390849 -104.426703 154.909665
v 1534.367385 -111.504993 157.863512
v 1536.892717 -102.393981 164.263177
v 1539.384582 -102.353538 170.943554
v 1382.649200 -217.209176 6.196845
v 1387.025917 -211.563250 6.210218
v 1391.079392 -205.933657 7.777532
v 1395.047715 -200.307785 9.537559
v 1398.985008 -194.643748 11.312096
v 1402.784548 -189.018462 13.476452
v 1406.586465 -183.398173 15.541379
v 1408.814628 -179.954336 22.465500
v 1413.139862 -175.104720 23.216613
v 1416.575188 -168.709830 25.491884
v 1421.373415 -160.874966 22.951173
v 1425.120019 -155.203098 25.058051
v 1429.245440 -149.453469 25.741163
v 1433.232766 -143.806896 24.498225
v 1437.072532 -138.174042 23.279572
v 1440.915158 -132.573202 24.368806
v 1444.717335 -127.049692 26.091002
v 1448.550049 -121.317442 27.445275
v 1452.373801 -115.918348 29.929566
v 1456.239495 -111.799752 34.156766
v 1460.137393 -108.106780 38.650163
v 1464.056564 -105.782283 43.964559
v 1467.880382 -103.489140 49.190912
v 1467.336127 -96.664421 47.795019
v 1470.188792 -92.676810 52.373796
v 1472.492576 -106.129084 57.727735
v 1474.944929 -109.732843 63.160256
v 1477.229685 -116.111947 68.943661
v 1480.592265 -116.707375 75.989348
v 1484.592630 -106.287383 82.083501
v 1488.449331 -103.025666 88.172718
v 1492.510083 -102.505548 94.391308
v 1496.238952 -98.653202 99.983330
v 1491.224154 -98.016617 97.045240
v 1494.171751 -103.095741 101.821824
v 1498.589650 -103.020244 107.389886
v 1502.791997 -102.948459 113.247386
v 1506.871012 -101.904487 118.878653
v 1511.366297 -102.801919 124.123208
v 1515.789134 -102.708137 129.323803
v 1516.450604 -95.959326 131.298314
v 1517.998227 -90.740376 135.215793
v 1518.946631 -96.505093 136.980264
v 1519.162595 -102.674860 138.195710
v 1522.783254 -102.617762 143.958431
v 1523.931181 -107.283881 146.278217
v 1524.990307 -102.903367 151.585367
v 1528.374986 -103.786967 158.211005
v 1528.732104 -110.165256 161.085235
v 1530.747997 -102.497508 166.793143
v 1533.134572 -102.457321 173.438369
v 1377.421732 -213.210984 5.196677
v 1381.586755 -207.395183 5.730386
v 1385.568979 -201.859822 7.715897
v 1389.527801 -196.266836 9.505797
v 1393.481039 -190.605578 11.164829
v 1397.395381 -184.963697 13.030853
v 1401.275553 -179.252958 14.808146
v 1403.788290 -175.812258 21.427458
v 1408.006292 -170.329327 19.289913
v 1411.422795 -164.507392 23.179389
v 1416.461429 -156.627725 20.905118
v 1420.036857 -151.005385 23.356737
v 1423.828067 -145.308881 25.063177
v 1427.813976 -139.711186 23.829686
v 1431.734491 -133.986280 23.143096
v 1435.627350 -128.279792 24.351478
v 1439.443947 -122.848678 26.525561
v 1443.285135 -117.599377 29.112310
v 1447.137007 -112.886144 32.760268
v 1451.023611 -109.437511 37.558639
v 1454.925251 -106.250112 42.499168
v 1458.886465 -104.057572 47.738911
v 1462.786606 -102.390683 53.312318
v 1461.739348 -96.034910 51.897361
v 1464.124054 -91.960665 56.197322
v 1466.646773 -103.992299 61.632409
v 1470.710418 -105.991247 68.299737
v 1472.619331 -109.664686 73.617371
v 1475.141373 -113.641088 79.480481
v 1479.190434 -103.351520 85.691364
v 1483.044019 -103.285503 91.856531
v 1486.996568 -102.844522 98.004566
v 1490.097623 -100.012495 102.933028
v 1486.324753 -96.255592 102.228003
v 1489.408377 -101.403639 108.074753
v 1493.594797 -103.104791 111.792478
v 1497.813682 -103.032761 117.503063
v 1502.122965 -102.951966 123.240994
v 1506.491047 -102.884390 128.800351
v 1510.802618 -102.810903 134.053471
v 1510.160870 -95.976983 134.037108
v 1511.611688 -91.125028 138.590483
v 1514.086972 -96.118673 142.239575
v 1513.403273 -102.772722 142.161878
v 1517.292439 -102.711078 147.842727
v 1517.397673 -95.698844 148.378339
v 1519.466456 -102.832296 153.753152
v 1521.498692 -104.270371 160.598219
v 1522.520146 -110.196048 163.365610
v 1524.427818 -102.602390 169.197331
v 1526.738452 -102.563427 175.880298
v 1371.990056 -209.219686 4.818144
v 1376.053396 -203.430274 6.168626
v 1379.977533 -197.989533 8.531859
v 1383.934947 -192.427786 10.479242
v 1387.927222 -186.716248 11.890271
v 1391.918317 -181.010606 13.369053
v 1395.936769 -175.256315 14.757211
v 1398.760604 -171.711512 20.996014
v 1402.734386 -165.679352 19.003761
v 1406.127486 -160.279526 22.522072
v 1411.339778 -152.363657 19.639606
v 1414.861795 -146.768451 22.194128
v 1418.497522 -141.140710 24.311868
v 1422.486064 -135.512898 23.655072
v 1426.419664 -129.863873 23.311582
v 1430.325598 -124.282938 25.152703
v 1434.149457 -118.949792 27.788234
v 1437.994803 -114.125395 31.331191
v 1441.875036 -110.447249 36.046365
v 1445.782688 -107.372029 41.095134
v 1449.730141 -104.113209 45.994752
v 1453.687011 -102.047477 51.569297
v 1457.647190 -101.950435 57.400023
v 1456.093276 -95.808720 56.315095
v 1458.678733 -91.344345 60.216980
v 1461.404015 -104.194611 65.637424
v 1465.269917 -104.378291 71.990235
v 1467.941120 -107.309638 77.624964
v 1470.687301 -111.278329 83.708658
v 1473.629797 -103.098202 89.394636
v 1477.507362 -103.379284 95.569174
v 1481.061835 -103.318508 101.630777
v 1484.129881 -102.361635 107.818113
v 1482.126162 -95.370506 107.733486
v 1486.618731 -97.504117 111.897456
v 1488.662655 -103.188300 116.532662
v 1493.085970 -103.112767 121.975688
v 1497.317066 -103.040483 127.632590
v 1501.530972 -102.967698 133.243718
v 1505.738089 -102.896944 138.681603
v 1503.917362 -96.440601 137.067074
v 1505.633051 -91.974628 142.002152
v 1508.783380 -95.851726 146.608279
v 1507.939107 -102.817610 146.362673
v 1512.019704 -102.800932 151.865470
v 1511.305783 -95.753970 151.488729
v 1513.443845 -90.591923 155.801692
v 1515.484596 -92.569624 162.480010
v 1516.172194 -98.968734 165.766843
v 1518.105532 -102.675062 171.441911
v 1520.341378 -102.669641 178.228294
v 1366.591455 -205.094994 4.326349
v 1370.557715 -199.469962 6.505166
v 1374.422034 -194.054231 9.121892
v 1378.391845 -188.481456 11.128224
v 1382.409744 -182.832166 12.789579
v 1386.458360 -177.151447 14.229804
v 1390.568013 -171.346572 15.395364
v 1393.339846 -167.805807 21.371193
v 1397.085160 -161.572166 19.980431
v 1400.836034 -156.128115 22.762397
v 1405.981773 -148.197911 19.204751
v 1409.651428 -142.481755 21.336653
v 1413.234078 -136.926756 23.787747
v 1417.163395 -131.119808 23.832322
v 1421.148031 -125.631382 23.964030
v 1424.947672 -120.791166 27.181260
v 1428.851846 -115.925736 30.474808
v 1432.701907 -111.562363 34.476152
v 1436.600691 -108.229604 39.409413
v 1440.519435 -105.103808 44.482103
v 1444.444267 -102.564242 49.829490
v 1448.359921 -101.913810 55.734776
v 1452.219730 -102.760679 61.385384
v 1450.773238 -96.117949 60.986949
v 1453.036615 -91.083069 64.395265
v 1456.019148 -104.116830 69.633104
v 1459.784061 -103.262099 75.687033
v 1463.161184 -103.928380 81.804960
v 1466.218561 -107.415420 88.103468
v 1468.557914 -100.769657 93.595930
v 1471.670510 -103.343737 99.246755
v 1475.284976 -103.416473 105.276366
v 1478.817426 -103.355944 111.274164
v 1477.579674 -96.565391 112.905480
v 1482.470030 -94.898560 118.323052
v 1484.858990 -100.673741 121.810305
v 1488.811679 -103.185034 126.615315
v 1492.352949 -103.124483 132.089482
v 1496.448494 -103.053199 137.633660
v 1500.520700 -102.985906 143.095705
v 1497.860419 -97.166060 140.469785
v 1499.799356 -92.908153 145.473237
v 1503.269977 -95.544513 150.660554
v 1502.618290 -102.536874 150.735132
v 1506.798618 -102.890049 156.118331
v 1505.780312 -96.027711 155.384184
v 1507.257864 -89.801902 158.247104
v 1509.499029 -92.094631 164.636750
v 1510.073586 -98.290018 168.298939
v 1511.696224 -102.738144 173.615982
v 1513.946511 -102.775866 180.390001
v 1361.340989 -200.832568 3.561426
v 1365.244003 -195.311918 6.097217
v 1369.010966 -189.920457 8.961038
v 1372.954452 -184.374504 11.178104
v 1376.956047 -178.771464 13.097954
v 1381.011717 -173.185945 14.822335
v 1385.103074 -167.525206 16.353332
v 1387.880128 -164.168479 22.224983
v 1392.034655 -157.683370 23.302227
v 1395.262510 -152.327118 23.990008
v 1400.445675 -144.312642 20.351377
v 1404.224711 -138.428743 21.709698
v 1407.998313 -132.700034 23.699266
v 1411.861380 -132.632153 24.405178
v 1416.050464 -127.503183 23.883203
v 1420.163990 -122.531166 28.475700
v 1423.456242 -112.760374 32.961131
v 1427.367983 -109.162834 37.718352
v 1431.299208 -106.214818 42.890270
v 1435.224844 -103.478698 48.166212
v 1439.122778 -101.737399 53.911496
v 1442.950059 -102.226081 59.806307
v 1446.603483 -103.259778 65.515959
v 1445.747199 -96.596610 65.569776
v 1447.185422 -91.129029 68.643983
v 1450.586160 -104.272877 73.761208
v 1454.245300 -102.699448 79.574499
v 1457.907352 -103.359193 85.623466
v 1460.908181 -109.549780 91.763029
v 1463.489309 -102.576929 97.401100
v 1466.645910 -105.839945 103.508598
v 1469.617044 -107.275037 108.968093
v 1472.948434 -103.455473 114.992822
v 1474.408332 -98.595704 118.533932
v 1477.338506 -93.963899 123.033466
v 1479.280224 -98.757229 126.420322
v 1483.383052 -103.276909 131.786056
v 1487.161639 -103.212390 136.607707
v 1491.213622 -103.141873 142.072526
v 1495.246234 -103.076958 147.473166
v 1492.040375 -97.878337 144.240465
v 1494.233972 -93.219455 148.848692
v 1497.654703 -95.181582 154.604057
v 1497.386274 -102.249509 155.121596
v 1501.569966 -102.979372 160.487645
v 1500.299708 -96.251991 159.303756
v 1501.058629 -89.386512 160.947641
v 1503.749905 -90.978277 167.347118
v 1504.121831 -97.175097 171.046619
v 1505.277638 -102.360980 175.749922
v 1507.586945 -102.881390 182.469288
v 1356.135601 -196.534548 2.772709
v 1360.082240 -191.007563 5.196049
v 1363.816594 -185.633445 8.113285
v 1367.685281 -180.124598 10.577465
v 1371.645128 -174.540546 12.674610
v 1375.644707 -168.905703 14.552116
v 1378.266769 -165.473363 20.873856
v 1382.094503 -160.502637 22.709906
v 1386.097615 -154.084080 25.147037
v 1391.197453 -146.513652 21.637039
v 1395.055674 -140.686666 22.531593
v 1398.884111 -134.741049 23.465718
v 1402.760941 -128.781699 24.825185
v 1406.652706 -128.555918 25.468429
v 1410.322561 -122.413112 24.956846
v 1414.280731 -119.410176 30.773430
v 1418.122198 -110.347318 35.992681
v 1422.042778 -107.034568 41.114208
v 1425.991037 -104.547653 46.555145
v 1429.916530 -102.419766 52.125340
v 1433.793715 -101.904160 58.034838
v 1437.447444 -102.873750 63.840923
v 1440.977952 -103.518981 69.591281
v 1439.908851 -96.760754 69.115160
v 1441.516947 -91.543448 72.975624
v 1445.112176 -104.459269 78.124209
v 1448.573828 -102.569561 83.656476
v 1452.152522 -103.190353 89.338460
v 1455.270388 -109.280587 95.043923
v 1458.218397 -99.593784 101.640118
v 1461.821208 -100.709706 107.743449
v 1464.559729 -105.828585 113.370216
v 1467.128527 -103.553993 118.570015
v 1469.701468 -99.721057 123.314470
v 1471.606013 -94.134790 127.198870
v 1474.620130 -98.591636 131.147609
v 1477.912910 -103.330826 135.562161
v 1481.838814 -103.302441 141.043748
v 1485.913166 -103.232238 146.550223
v 1489.969942 -103.167572 151.904582
v 1486.484182 -98.306241 148.328557
v 1488.626399 -93.157436 152.297582
v 1491.796452 -94.948029 158.174008
v 1492.154181 -101.957509 159.362453
v 1496.198400 -103.070924 164.816049
v 1495.086485 -96.414597 163.646154
v 1494.978611 -89.308660 163.844301
v 1497.987420 -89.596054 170.262362
v 1498.368212 -95.655524 174.079545
v 1498.907920 -101.496824 178.076300
v 1501.277265 -102.986163 184.580142
v 1350.865422 -192.289131 2.191742
v 1354.833713 -186.734507 4.502860
v 1358.579990 -181.399254 7.466379
v 1362.446825 -175.878503 9.925254
v 1366.364765 -170.297582 12.141721
v 1370.323670 -164.652391 14.093953
v 1372.944207 -161.205735 20.459560
v 1377.182801 -155.315479 21.377516
v 1380.192126 -150.495879 25.762549
v 1385.630347 -142.683366 22.783461
v 1389.611713 -136.829019 23.916402
v 1393.585762 -130.976661 24.956666
v 1397.588751 -125.187437 26.413609
v 1401.553851 -124.893692 27.549031
v 1405.242674 -118.505699 27.968936
v 1409.048108 -116.054945 33.370425
v 1412.826266 -114.015042 39.214183
v 1416.770586 -105.364426 44.678243
v 1420.744090 -103.263030 50.371670
v 1424.762293 -101.741134 56.230370
v 1428.329385 -102.224895 62.129843
v 1431.942309 -103.359899 67.935590
v 1435.465207 -103.426634 73.692796
v 1434.000522 -96.964556 72.627720
v 1435.862731 -92.391549 77.203742
v 1439.505777 -104.873148 82.050097
v 1443.226868 -102.804808 88.071729
v 1446.320264 -103.494714 93.384890
v 1449.893563 -111.584564 97.825827
v 1452.067559 -100.013706 104.455333
v 1456.012415 -99.765401 111.175827
v 1458.629057 -103.722064 117.355437
v 1461.364578 -103.651751 121.968962
v 1464.071516 -100.201686 127.025227
v 1466.071936 -94.982451 131.443020
v 1469.754952 -98.366285 135.978198
v 1472.463911 -103.460781 139.643860
v 1476.555306 -103.392007 145.270905
v 1480.577219 -103.323308 150.945094
v 1484.661645 -103.258330 156.372972
v 1481.152316 -98.448066 152.597716
v 1482.855144 -92.584860 155.505659
v 1485.730397 -94.968388 161.332238
v 1486.771081 -101.758850 163.317192
v 1490.565608 -103.165293 168.956221
v 1489.653079 -96.511566 167.705311
v 1488.997389 -89.462555 166.811689
v 1492.060095 -88.208043 173.100181
v 1492.919025 -93.692411 177.535743
v 1492.945040 -99.909112 180.952035
v 1495.124081 -103.088334 186.927681
v 1345.496756 -188.129357 1.916164
v 1349.423362 -182.614619 4.385989
v 1353.165887 -177.361649 7.512713
v 1357.079785 -171.786306 9.793480
v 1361.013238 -166.150864 11.965070
v 1364.969479 -160.456392 13.874002
v 1367.531677 -156.952865 20.319886
v 1371.812001 -151.125391 20.875279
v 1374.723623 -146.520699 25.688984
v 1380.249404 -138.582604 22.544066
v 1384.260220 -132.771659 24.020626
v 1388.280094 -127.024995 25.619208
v 1392.314375 -121.283414 27.450451
v 1396.510496 -121.841691 30.248416
v 1399.977333 -115.329281 31.276762
v 1403.850326 -112.248629 35.684059
v 1407.560263 -111.281219 42.317617
v 1411.519670 -104.210160 48.399687
v 1415.602882 -102.218447 54.225133
v 1419.460110 -101.693102 60.310738
v 1422.831517 -102.933123 66.152825
v 1426.467780 -103.273579 72.084545
v 1429.974080 -103.333571 77.827863
v 1428.000905 -97.222506 76.132172
v 1430.266496 -93.496568 81.267731
v 1433.770828 -106.569752 86.192423
v 1438.209647 -106.055420 92.591022
v 1441.100086 -104.427704 97.935489
v 1444.403271 -109.437228 101.252734
v 1447.026849 -100.221539 107.198531
v 1449.895478 -101.885072 113.455602
v 1452.669203 -105.743550 118.436186
v 1455.336747 -103.753960 124.760810
v 1457.881535 -99.755989 129.851803
v 1460.821124 -96.541214 135.733370
v 1464.883714 -97.973494 140.918389
v 1467.192443 -103.551115 144.132776
v 1471.328344 -102.371718 149.422662
v 1475.159490 -103.415631 155.141682
v 1479.159814 -103.352147 160.749279
v 1475.947988 -98.558005 156.844001
v 1476.974009 -91.923979 158.522482
v 1479.530210 -95.388404 163.868644
v 1481.084460 -101.507034 167.124756
v 1484.712087 -103.262432 172.776217
v 1483.655547 -96.653655 170.865581
v 1483.077848 -89.610413 169.688747
v 1485.928557 -87.013282 175.696626
v 1487.157919 -91.941420 180.699869
v 1487.826224 -97.737575 184.665495
v 1488.933179 -103.191126 189.129461
v 1340.055791 -184.036864 1.900815
v 1343.960852 -178.576126 4.500478
v 1347.717559 -173.354305 7.656138
v 1351.636215 -167.833137 10.062715
v 1355.593485 -162.169597 12.162473
v 1359.556850 -156.336420 14.004235
v 1362.137406 -152.616553 20.154634
v 1366.273452 -146.797921 20.802137
v 1369.343577 -142.321677 25.671167
v 1374.911834 -134.541525 22.730833
v 1378.928952 -128.808709 24.540702
v 1382.928657 -123.062046 26.557295
v 1386.978403 -123.473899 29.094533
v 1391.341939 -119.344434 32.979543
v 1395.352190 -113.554066 36.761345
v 1398.663725 -108.154763 39.362292
v 1402.522437 -108.944807 45.900242
v 1406.372153 -102.484597 52.102368
v 1410.313549 -101.726462 58.256301
v 1413.794647 -102.181142 64.254744
v 1417.341754 -103.104936 70.213351
v 1421.015383 -103.181249 76.183688
v 1424.509082 -103.240967 81.997234
v 1422.037489 -97.594657 79.770445
v 1424.785198 -94.842682 85.280995
v 1428.526635 -107.010222 90.704932
v 1432.470914 -106.833055 96.593357
v 1436.146216 -105.809162 102.647784
v 1439.056175 -100.500656 105.322312
v 1441.411703 -96.326871 110.328131
v 1444.329222 -97.544912 116.649297
v 1446.408049 -102.784074 121.128219
v 1449.362787 -103.666573 127.528329
v 1452.414504 -101.195919 133.593423
v 1456.026360 -101.558876 140.082411
v 1459.542835 -98.255564 145.204381
v 1462.016747 -103.532305 148.658422
v 1466.034363 -101.056841 153.586974
v 1469.554301 -103.510919 159.108204
v 1473.339487 -103.451155 164.870270
v 1470.589567 -98.603199 160.792011
v 1470.980990 -91.607580 161.497886
v 1473.764967 -94.954878 166.992313
v 1475.460843 -100.650871 170.991541
v 1478.827184 -103.047917 176.559651
v 1478.022884 -96.388317 174.577773
v 1477.104772 -89.618241 172.427835
v 1479.617929 -86.146760 178.049057
v 1480.729836 -91.634358 182.466565
v 1481.448748 -98.006469 185.766799
v 1482.692403 -103.294770 190.564759
v 1334.570415 -180.002890 2.096687
v 1338.506581 -174.506452 4.561888
v 1342.278572 -169.307387 7.713557
v 1346.176529 -163.885992 10.313319
v 1350.131321 -158.326416 12.560305
v 1354.065794 -152.515583 14.641207
v 1356.602091 -148.834773 20.914853
v 1360.702970 -142.425226 21.417253
v 1364.077598 -138.235315 26.238660
v 1369.557347 -130.590183 23.427527
v 1373.548974 -125.010237 25.552630
v 1377.522528 -119.397488 27.834889
v 1381.719980 -119.842818 29.977563
v 1385.795897 -114.489326 34.116339
v 1389.668680 -111.095978 39.567127
v 1393.690166 -106.904088 44.865073
v 1397.239397 -107.847464 50.058973
v 1401.109474 -101.535518 56.001872
v 1404.909406 -100.854887 62.174368
v 1408.560325 -100.720837 68.307391
v 1411.913739 -102.658692 74.252201
v 1415.627691 -103.089951 80.307371
v 1419.073114 -103.148971 86.168329
v 1416.140923 -98.105857 83.645951
v 1419.288179 -96.508667 89.433484
v 1423.180255 -106.971267 95.086213
v 1427.129976 -107.181661 100.832482
v 1430.910500 -107.220671 106.845391
v 1434.009513 -101.638037 109.945172
v 1435.550100 -95.895672 113.478759
v 1438.339216 -97.472359 119.672463
v 1440.356335 -102.776202 124.005020
v 1443.486336 -103.383900 130.449016
v 1446.719064 -101.311676 136.710835
v 1450.291576 -100.166212 142.754184
v 1454.154741 -98.505992 148.803119
v 1456.842510 -103.390572 153.260239
v 1460.643144 -100.033141 157.742044
v 1463.716416 -103.610071 162.847904
v 1467.253315 -103.525598 168.679180
v 1465.016603 -98.548660 164.214051
v 1465.153254 -91.376613 164.391844
v 1468.092624 -94.088269 170.378310
v 1469.977551 -99.516958 174.776337
v 1473.009748 -102.438109 180.367038
v 1472.546935 -95.744513 178.523585
v 1470.981445 -89.615249 175.102754
v 1473.299417 -85.677506 180.303998
v 1474.915847 -90.768117 185.235197
v 1475.911913 -96.697909 189.153236
v 1476.483646 -103.382981 192.034142
v 1329.028923 -176.072210 2.611318
v 1332.984539 -170.513552 4.843137
v 1336.804403 -165.298336 7.907186
v 1340.674050 -159.968645 10.760228
v 1344.574194 -154.595303 13.512125
v 1348.499425 -149.068726 15.952787
v 1350.745209 -145.614660 22.778499
v 1354.819227 -139.065570 24.987428
v 1358.684520 -134.592582 27.610891
v 1364.074182 -126.866599 24.708950
v 1368.069853 -121.398375 27.069635
v 1372.110066 -116.021704 29.771139
v 1375.962126 -116.607999 32.513642
v 1380.204355 -112.361992 37.234071
v 1384.117611 -109.695753 42.758242
v 1387.896983 -108.590075 48.724842
v 1391.816429 -107.150416 54.236582
v 1395.742943 -101.654587 60.032870
v 1399.529259 -101.024565 66.149637
v 1403.199389 -99.969458 72.271596
v 1406.964048 -100.579592 78.453194
v 1410.303725 -102.999875 84.427243
v 1413.897134 -103.061316 90.421546
v 1410.302831 -98.721178 87.861826
v 1413.856462 -97.851274 93.591316
v 1417.789338 -108.018398 99.115419
v 1422.246936 -107.399979 105.228576
v 1425.618628 -108.808666 110.876317
v 1429.224246 -102.430030 114.755709
v 1429.394836 -95.864654 116.544693
v 1432.157777 -97.530882 122.699580
v 1434.393185 -102.797286 127.020445
v 1437.686630 -103.323894 133.421876
v 1441.068583 -101.880582 139.780982
v 1444.587392 -100.628662 146.126983
v 1448.429279 -100.170752 152.989763
v 1451.568260 -102.987367 157.627117
v 1455.102921 -99.031595 161.844367
v 1457.545590 -103.610755 166.377950
v 1461.107363 -102.618170 172.282013
v 1459.212406 -98.517804 166.769190
v 1459.216167 -91.360914 167.324482
v 1462.088886 -93.925436 173.328637
v 1464.338747 -98.690317 178.284258
v 1467.153490 -101.725449 183.970371
v 1466.707938 -95.064184 182.066392
v 1464.768492 -89.568201 177.945749
v 1467.105291 -85.350988 182.496402
v 1469.498020 -90.184529 188.065399
v 1469.753033 -96.224099 191.476952
v 1470.154577 -103.354451 192.979039
v 1323.441894 -172.269559 3.481196
v 1327.418451 -166.577023 5.410793
v 1331.266015 -161.405720 8.500675
v 1335.148241 -156.071803 11.342325
v 1339.015196 -150.822546 14.337754
v 1342.949046 -145.330657 16.882372
v 1346.795395 -139.906011 19.572647
v 1350.622212 -134.437579 22.371476
v 1354.541229 -128.941217 24.657131
v 1358.535825 -123.275921 26.269951
v 1362.532557 -117.960666 28.985958
v 1366.533775 -112.965888 32.184070
v 1370.485373 -114.016329 35.623000
v 1374.646965 -110.432047 40.680871
v 1378.639996 -108.514275 46.480334
v 1382.448920 -101.933607 52.346528
v 1386.371842 -101.290936 58.353319
v 1390.391077 -102.111449 64.139445
v 1394.371945 -102.634439 70.163807
v 1398.062541 -101.283434 76.246282
v 1401.563714 -99.914599 82.561955
v 1405.340242 -102.373571 88.185267
v 1408.865330 -102.976209 94.737965
v 1404.960751 -99.546836 92.737236
v 1408.422959 -98.571423 97.947004
v 1411.987574 -109.101738 103.448460
v 1416.902680 -108.638049 109.660947
v 1420.324588 -110.442673 114.770462
v 1424.076370 -103.043794 119.416674
v 1423.020883 -96.427425 119.484788
v 1425.864326 -98.279229 125.449475
v 1428.441100 -102.880487 130.175390
v 1431.878402 -103.370172 136.505213
v 1435.485562 -102.796858 142.927107
v 1438.955326 -102.324621 149.304045
v 1442.269060 -102.181090 155.736016
v 1445.736391 -101.929217 161.983357
v 1449.295893 -98.049269 165.507341
v 1451.404993 -103.537075 169.755675
v 1454.802699 -100.480439 175.258684
v 1453.550293 -98.658703 168.802251
v 1452.966338 -91.996471 170.203258
v 1456.167182 -93.771092 176.348941
v 1458.520053 -98.181683 181.451888
v 1461.182772 -101.071086 187.328259
v 1460.516166 -94.509746 185.167466
v 1458.748398 -89.322417 180.661143
v 1460.832069 -84.587410 185.779666
v 1462.965783 -84.337842 191.193669
v 1463.354647 -91.064245 193.091720
v 1463.746120 -103.394144 194.057900
v 1317.832355 -168.568178 4.620602
v 1321.800356 -162.831448 6.456668
v 1325.678952 -157.657876 9.506114
v 1329.575596 -152.291459 12.262126
v 1333.475295 -146.929916 14.997440
v 1337.353672 -141.538942 17.698251
v 1341.223039 -136.120206 20.367636
v 1345.103740 -130.672799 23.000666
v 1348.964898 -125.301931 25.866029
v 1352.956374 -119.706727 27.883334
v 1356.939883 -114.787746 31.173616
v 1360.933222 -110.208169 35.004063
v 1364.891044 -111.797285 38.946065
v 1368.981231 -108.799019 44.375378
v 1373.127256 -107.549939 50.355558
v 1376.988086 -101.353927 56.226884
v 1380.948745 -101.573271 62.224674
v 1384.965270 -102.531304 68.146929
v 1388.953018 -102.636377 74.151751
v 1392.862455 -102.380815 80.205365
v 1396.264611 -100.936682 86.455758
v 1399.730524 -100.623613 92.131597
v 1403.638115 -102.887688 99.249857
v 1399.404901 -100.537534 97.491997
v 1403.463680 -99.179730 102.663045
v 1407.028611 -109.812925 108.190417
v 1411.462890 -108.559183 113.955361
v 1414.956922 -111.731938 118.886787
v 1418.642534 -103.144324 124.078112
v 1416.688106 -97.272874 122.456347
v 1419.658516 -98.847032 128.345424
v 1422.474311 -102.747909 133.564573
v 1426.118196 -103.063934 139.766684
v 1429.704231 -101.994201 146.003244
v 1433.155201 -101.434892 152.308498
v 1436.561044 -101.143611 158.847919
v 1440.081704 -100.203224 165.134793
v 1443.689228 -96.289041 169.887422
v 1445.628125 -103.600587 173.363177
v 1447.928630 -97.871886 176.721891
v 1447.801224 -99.669287 170.418542
v 1447.214005 -92.957678 173.109002
v 1450.108821 -93.531117 179.528066
v 1452.405009 -98.587255 183.960028
v 1454.881964 -100.651905 190.248893
v 1453.834496 -94.338638 187.347230
v 1452.568896 -89.350990 182.819609
v 1454.675049 -84.543284 188.278992
v 1455.926149 -85.202909 192.984936
v 1456.968839 -91.199986 194.996207
v 1457.379044 -103.572001 195.985402
v 1312.216551 -164.900644 5.840518
v 1316.192656 -159.152289 7.670106
v 1320.082465 -153.964198 10.701100
v 1323.973698 -148.634072 13.521592
v 1327.848592 -143.360389 16.435824
v 1331.736638 -138.121631 19.411417
v 1335.609442 -132.502238 21.644363
v 1339.509596 -126.987969 24.077256
v 1343.420264 -121.596632 26.801212
v 1347.346075 -116.388913 29.888857
v 1351.308272 -111.970085 33.810085
v 1355.332928 -107.852948 38.130322
v 1359.367962 -109.967377 42.574428
v 1363.572900 -107.403119 48.170876
v 1367.676486 -106.863888 54.277695
v 1371.527225 -101.333389 60.189618
v 1375.512267 -102.053863 66.106856
v 1379.554684 -102.462075 72.074087
v 1383.621224 -102.545969 78.076231
v 1387.385201 -102.606157 84.042434
v 1391.053567 -101.831695 90.240582
v 1394.168363 -101.341124 96.609271
v 1397.251813 -102.779366 103.176241
v 1394.730074 -98.083776 101.540915
v 1398.464791 -100.030614 107.331492
v 1402.299106 -109.804433 112.951122
v 1406.329342 -108.043258 118.429918
v 1409.579201 -112.683806 123.067610
v 1413.956757 -103.065058 128.622073
v 1410.559737 -98.162437 126.265767
v 1413.460577 -98.983207 131.636006
v 1416.568198 -102.137091 137.134173
v 1420.355014 -102.358758 143.135463
v 1423.944350 -100.655698 149.058441
v 1427.648403 -99.214351 155.198656
v 1431.143922 -98.932035 161.639388
v 1434.238434 -98.660075 167.855607
v 1436.668721 -98.693507 175.702017
v 1440.866952 -103.530903 177.676796
v 1441.152292 -97.187077 178.246038
v 1438.615093 -97.694497 170.807997
v 1441.174602 -92.529364 175.568866
v 1443.751940 -94.381381 182.191019
v 1446.157621 -99.911793 185.866253
v 1448.374637 -100.538901 192.554559
v 1447.122478 -94.698148 188.733254
v 1445.856405 -89.133954 184.631556
v 1447.633640 -84.407836 190.712356
v 1449.018272 -91.038228 192.869904
v 1450.360100 -96.846340 196.452251
v 1451.356881 -103.608958 198.772956
v 1306.624440 -161.198997 6.958809
v 1310.608408 -155.459432 8.856744
v 1314.503999 -150.233246 11.831698
v 1318.385334 -144.919629 14.691702
v 1322.254546 -139.688822 17.701558
v 1326.111427 -134.576621 20.930504
v 1329.994692 -129.006057 23.259172
v 1333.895505 -123.517288 25.738993
v 1337.811851 -118.272390 28.649728
v 1341.760344 -113.458552 32.240246
v 1345.747689 -109.436304 36.662432
v 1349.766071 -105.940412 41.523411
v 1353.743308 -108.487734 46.310837
v 1358.088016 -106.259819 52.063526
v 1362.308020 -106.385504 58.257204
v 1366.065991 -101.698038 64.143434
v 1370.089971 -102.258146 70.077372
v 1374.282425 -102.387211 76.070460
v 1378.254636 -102.455066 81.995623
v 1381.888631 -102.427435 87.976183
v 1385.706336 -100.271680 93.454261
v 1388.757485 -100.724089 99.983308
v 1390.929224 -102.672254 106.384437
v 1390.392095 -96.815022 107.189426
v 1393.357534 -101.004824 111.547866
v 1397.245506 -110.465704 117.325867
v 1401.427247 -108.621085 123.300166
v 1405.816438 -108.322749 128.780410
v 1408.839701 -102.977692 133.382089
v 1403.823535 -102.865487 129.891565
v 1407.349426 -98.614000 135.328543
v 1410.896497 -101.402205 140.911500
v 1414.680977 -103.017377 146.768547
v 1418.485656 -101.738888 152.717296
v 1422.021839 -99.705933 158.595987
v 1425.516938 -97.882162 164.787847
v 1428.786589 -100.631192 170.464708
v 1431.714945 -101.543681 176.547534
v 1435.453624 -103.441113 182.296850
v 1434.323850 -97.175336 180.287909
v 1432.283933 -95.796143 173.661299
v 1434.891337 -92.058497 178.730022
v 1437.449633 -95.737951 184.412352
v 1439.797397 -101.373743 187.895040
v 1441.966657 -100.542108 194.572517
v 1440.370324 -95.104524 190.177097
v 1439.222062 -89.073925 187.265347
v 1441.196693 -84.654052 192.448800
v 1442.302760 -91.486884 194.154801
v 1444.011294 -97.204846 198.250804
v 1445.630143 -103.411274 201.724345
v 1301.072382 -157.517537 8.062206
v 1305.034919 -151.787841 10.077839
v 1308.926318 -146.543859 13.040131
v 1312.799146 -141.238730 15.946103
v 1316.663533 -135.963373 18.903280
v 1320.503110 -130.776365 21.998112
v 1324.385329 -125.439036 24.780172
v 1328.266578 -120.103443 27.549839
v 1332.184018 -115.077992 30.830259
v 1336.144441 -110.777752 35.005088
v 1340.155933 -107.440149 39.896569
v 1344.188448 -104.607921 45.187546
v 1348.139119 -107.616260 50.144428
v 1352.612063 -105.414812 56.151616
v 1356.942600 -106.468574 62.334151
v 1360.614165 -101.926289 68.110901
v 1364.718086 -102.209652 74.130851
v 1369.031037 -102.298273 80.133983
v 1372.731649 -102.361575 86.091814
v 1376.441952 -101.149261 91.832334
v 1380.172813 -98.651008 96.891744
v 1382.442239 -102.423077 102.381618
v 1384.509700 -102.563353 108.928038
v 1385.387208 -96.622120 111.833594
v 1388.142060 -100.910989 116.108372
v 1391.513073 -112.158425 121.650282
v 1396.201732 -110.312918 127.938238
v 1400.498607 -108.400550 133.398522
v 1403.422715 -102.887205 137.934958
v 1398.382221 -102.801943 133.972180
v 1401.707218 -98.147235 138.945653
v 1405.487066 -100.393678 144.876949
v 1409.043940 -102.876067 150.574656
v 1413.080966 -103.045092 156.521088
v 1416.866258 -101.384477 162.368403
v 1419.976423 -98.166465 167.923084
v 1422.695496 -102.417272 172.884769
v 1426.106341 -103.285500 179.288252
v 1429.514068 -103.342624 185.612217
v 1427.930019 -97.530595 182.144988
v 1425.704356 -94.401518 176.367735
v 1428.576582 -92.198828 182.112949
v 1431.075456 -97.019977 186.659207
v 1433.358531 -102.461397 190.436338
v 1435.828010 -100.666946 196.718811
v 1433.796913 -95.260707 192.398899
v 1432.685386 -89.107757 189.783999
v 1434.902715 -84.787856 194.776775
v 1435.953283 -92.158814 196.216666
v 1438.014076 -97.521862 200.483917
v 1439.966522 -103.365693 204.488302
v 1295.542056 -153.975531 9.380562
v 1299.457703 -148.241348 11.502157
v 1303.341180 -142.949395 14.429296
v 1307.199336 -137.756367 17.565193
v 1311.045781 -132.373852 20.370105
v 1314.885627 -127.148914 23.444502
v 1318.766156 -121.986345 26.554029
v 1322.624755 -116.805810 29.583978
v 1326.548686 -112.159200 33.412350
v 1330.520783 -108.446648 38.117826
v 1334.548354 -105.755019 43.418570
v 1338.612164 -103.617262 48.915166
v 1342.485926 -107.447944 53.891492
v 1347.137462 -105.113259 60.389887
v 1351.612086 -106.762848 66.395966
v 1355.156368 -101.999171 72.103078
v 1359.417052 -102.134813 78.139268
v 1363.601110 -102.206354 84.190206
v 1367.232973 -101.837489 90.159034
v 1370.986711 -99.846788 95.686363
v 1374.674501 -97.081876 100.681978
v 1376.049920 -102.419238 104.584642
v 1378.115178 -102.454796 111.121214
v 1379.566465 -97.222876 115.533941
v 1382.797410 -101.117645 120.341670
v 1386.806396 -101.438325 126.138780
v 1390.851409 -100.248867 131.835227
v 1395.108279 -98.013650 137.645628
v 1397.921913 -102.800109 142.448789
v 1392.998733 -102.715392 138.282178
v 1396.192832 -97.848864 142.935375
v 1400.282289 -98.991053 148.860784
v 1403.725729 -101.713110 154.642693
v 1407.628424 -102.973632 160.401788
v 1411.566113 -102.188303 166.203197
v 1414.350051 -97.695150 171.094542
v 1417.077108 -101.166902 176.406567
v 1420.255789 -103.188489 182.312385
v 1423.584141 -103.244281 188.648482
v 1421.650732 -97.817729 184.579275
v 1419.200035 -93.714598 179.647988
v 1422.468390 -92.505038 185.506236
v 1424.787343 -97.833968 189.496622
v 1427.114518 -103.002293 193.576585
v 1430.065374 -100.677505 199.529016
v 1427.600082 -95.230725 195.545906
v 1425.900667 -89.305347 192.792577
v 1427.729735 -85.688287 197.301640
v 1429.932521 -92.041150 199.916990
v 1432.555911 -97.276182 203.760016
v 1434.343182 -103.424406 206.952327
v 1290.001346 -150.599335 10.919372
v 1293.883912 -144.883711 13.152785
v 1297.757579 -139.465378 15.973079
v 1301.606335 -134.284783 19.181546
v 1305.421609 -128.899575 22.045200
v 1309.237865 -123.729442 25.234877
v 1313.070191 -118.594052 28.441544
v 1316.964222 -113.636867 31.873496
v 1320.903667 -109.649265 36.357635
v 1324.885957 -106.450294 41.474092
v 1328.916952 -104.379962 47.098176
v 1333.011461 -102.600056 52.709959
v 1336.864080 -107.378416 58.467352
v 1341.221183 -106.460439 64.289725
v 1345.708061 -107.604359 70.518807
v 1349.720227 -101.938281 76.149214
v 1354.069599 -102.044228 82.172718
v 1357.987700 -102.111216 88.245665
v 1361.677788 -101.065204 94.104860
v 1365.569383 -99.350734 99.838453
v 1369.065209 -96.242853 104.776612
v 1369.535258 -102.308739 106.673506
v 1371.674107 -102.345573 113.166649
v 1373.790728 -98.373026 118.741440
v 1377.394737 -101.323890 124.236522
v 1381.386855 -101.426146 130.267889
v 1385.534224 -100.537402 136.069107
v 1389.646290 -97.978969 141.847372
v 1392.385621 -102.711018 146.832671
v 1387.550530 -102.627751 142.589691
v 1390.747653 -97.654920 147.098298
v 1395.025465 -98.035199 152.961477
v 1399.007530 -99.384398 158.843704
v 1402.227552 -102.504325 164.511848
v 1406.413811 -102.957567 170.144335
v 1408.408623 -97.387040 174.251072
v 1411.174342 -101.028655 179.439485
v 1414.347350 -103.090508 185.406289
v 1417.743670 -103.147433 191.697334
v 1415.768103 -97.623484 187.868018
v 1412.978533 -93.362303 183.339849
v 1416.605145 -92.466476 189.114502
v 1418.902980 -97.779817 193.174956
v 1421.118096 -103.165465 197.092773
v 1424.421682 -100.929433 202.813424
v 1421.888019 -95.132889 199.534085
v 1419.510489 -89.440044 196.604677
v 1422.551191 -85.738766 201.343978
v 1424.616331 -91.790563 204.286021
v 1427.715855 -96.591658 208.251846
v 1428.285415 -103.323904 209.482398
v 1284.392524 -147.274992 12.455522
v 1288.334701 -141.704142 15.003384
v 1292.181459 -136.166402 17.723380
v 1296.011316 -130.837189 20.790452
v 1299.786032 -125.483026 23.801734
v 1303.571889 -120.391358 27.142079
v 1307.384095 -115.413328 30.593991
v 1311.276804 -111.012715 34.713369
v 1315.232026 -107.444501 39.567368
v 1319.256097 -105.059248 45.051055
v 1323.284021 -103.126833 50.783740
v 1327.415106 -101.797903 56.614155
v 1331.551067 -101.146376 62.438916
v 1335.458294 -101.482517 68.233172
v 1339.832424 -101.801747 74.585008
v 1344.078380 -101.867961 80.229017
v 1348.695563 -101.953167 86.247955
v 1352.374463 -101.712837 92.227434
v 1356.166511 -100.476671 98.066683
v 1360.037770 -98.993094 103.881269
v 1363.295298 -96.065741 109.018532
v 1362.904016 -102.195433 109.099216
v 1365.291793 -101.920058 115.399983
v 1368.197427 -99.814757 121.756417
v 1372.004055 -101.116031 127.880043
v 1375.965299 -100.738476 134.048635
v 1379.993731 -100.190977 140.098590
v 1384.070327 -97.903413 146.032494
v 1386.850437 -102.621906 151.140269
v 1382.083334 -102.539816 146.900117
v 1385.368613 -97.503153 151.286558
v 1389.762767 -97.864641 157.172688
v 1394.010207 -97.907379 163.044546
v 1397.851931 -99.452992 168.785731
v 1401.026251 -102.639174 173.853662
v 1402.838254 -98.668137 177.370488
v 1405.221390 -102.018050 182.244474
v 1408.549499 -102.994309 188.461194
v 1412.024368 -103.052550 194.816844
v 1410.227283 -97.157918 191.716253
v 1407.090186 -92.949219 187.299930
v 1410.973987 -91.999397 193.012702
v 1413.251806 -97.413500 197.125848
v 1415.267573 -103.092594 200.805316
v 1418.817122 -101.352357 206.481982
v 1416.285599 -95.389116 203.644025
v 1413.700744 -89.631350 200.790605
v 1416.896370 -86.053763 205.572005
v 1419.976841 -90.994717 209.255143
v 1422.778676 -96.303377 212.786614
v 1422.825529 -103.233367 213.271319
v 1278.843265 -143.746585 13.544763
v 1282.801570 -138.585057 16.800161
v 1286.640307 -133.090570 19.663547
v 1290.420212 -127.586852 22.631369
v 1294.139244 -122.187579 25.746085
v 1297.879536 -117.116918 29.134861
v 1301.677311 -112.397363 32.982543
v 1305.561426 -108.682155 37.755778
v 1309.541383 -105.813965 43.093587
v 1313.576350 -103.893605 48.773897
v 1317.664505 -102.208492 54.569482
v 1321.778961 -101.410417 60.524375
v 1325.947225 -101.136421 66.445069
v 1330.132101 -105.041611 72.453995
v 1334.583936 -105.101502 77.601507
v 1338.508867 -105.285888 84.093535
v 1343.509614 -101.865340 90.561993
v 1346.848909 -101.394944 96.232230
v 1350.567658 -99.944254 102.117112
v 1354.405651 -98.746580 107.810209
v 1357.879811 -96.395092 113.440286
v 1356.281047 -102.087043 111.949751
v 1359.220525 -100.949664 118.162179
v 1362.797035 -101.275919 124.737546
v 1366.649027 -101.179298 131.213261
v 1370.553176 -100.964866 137.532634
v 1374.357093 -99.919134 143.898140
v 1378.386325 -97.983753 149.878700
v 1381.276117 -102.532175 155.360217
v 1376.620208 -102.452032 151.358636
v 1380.104335 -97.313671 155.598832
v 1384.644360 -98.125454 161.435265
v 1388.772136 -98.020678 167.279895
v 1392.736368 -97.649431 173.080353
v 1396.152178 -97.215024 178.695051
v 1395.845754 -102.782477 180.021568
v 1399.392600 -102.674422 185.742172
v 1402.988467 -102.902067 191.739686
v 1406.550517 -102.961750 198.064065
v 1404.886956 -96.664945 195.711411
v 1401.487228 -92.439643 191.366899
v 1405.459942 -91.506163 197.092464
v 1407.634577 -97.088306 201.034910
v 1409.512424 -102.934191 204.590904
v 1413.165451 -101.843624 210.346246
v 1411.001523 -95.548026 208.102703
v 1408.080036 -90.003736 205.098988
v 1411.399069 -86.650610 210.011112
v 1415.116005 -90.656813 214.219200
v 1417.274114 -96.664128 216.641296
v 1418.418616 -103.160506 218.075121
v 1273.414262 -140.170847 14.584374
v 1277.204968 -135.415318 18.428483
v 1281.106811 -130.269905 21.764144
v 1284.855866 -124.737586 24.873720
v 1288.495840 -119.244443 28.035834
v 1292.125985 -114.028862 31.377519
v 1295.912064 -109.949297 35.903357
v 1299.815964 -106.705749 40.962119
v 1303.828101 -104.436498 46.641557
v 1307.913212 -102.553436 52.403477
v 1312.008791 -101.623271 58.375213
v 1316.166752 -101.154762 64.368826
v 1320.344099 -101.154173 70.467535
v 1324.551054 -104.268011 76.516096
v 1328.672164 -102.189454 82.197121
v 1333.211570 -105.306846 88.123275
v 1337.568063 -105.586930 94.766288
v 1341.207402 -101.129701 100.221058
v 1345.004881 -100.038178 106.067485
v 1348.528579 -98.164763 111.835547
v 1353.589670 -98.626178 117.534258
v 1349.611010 -101.733326 115.700965
v 1353.581859 -101.056253 122.324059
v 1357.545621 -101.313137 127.867627
v 1361.372716 -101.871646 134.390528
v 1365.231305 -102.108266 140.831288
v 1368.819699 -100.672655 147.183132
v 1372.190633 -98.211932 153.120171
v 1375.548197 -102.439780 159.547893
v 1371.371014 -102.368017 156.175960
v 1375.511488 -97.129112 160.116438
v 1379.592431 -97.902314 165.766716
v 1383.570285 -98.383796 171.525284
v 1387.226198 -97.430394 177.177626
v 1390.829761 -96.090008 182.920403
v 1390.189964 -102.688742 183.789190
v 1393.901609 -102.750917 189.670162
v 1397.636704 -102.813423 195.496345
v 1401.391069 -102.876151 201.589667
v 1399.620677 -96.291139 199.715055
v 1396.083782 -91.932712 195.393708
v 1399.980103 -91.151892 201.233944
v 1402.177203 -96.675639 205.119500
v 1403.791478 -102.715442 208.418383
v 1407.444795 -102.299659 214.233591
v 1405.802155 -95.682537 212.730314
v 1402.582363 -90.476958 209.364054
v 1406.043406 -87.365068 214.453353
v 1409.713745 -91.417275 218.643952
v 1411.064112 -98.190538 219.298573
v 1414.276051 -103.091911 223.055700
v 1268.830715 -140.563868 19.194609
v 1272.697544 -135.131947 22.968072
v 1276.346650 -129.320205 26.148410
v 1279.586068 -122.758551 28.070234
v 1282.849443 -116.817101 30.659506
v 1286.320494 -111.389899 34.202269
v 1290.083444 -107.986071 39.185825
v 1294.026651 -105.138007 44.438975
v 1298.123525 -103.286497 50.292071
v 1302.226454 -101.848018 56.199531
v 1306.378426 -101.208146 62.208572
v 1310.571910 -101.037380 68.181542
v 1314.782567 -101.374228 74.262471
v 1319.134053 -104.155698 80.136264
v 1323.157499 -102.383332 86.852001
v 1327.724438 -102.785801 92.539535
v 1332.146944 -104.941348 98.775412
v 1335.605910 -101.109696 104.176336
v 1339.442006 -100.691470 110.132809
v 1343.381493 -101.086627 115.978157
v 1346.984329 -101.909441 122.274023
v 1344.413361 -97.510847 119.850754
v 1348.881775 -98.003579 125.435125
v 1352.304915 -101.164896 131.170617
v 1356.102851 -102.101647 137.564662
v 1359.668496 -102.144522 144.014373
v 1363.020294 -101.414360 150.324289
v 1366.103422 -101.564108 156.569484
v 1369.077214 -102.334780 163.271065
v 1366.605994 -96.956002 159.282382
v 1370.552791 -97.474759 164.678643
v 1374.401552 -98.651968 170.097608
v 1378.200257 -98.476655 175.742930
v 1381.964916 -98.166735 181.436666
v 1385.208972 -95.814781 186.924654
v 1384.915586 -102.572766 187.848103
v 1388.626092 -102.663473 193.641191
v 1392.456368 -102.727485 199.518365
v 1396.467371 -102.794583 205.414238
v 1394.148634 -96.457981 203.292750
v 1390.763200 -91.630424 199.225555
v 1394.387165 -91.127531 205.223484
v 1396.814348 -96.103631 209.424485
v 1398.060613 -102.444660 212.251337
v 1401.607180 -102.665466 218.094989
v 1400.475575 -95.916669 217.186734
v 1397.122434 -91.010405 213.514267
v 1400.652263 -88.179824 218.795792
v 1404.377875 -92.549002 222.892109
v 1406.075965 -99.208913 223.639537
v 1410.235891 -103.025135 227.838803
v 1264.505382 -136.171666 17.616876
v 1267.919653 -131.050478 21.622785
v 1270.933190 -125.876919 25.887140
v 1273.983431 -120.532824 30.033356
v 1277.011714 -114.649504 33.418787
v 1280.525067 -110.056211 37.802008
v 1284.284114 -106.320886 42.727770
v 1288.303718 -104.275673 48.317979
v 1292.406757 -102.204062 53.987219
v 1296.549826 -101.539969 60.089251
v 1300.748858 -101.033468 66.115062
v 1304.989655 -101.192974 72.125907
v 1309.292975 -101.283139 77.994841
v 1313.202125 -104.954586 84.276155
v 1317.680053 -103.975733 90.706144
v 1322.198218 -102.936678 96.391038
v 1326.196240 -105.315002 102.621844
v 1330.095280 -101.649371 108.121725
v 1333.813893 -101.275857 113.995618
v 1337.640214 -101.640662 119.986513
v 1341.121207 -101.844838 126.125656
v 1339.825905 -95.977137 125.093958
v 1343.594418 -98.117974 129.783471
v 1347.671914 -99.292062 134.930868
v 1350.671248 -102.013538 140.793470
v 1353.762795 -102.069191 147.089780
v 1356.923124 -102.120236 153.348520
v 1360.050894 -102.182219 159.618052
v 1362.912990 -102.234065 166.002584
v 1361.492667 -95.825840 163.438748
v 1365.166960 -97.694146 168.917354
v 1369.051656 -98.720592 174.493562
v 1372.908288 -100.308266 179.927737
v 1376.451310 -98.689419 185.606803
v 1379.745714 -95.961399 190.967466
v 1379.628862 -102.436784 192.111428
v 1383.407347 -102.576989 197.771466
v 1387.333086 -102.642577 203.566835
v 1391.336691 -102.709606 209.451351
v 1387.980816 -97.806917 205.578695
v 1385.294116 -91.916730 202.638437
v 1388.653944 -91.000179 208.936082
v 1391.209195 -95.721573 213.547627
v 1392.293913 -102.232628 215.940518
v 1395.635134 -102.782003 221.877547
v 1395.138085 -96.085627 221.639870
v 1391.604571 -91.596347 217.666116
v 1395.327023 -89.166884 223.044688
v 1399.071673 -93.808932 226.869723
v 1401.319997 -100.331189 228.291649
v 1406.029553 -102.955481 232.790881
v 1259.068373 -135.038490 20.817709
v 1262.385178 -130.204541 24.872062
v 1265.651502 -125.276470 29.138330
v 1268.649306 -119.772896 33.241775
v 1271.526672 -114.106332 37.187546
v 1274.874465 -109.455957 41.687637
v 1278.577766 -105.765604 46.712334
v 1282.555875 -103.366887 52.151437
v 1286.696382 -101.950803 57.963266
v 1290.932987 -101.144545 63.968964
v 1295.171326 -100.751300 70.048943
v 1299.464519 -101.081652 76.072404
v 1303.754814 -101.193716 81.955210
v 1308.086684 -101.269960 88.090200
v 1312.051218 -104.955961 94.119152
v 1316.207933 -105.276877 100.916628
v 1320.273621 -105.347937 105.998008
v 1324.170261 -101.553375 111.838762
v 1328.002827 -101.621167 117.805920
v 1331.713688 -101.686840 123.759073
v 1335.046912 -101.746354 129.795239
v 1334.937391 -96.094829 131.134396
v 1338.857087 -98.110820 134.988011
v 1343.238035 -96.576205 139.584204
v 1344.848884 -101.918727 143.754995
v 1347.576616 -101.968266 149.968331
v 1350.745312 -102.025186 156.265024
v 1353.802199 -102.080226 162.485810
v 1356.723045 -102.131280 168.807011
v 1356.144802 -95.177360 167.437392
v 1360.059169 -96.042230 173.241547
v 1363.792173 -98.438100 178.621480
v 1367.408204 -101.047881 184.099874
v 1370.884207 -98.896456 189.656527
v 1374.142871 -95.825283 194.986525
v 1374.307648 -102.408407 196.406589
v 1378.130088 -102.489454 202.007797
v 1382.158889 -102.556901 207.660585
v 1386.181586 -102.624203 213.506669
v 1382.873413 -97.654432 209.551812
v 1379.686992 -92.467885 205.797277
v 1382.732675 -91.400223 212.194840
v 1385.113104 -95.809422 217.032225
v 1386.326152 -102.215739 219.291095
v 1389.506443 -102.680241 225.387082
v 1389.714224 -96.242596 226.139673
v 1386.084027 -92.166725 221.869870
v 1390.213581 -90.392712 227.286232
v 1393.804448 -95.205118 230.766589
v 1396.884543 -100.959670 233.391054
v 1401.830887 -102.883319 237.885756
v 1254.765533 -136.208609 25.579033
v 1257.863028 -131.349439 29.387941
v 1260.986369 -125.997239 33.246435
v 1263.750747 -120.240145 37.154650
v 1266.455124 -114.639539 41.306511
v 1269.177932 -109.353953 45.659393
v 1272.973289 -106.158544 50.881654
v 1276.896272 -103.273210 56.351062
v 1281.075709 -102.193087 62.145292
v 1285.311532 -101.091143 68.061114
v 1289.641309 -100.961040 74.037791
v 1293.926299 -100.887022 80.018099
v 1298.171366 -101.080261 85.964667
v 1302.480404 -101.179406 92.001478
v 1306.430309 -101.242918 97.897290
v 1310.365434 -101.318532 103.952030
v 1314.423056 -101.389985 109.729681
v 1318.289856 -101.458155 115.622859
v 1322.088182 -101.518084 121.476425
v 1325.794735 -101.590968 127.493847
v 1329.189292 -101.651460 133.560059
v 1330.396086 -95.826350 136.366400
v 1334.427773 -98.459074 140.706294
v 1338.478009 -95.819818 144.515896
v 1338.794603 -101.819907 146.474894
v 1341.499641 -101.869258 152.895623
v 1344.474357 -101.922873 159.148931
v 1347.566150 -101.978580 165.332128
v 1350.598424 -102.029679 171.562948
v 1350.613536 -95.007431 171.481317
v 1354.647799 -98.121958 176.290465
v 1358.297239 -101.045001 181.556878
v 1361.700961 -100.725206 187.967658
v 1365.287843 -98.468146 193.382592
v 1368.778177 -95.522044 198.836796
v 1368.814940 -102.045834 200.624801
v 1372.808975 -102.401355 206.292330
v 1376.886308 -102.469555 211.933760
v 1380.836878 -101.882950 217.366713
v 1377.882294 -97.488701 213.250153
v 1373.831067 -93.441773 209.062612
v 1376.823064 -91.024437 215.034354
v 1378.823813 -96.411115 219.352157
v 1380.445632 -102.478999 222.758802
v 1382.960004 -102.567776 228.435923
v 1383.969825 -96.739193 230.420224
v 1380.582969 -92.575951 226.100739
v 1385.109783 -91.602575 231.498733
v 1388.731118 -96.376070 234.973978
v 1392.581164 -101.126464 238.580756
v 1397.674659 -102.809745 243.090737
v 1252.649502 -139.744444 30.855438
v 1255.791229 -134.302028 34.764463
v 1257.511619 -127.989047 37.943471
v 1259.513823 -121.766822 41.499395
v 1261.259793 -115.611088 45.336312
v 1263.955156 -110.799297 49.944742
v 1267.466061 -107.063952 55.094936
v 1271.390564 -104.590497 60.604999
v 1275.540705 -102.766477 66.320275
v 1279.829934 -101.931520 72.150999
v 1284.091105 -101.197690 78.060062
v 1288.355052 -100.947089 84.006107
v 1292.552578 -100.902961 89.955462
v 1296.652311 -101.022290 95.900127
v 1300.691440 -101.148668 101.793334
v 1304.669118 -101.222121 107.673582
v 1308.609060 -101.295743 113.498825
v 1312.329086 -101.361652 119.408718
v 1316.282288 -101.353815 125.249778
v 1320.045752 -101.497974 131.217729
v 1323.596109 -101.561031 137.236606
v 1325.752139 -96.596123 141.379557
v 1329.948642 -98.206460 146.269349
v 1334.114695 -96.042479 150.424389
v 1332.387234 -101.715523 149.542579
v 1335.306807 -101.768206 155.706448
v 1338.219589 -101.816271 162.033598
v 1341.404183 -101.876560 168.404156
v 1344.542658 -101.929115 174.401062
v 1345.544130 -95.189217 176.071902
v 1349.133653 -100.949177 178.797516
v 1352.801514 -100.242330 185.350036
v 1356.398637 -97.168072 190.315830
v 1359.867856 -94.990267 195.744192
v 1363.044343 -94.388453 201.912452
v 1363.468412 -100.904616 204.851524
v 1367.639284 -102.315662 210.533111
v 1371.628880 -102.381935 216.361599
v 1375.739376 -100.342656 221.324731
v 1374.058797 -95.008850 217.313064
v 1368.311684 -94.697404 213.057676
v 1370.824450 -90.831906 218.322123
v 1371.002432 -97.912099 220.637047
v 1373.448568 -102.407790 225.424368
v 1376.103505 -102.449878 230.942316
v 1378.004117 -97.579477 234.378405
v 1375.132754 -92.896010 230.291034
v 1380.006312 -92.730212 235.528703
v 1383.896899 -97.189907 239.478263
v 1388.402742 -100.712536 243.760390
v 1393.507795 -102.736074 248.256673
v 1249.003043 -141.404104 35.999389
v 1250.392096 -134.750630 38.726599
v 1253.346122 -129.371842 42.200371
v 1256.205835 -124.084661 46.088865
v 1257.011367 -118.139817 49.801554
v 1259.018279 -112.975725 54.233122
v 1262.168361 -108.941371 59.339989
v 1266.219808 -106.432353 64.888829
v 1270.235920 -104.437062 70.531184
v 1274.373883 -102.934598 76.274385
v 1278.609599 -102.133211 82.109121
v 1282.747286 -101.281557 88.003476
v 1286.889436 -100.956998 93.920527
v 1290.966165 -100.933643 99.864619
v 1294.958010 -100.971303 105.760603
v 1298.938785 -101.114317 111.556084
v 1302.869650 -100.936686 117.431107
v 1306.647486 -101.269831 123.312226
v 1310.509680 -101.337953 129.053213
v 1314.627907 -101.334878 135.055712
v 1318.066757 -101.471774 141.157627
v 1321.129241 -98.088251 146.412020
v 1325.170059 -96.638087 151.538635
v 1329.381123 -97.152100 156.050247
v 1326.248535 -101.615515 152.684166
v 1329.083289 -101.592495 159.057325
v 1332.149927 -101.057501 164.980512
v 1335.123744 -101.772375 171.410049
v 1338.570881 -101.830096 177.305604
v 1340.893958 -96.133827 180.956897
v 1344.222222 -101.688895 182.985328
v 1347.855896 -95.837543 186.327339
v 1351.502131 -92.658749 191.583821
v 1354.340930 -91.851456 198.357110
v 1356.863379 -93.660509 204.870289
v 1359.274287 -98.391284 209.466383
v 1362.424560 -102.217352 214.469252
v 1366.311422 -102.289370 220.350506
v 1369.969742 -98.794331 225.835989
v 1368.505558 -93.732347 222.896741
v 1363.493632 -95.846933 217.600260
v 1364.711681 -90.266156 221.335021
v 1364.912850 -97.739691 222.643428
v 1366.704017 -102.292300 226.941159
v 1369.452072 -102.335652 233.149448
v 1371.944444 -98.438229 237.953637
v 1369.963433 -92.444417 235.091989
v 1374.884732 -93.703799 240.037240
v 1379.658037 -96.727559 244.512407
v 1384.639458 -99.147110 249.012962
v 1389.149105 -102.659200 253.335688
v 1245.338119 -142.647451 41.348767
v 1249.573614 -138.112467 44.463066
v 1254.925825 -133.748931 47.142050
v 1254.236847 -127.683782 50.999017
v 1252.978960 -121.367960 54.142923
v 1254.803242 -116.215404 58.697188
v 1257.883586 -112.116336 63.836669
v 1261.236113 -108.816383 69.200927
v 1265.181679 -106.542460 74.760033
v 1269.106346 -104.742702 80.418503
v 1273.106189 -103.183033 86.175305
v 1277.207351 -102.268727 92.007507
v 1281.246768 -101.466583 97.897773
v 1285.277624 -100.983638 103.877182
v 1289.130348 -100.971000 109.814190
v 1293.268372 -100.546553 115.639023
v 1297.314552 -100.179867 121.384693
v 1301.088971 -100.208307 127.265903
v 1304.683108 -100.730001 132.832808
v 1309.240267 -101.323574 138.964891
v 1312.946108 -101.389153 144.944781
v 1316.651940 -99.893980 151.042043
v 1320.430861 -96.268466 156.532858
v 1323.606272 -101.576961 160.586205
v 1319.955369 -101.513419 156.323623
v 1323.291890 -96.587714 161.931037
v 1326.486229 -99.147616 168.213610
v 1329.311644 -101.310356 174.425462
v 1332.830752 -101.725181 180.307575
v 1335.835240 -97.802747 185.266614
v 1340.904944 -101.869628 188.553133
v 1342.583190 -94.949778 189.160391
v 1345.363032 -91.039017 194.378412
v 1348.084883 -93.226631 200.698665
v 1350.645795 -95.989231 206.518696
v 1353.626613 -99.986292 211.557384
v 1356.854419 -102.130004 217.721175
v 1360.531784 -102.168277 223.795150
v 1364.129725 -99.087322 229.767065
v 1362.312615 -94.033813 226.738875
v 1358.107387 -95.428442 220.302362
v 1359.022733 -90.313440 224.693473
v 1358.417824 -97.431855 225.275993
v 1360.007612 -102.177351 229.129765
v 1362.947432 -102.223908 235.370865
v 1365.725820 -99.249616 240.883678
v 1365.222842 -92.178316 240.016832
v 1370.202141 -94.503989 244.654742
v 1375.325112 -96.365755 249.438257
v 1380.647996 -97.721933 254.170576
v 1384.712719 -102.015667 258.278492
v 1248.437945 -147.888102 44.076089
v 1252.407007 -143.243741 47.972934
v 1253.318290 -137.553012 52.778984
v 1250.168606 -131.190934 54.635228
v 1249.657069 -125.237273 58.608722
v 1251.891773 -120.364029 63.368448
v 1253.970754 -115.677115 68.345984
v 1256.989526 -112.146289 73.605589
v 1260.266837 -109.164217 79.013858
v 1263.971953 -106.881989 84.558824
v 1267.818203 -105.125635 90.242001
v 1271.665298 -103.432940 96.014688
v 1275.693700 -102.450333 101.877032
v 1279.678688 -101.646638 107.844385
v 1283.600956 -101.515467 113.946893
v 1287.757870 -105.649371 119.962809
v 1292.223332 -104.302065 125.419375
v 1295.408954 -99.601275 131.237501
v 1299.046553 -100.263034 136.973481
v 1303.585769 -101.232418 143.115600
v 1307.567157 -101.055299 148.665255
v 1311.231278 -97.358283 153.785642
v 1314.799915 -95.927765 160.138146
v 1317.088886 -101.471578 164.951973
v 1314.067713 -101.242149 160.400089
v 1317.907082 -96.353588 165.448808
v 1321.341490 -96.919982 171.733477
v 1324.399975 -98.360728 178.168049
v 1327.030881 -101.039019 184.116424
v 1331.424230 -101.153438 189.473655
v 1336.727105 -100.866529 194.052002
v 1336.684861 -93.947585 191.047192
v 1339.112148 -91.409620 197.179863
v 1341.988979 -95.877324 202.182130
v 1344.843708 -99.368849 207.702765
v 1347.845176 -101.776338 213.944551
v 1351.190709 -102.032183 220.597747
v 1354.683042 -101.240043 226.541791
v 1358.038216 -99.858513 233.376451
v 1355.925054 -94.396693 229.889784
v 1352.459702 -95.540328 222.729347
v 1352.684818 -89.742013 226.425292
v 1351.646082 -96.925416 227.854188
v 1353.434598 -102.064315 231.683252
v 1356.672760 -102.115850 238.033236
v 1359.690518 -99.486707 243.532360
v 1360.664518 -92.395927 244.872860
v 1365.940474 -93.388134 249.568379
v 1371.065300 -95.284196 254.300802
v 1376.104213 -97.224396 259.149605
v 1380.192002 -101.614586 263.098271
v 1250.049249 -152.859751 48.518282
v 1250.914441 -147.247621 53.271213
v 1248.635501 -141.103149 56.139689
v 1246.141344 -134.883275 58.695386
v 1247.698353 -129.512082 63.293100
v 1249.967349 -124.818619 67.924192
v 1251.154450 -120.190425 72.855864
v 1253.287711 -116.183493 77.973679
v 1255.903260 -112.624880 83.284502
v 1259.151283 -109.763834 88.754816
v 1262.648949 -107.369965 94.316023
v 1266.453204 -105.593612 100.023627
v 1270.211269 -103.807052 105.817006
v 1274.151982 -102.443103 111.702699
v 1278.233000 -101.865018 117.725776
v 1282.240815 -106.243955 124.269454
v 1286.259515 -102.213286 129.907725
v 1289.585700 -104.400611 135.163474
v 1293.808161 -100.873795 140.965772
v 1298.197587 -101.145406 146.917841
v 1302.102150 -100.667610 152.635492
v 1305.572961 -95.709986 156.518746
v 1308.047274 -100.469478 161.069541
v 1309.710857 -101.349573 167.712775
v 1308.744988 -95.857453 163.732238
v 1312.273114 -96.073047 169.326301
v 1316.104929 -95.007724 175.389807
v 1319.654213 -95.650557 181.799604
v 1322.266878 -97.955768 188.483518
v 1327.609519 -97.893987 192.727086
v 1333.041803 -98.062992 198.597040
v 1330.567480 -93.532309 193.763617
v 1333.056525 -92.356065 199.509090
v 1335.700191 -96.897592 204.469626
v 1338.737855 -99.993474 210.445583
v 1342.143851 -101.184740 216.913660
v 1345.367863 -101.910423 223.501166
v 1348.410595 -101.979967 229.731825
v 1351.898990 -100.324635 236.501509
v 1349.843258 -96.024999 232.914512
v 1346.318807 -96.314153 225.093537
v 1345.793851 -89.317602 226.823415
v 1345.217572 -95.359986 230.238834
v 1346.859962 -100.747441 234.708607
v 1350.072065 -102.001825 241.239911
v 1354.343135 -99.654657 246.515406
v 1356.171372 -93.198717 249.512425
v 1361.335999 -93.858619 254.337822
v 1366.296363 -96.621090 258.591924
v 1371.015970 -98.181629 263.474713
v 1375.404649 -101.995817 267.728324
v 1248.937231 -156.989116 53.926582
v 1247.011304 -150.928222 57.348068
v 1244.184976 -144.855804 59.781779
v 1244.265716 -139.043803 64.137658
v 1249.012150 -134.658233 67.467265
v 1248.676034 -129.728482 72.372675
v 1249.164131 -125.333902 77.262512
v 1250.353200 -120.884614 82.308801
v 1252.340439 -116.868594 87.535478
v 1254.676513 -113.219098 92.902263
v 1257.976603 -110.439367 98.431902
v 1261.283849 -107.849314 104.047891
v 1265.047084 -105.967910 109.767626
v 1268.782239 -104.107949 115.569114
v 1272.703556 -102.603140 121.455505
v 1276.524480 -106.087205 127.485131
v 1279.653004 -102.564121 133.114442
v 1284.249260 -105.362630 138.918828
v 1288.314009 -100.938558 144.966876
v 1292.575570 -101.019383 150.887693
v 1296.550743 -99.990379 156.439666
v 1299.898485 -95.109610 160.320147
v 1301.463123 -101.210054 162.262587
v 1302.309799 -101.226632 168.590250
v 1302.946623 -94.623128 167.194540
v 1306.753991 -94.523190 173.075315
v 1310.729493 -93.657219 178.962398
v 1314.456123 -92.974266 185.106104
v 1318.456316 -93.862834 192.179583
v 1322.938828 -93.445320 197.963048
v 1328.082775 -97.243528 203.115445
v 1325.078879 -98.344081 197.442895
v 1326.971366 -92.122576 201.936874
v 1330.704108 -95.010943 208.063725
v 1333.894404 -96.828105 213.879594
v 1336.604793 -99.599380 219.941551
v 1339.415740 -101.769400 226.286099
v 1341.951798 -101.868440 232.897470
v 1344.869424 -101.911317 239.560053
v 1343.421351 -96.643497 235.118672
v 1339.777091 -96.234540 228.508699
v 1339.034495 -89.474115 227.930586
v 1339.700471 -93.371006 233.054084
v 1340.152918 -99.885712 237.868293
v 1345.322046 -98.246474 243.460432
v 1349.039924 -99.590246 249.370939
v 1351.552547 -94.685819 253.799328
v 1356.537727 -95.331140 258.814888
v 1361.267576 -99.307605 262.280343
v 1365.853876 -99.907103 267.554987
v 1370.577207 -101.096778 272.598322
v 1245.836255 -160.767668 58.643753
v 1242.657456 -154.752911 60.986600
v 1241.906938 -148.868200 65.124254
v 1245.069026 -143.668642 68.857218
v 1249.867087 -139.315262 72.046021
v 1246.635371 -134.856922 76.491164
v 1247.783482 -130.637219 81.577025
v 1249.234452 -126.312830 86.598849
v 1249.593942 -121.728977 91.762004
v 1251.465549 -117.733611 97.076833
v 1253.512144 -113.976645 102.475743
v 1256.727999 -111.077115 108.061638
v 1259.972467 -108.513400 113.738900
v 1263.685025 -106.379742 119.443937
v 1267.362967 -104.567506 125.284085
v 1270.969195 -107.300035 131.129598
v 1273.683121 -105.235614 137.065095
v 1278.778840 -105.684046 143.091220
v 1282.819574 -100.928701 149.216858
v 1286.901927 -100.971585 155.159074
v 1291.453505 -99.229236 159.209589
v 1294.040651 -94.951440 164.446885
v 1294.475303 -101.094464 163.071235
v 1295.080461 -100.530507 168.703366
v 1297.276376 -93.825728 171.004536
v 1301.189009 -94.168569 176.813940
v 1305.337213 -93.616421 182.815505
v 1309.495073 -93.671472 188.820221
v 1313.719901 -94.283447 195.068077
v 1317.855847 -93.921320 201.696065
v 1322.391536 -98.747150 206.433214
v 1319.504185 -98.817841 200.228425
v 1321.496008 -93.509631 205.649070
v 1325.981959 -91.682339 211.489002
v 1328.698397 -94.382141 217.452778
v 1330.910639 -98.620762 222.768584
v 1333.279472 -101.687852 228.791069
v 1335.642233 -101.759856 235.345187
v 1337.260683 -101.783789 241.944096
v 1335.480240 -97.183757 236.586519
v 1333.224048 -96.211696 230.956504
v 1332.442297 -89.556484 230.546849
v 1334.889959 -91.846113 236.489611
v 1336.240212 -96.508980 241.860586
v 1340.113947 -98.724194 246.836785
v 1343.909437 -100.574216 252.469630
v 1346.750166 -96.200441 257.574457
v 1351.559697 -97.251977 262.773369
v 1356.236739 -101.537248 266.220972
v 1360.833715 -101.371120 271.640738
v 1365.520164 -102.213952 276.943910
v 1241.890012 -164.631662 62.667265
v 1240.632032 -158.771513 66.536116
v 1243.759142 -153.382171 70.093214
v 1248.775409 -148.747056 71.600415
v 1249.789706 -144.112178 76.741141
v 1245.822115 -140.398401 80.680432
v 1247.138441 -136.135432 85.817785
v 1249.155041 -131.733112 90.791969
v 1249.045510 -127.286610 95.980007
v 1248.797138 -122.725532 101.204860
v 1250.536111 -118.685615 106.572036
v 1252.233637 -114.631551 112.017249
v 1255.450137 -111.720754 117.642896
v 1258.623291 -109.041750 123.270513
v 1262.262108 -107.049441 129.072496
v 1265.821967 -105.086463 134.899063
v 1269.580780 -103.685619 140.800663
v 1273.467496 -102.441403 146.801494
v 1277.493164 -101.748110 153.002023
v 1281.500940 -101.345453 159.125818
v 1285.537644 -101.154001 166.309028
v 1286.735098 -94.528328 166.269429
v 1286.815192 -99.048728 161.911562
v 1289.088965 -98.419404 169.127213
v 1291.514157 -94.703666 174.833262
v 1295.813249 -94.723157 180.560780
v 1299.942068 -94.364449 186.523758
v 1304.104686 -94.284069 192.536392
v 1308.361638 -94.900294 198.526483
v 1313.196442 -95.566813 204.110948
v 1316.615706 -100.316997 209.636029
v 1314.327809 -100.816179 204.143293
v 1317.798862 -99.201938 209.640930
v 1320.729727 -95.055759 215.812058
v 1322.216206 -98.927333 219.770342
v 1324.755981 -99.955493 224.303158
v 1326.969255 -101.614999 230.872959
v 1329.058538 -101.646845 237.347329
v 1330.578387 -101.251128 244.096538
v 1328.582601 -97.145717 239.165147
v 1326.410891 -96.569114 232.980240
v 1326.073558 -89.861433 233.836968
v 1329.145518 -90.942466 239.893580
v 1331.740651 -94.934043 245.348620
v 1334.572848 -100.313712 249.634154
v 1338.392223 -101.171663 255.533999
v 1341.841429 -97.689578 261.024069
v 1346.491685 -100.324883 265.728436
v 1351.092589 -102.604457 270.590624
v 1355.736592 -101.878887 275.834878
v 1360.310223 -103.517740 281.027163
v 1240.675577 -168.747535 68.086812
v 1243.275309 -163.197822 71.750488
v 1248.575775 -158.415050 71.461183
v 1251.924408 -153.420574 75.118476
v 1250.383641 -149.236381 80.824882
v 1245.711063 -145.998457 84.937002
v 1247.782458 -141.659518 89.854162
v 1249.396974 -137.179240 95.010902
v 1247.737924 -132.627275 100.073242
v 1248.066416 -128.312919 105.342735
v 1248.364719 -123.797985 110.661583
v 1249.472420 -119.510522 116.052062
v 1251.183744 -115.490915 121.555266
v 1254.020395 -112.337719 127.163540
v 1257.218073 -109.694667 132.844630
v 1260.510649 -107.210891 138.586016
v 1264.335322 -105.618433 144.442373
v 1267.999646 -103.683451 150.378150
v 1271.980182 -102.573288 156.504711
v 1275.533345 -102.033226 162.784018
v 1279.621424 -101.600126 169.669701
v 1280.219576 -95.875814 168.287571
v 1280.608579 -101.354020 164.405351
v 1284.275492 -100.042826 171.804988
v 1287.433470 -99.290478 177.906781
v 1291.230655 -98.369454 183.876411
v 1294.680487 -96.216045 189.971871
v 1298.684338 -96.062606 196.031080
v 1303.045819 -97.887891 201.458024
v 1307.420113 -101.296398 206.124479
v 1310.380115 -100.827328 212.734025
v 1308.453620 -96.052721 206.572423
v 1312.255263 -99.952139 212.148598
v 1313.016276 -94.648148 217.043526
v 1316.319471 -100.201777 221.349519
v 1318.706607 -101.432770 225.610095
v 1320.688444 -101.507205 232.636113
v 1323.229750 -97.140716 238.725912
v 1323.431777 -99.517779 245.977483
v 1320.952624 -101.507620 240.179541
v 1319.361651 -96.925911 235.005750
v 1319.909267 -90.526918 237.438305
v 1323.440508 -90.962080 243.365408
v 1326.307191 -95.525042 248.131093
v 1329.044954 -100.759704 252.542527
v 1332.863190 -101.022893 258.652690
v 1336.797073 -99.345382 264.406330
v 1341.266527 -101.952387 269.369437
v 1345.887064 -102.114397 274.847132
v 1350.517289 -101.602106 280.171990
v 1354.863150 -104.669342 284.943424
v 1243.138504 -173.096564 72.826916
v 1247.648265 -167.829246 74.329401
v 1252.888894 -162.965409 73.889562
v 1253.731214 -158.374491 79.311119
v 1249.986714 -155.017432 84.222739
v 1246.324989 -151.586615 89.058507
v 1248.816074 -147.098282 93.874586
v 1248.947145 -142.473539 99.252773
v 1246.745008 -138.133183 104.167341
v 1247.236668 -133.714114 109.501000
v 1247.854009 -129.305400 114.784777
v 1247.944410 -124.830391 120.133020
v 1248.486727 -120.463125 125.533416
v 1250.253717 -116.531540 131.062471
v 1252.763830 -113.224334 136.635210
v 1255.896322 -110.421871 142.298358
v 1259.245018 -108.033918 148.011198
v 1262.903044 -105.991207 153.839522
v 1266.548504 -104.279484 159.889583
v 1269.740177 -102.771074 165.943568
v 1272.910677 -100.513635 172.786171
v 1272.151654 -96.988120 166.994560
v 1274.428398 -102.233002 168.262460
v 1278.242795 -101.274698 174.861794
v 1282.166326 -101.300900 181.023138
v 1285.471585 -98.719923 187.126491
v 1289.218342 -97.750313 193.310886
v 1293.374289 -98.525259 199.203093
v 1297.739023 -100.609666 204.491070
v 1302.410333 -101.208819 210.626953
v 1303.101597 -94.515468 213.126368
v 1303.432006 -97.710538 207.507577
v 1306.090352 -102.676422 215.027972
v 1306.606081 -96.733182 219.167953
v 1310.547118 -103.234021 220.706815
v 1312.580233 -101.372515 227.135810
v 1314.777476 -99.355693 233.402649
v 1316.781910 -97.340517 240.225897
v 1316.658106 -97.496325 246.920604
v 1314.329577 -101.393841 242.319635
v 1312.319478 -96.629784 237.321396
v 1314.063224 -91.958200 241.318203
v 1317.766038 -91.054538 247.055597
v 1320.351093 -96.500734 251.009416
v 1323.468536 -100.733452 255.924643
v 1327.412717 -100.380171 261.968194
v 1331.611578 -100.458016 267.870158
v 1336.101221 -101.753110 273.337420
v 1340.649975 -102.070613 278.791759
v 1345.132605 -102.134513 284.324221
v 1349.343121 -105.914417 288.713867
v 1247.890938 -177.644427 74.626496
v 1252.629741 -172.618864 74.445581
v 1256.773127 -167.529598 77.459362
v 1254.649358 -163.758248 83.262090
v 1249.597584 -160.941185 87.544065
v 1247.661382 -157.029219 93.143629
v 1249.637040 -152.259179 98.027866
v 1248.781293 -147.831242 103.420619
v 1246.267414 -143.621566 108.398049
v 1247.591499 -139.223766 113.621086
v 1248.214936 -134.755827 118.944394
v 1247.324730 -130.306675 124.228913
v 1247.513874 -125.942100 129.612114
v 1247.454520 -121.499490 134.994478
v 1249.492313 -117.791715 140.505012
v 1251.309132 -113.864196 146.019336
v 1254.667860 -111.178377 151.640611
v 1257.752224 -108.473983 157.293339
v 1261.431555 -106.565103 162.950701
v 1264.566111 -105.057658 169.313017
v 1265.882392 -99.577240 174.168139
v 1265.189062 -100.188786 167.473930
v 1268.932583 -103.942643 172.273358
v 1272.754060 -102.478900 178.235000
v 1276.259330 -101.144551 184.212171
v 1280.068936 -100.618115 190.285766
v 1284.117695 -100.944681 196.232221
v 1287.991402 -100.969466 202.246221
v 1292.221476 -100.879268 208.141753
v 1296.541188 -101.057792 214.884799
v 1296.102447 -94.317030 211.255828
v 1297.354616 -100.280519 209.766321
v 1300.522717 -98.265277 216.640586
v 1302.371202 -94.185177 222.071502
v 1304.739202 -101.242268 221.735704
v 1306.458822 -101.267646 228.716395
v 1308.040070 -98.048969 234.318583
v 1309.581921 -99.646031 240.819503
v 1309.593584 -95.844984 247.288105
v 1307.427861 -101.274840 245.439637
v 1305.893176 -95.747309 240.531797
v 1308.194246 -91.564473 244.361464
v 1311.909882 -91.359126 250.536871
v 1314.844043 -96.383749 254.819109
v 1317.986631 -100.595392 259.682717
v 1322.141088 -101.638672 265.494093
v 1326.410962 -102.049503 271.334474
v 1330.927911 -102.113518 277.083355
v 1335.333523 -103.297806 282.570298
v 1339.799274 -102.975404 288.159886
v 1343.731100 -107.187304 292.447403
v 1252.788044 -182.483235 74.382302
v 1257.406388 -177.257550 76.170345
v 1258.645230 -172.734769 81.700798
v 1254.263518 -169.671918 86.515714
v 1250.292129 -166.519879 91.490262
v 1250.029736 -162.115058 96.962794
v 1250.875696 -157.454764 102.289912
v 1248.003409 -153.381203 107.357986
v 1246.444667 -149.117360 112.634087
v 1248.208960 -144.639323 117.782139
v 1247.994304 -140.181124 123.138349
v 1246.978255 -135.771110 128.383292
v 1245.968674 -131.298995 133.618570
v 1245.928309 -126.957846 138.993355
v 1246.810684 -122.679059 144.448491
v 1248.390177 -118.691522 149.896877
v 1250.207558 -114.816424 155.378272
v 1253.140815 -111.730497 160.817853
v 1256.190069 -108.909818 166.468032
v 1256.517930 -101.944070 168.789693
v 1258.886174 -99.327179 175.018033
v 1259.637439 -105.558308 171.249643
v 1263.651941 -105.648374 175.919519
v 1266.882019 -103.517032 181.715833
v 1270.685043 -102.839118 187.590633
v 1274.612440 -102.343581 193.350576
v 1278.425467 -101.532959 199.334521
v 1282.163405 -100.869529 205.469632
v 1285.971630 -100.949058 211.461175
v 1288.934439 -100.535702 218.069804
v 1288.758428 -97.228315 209.247505
v 1291.392115 -101.019973 213.421774
v 1295.838854 -101.036751 220.164706
v 1300.478724 -97.168588 226.485907
v 1298.761469 -101.139262 224.396987
v 1299.460299 -101.091239 230.005621
v 1302.098900 -96.520980 235.266049
v 1301.933097 -99.472709 241.303620
v 1303.075296 -94.991133 246.849392
v 1300.618295 -99.870987 247.822284
v 1299.693513 -94.788093 242.673392
v 1302.281351 -89.792579 247.940125
v 1306.233203 -91.877098 253.856320
v 1309.780152 -95.434803 259.061351
v 1312.694027 -99.815424 263.806098
v 1316.661585 -101.905973 269.255203
v 1321.194899 -101.967018 275.061677
v 1325.578537 -102.777960 280.898241
v 1329.992639 -102.879269 286.356975
v 1334.536126 -103.208637 292.021589
v 1338.017733 -107.901891 296.135704
v 1257.799648 -187.088615 75.195187
v 1260.566031 -182.142682 79.829079
v 1258.870818 -178.406404 85.432310
v 1254.508233 -175.393680 90.196817
v 1252.042027 -171.681331 95.689514
v 1251.810872 -167.163084 101.036985
v 1250.785010 -162.855630 106.390861
v 1248.081237 -158.896957 111.440861
v 1247.420689 -154.463158 116.798567
v 1248.074086 -150.004696 122.059666
v 1247.210001 -145.624785 127.247500
v 1245.391647 -141.150538 132.286556
v 1244.637249 -136.724700 137.596214
v 1244.741873 -132.354578 143.021651
v 1245.738062 -128.201850 148.465124
v 1246.021378 -123.813698 153.832075
v 1247.295285 -119.677527 159.134767
v 1249.603076 -116.157995 164.656374
v 1251.271730 -111.311693 169.591158
v 1250.787479 -104.131627 170.455276
v 1253.241780 -101.178928 177.322058
v 1254.058503 -107.256344 173.537049
v 1257.731948 -107.514779 179.272363
v 1261.129581 -104.953569 185.102960
v 1265.184945 -105.281318 190.967241
v 1268.735324 -103.578636 196.827948
v 1272.404407 -102.993181 202.411184
v 1276.779111 -102.079486 208.543372
v 1279.591277 -101.786472 214.620779
v 1282.594631 -98.456078 218.379856
v 1287.044203 -95.086333 213.865053
v 1292.842741 -93.258377 215.391221
v 1295.294722 -95.667614 220.983286
v 1291.939899 -97.110215 228.353436
v 1291.918189 -99.145674 223.311163
v 1296.516022 -93.898935 228.052357
v 1296.097828 -94.168916 234.860926
v 1295.196976 -97.205098 241.002074
v 1296.974717 -91.097718 245.472901
v 1293.742729 -97.048247 250.223067
v 1292.894186 -94.592319 245.458475
v 1297.362666 -93.300583 251.526074
v 1300.798056 -92.788751 257.262894
v 1304.500924 -94.484745 262.998816
v 1307.437171 -98.725334 267.872061
v 1311.369006 -113.702681 273.505503
v 1317.035596 -112.706305 278.165318
v 1321.393976 -111.887442 283.775339
v 1325.460186 -113.820378 290.329336
v 1329.545495 -117.279834 295.566712
v 1332.313798 -108.477387 299.791853
v 1590.534442 -85.424657 144.897287
v 1587.070593 -90.802115 145.442415
v 1583.703209 -96.344416 145.920845
v 1580.005600 -95.154510 151.397999
v 1575.369232 -95.178527 156.254814
v 1569.792203 -96.323168 159.057867
v 1564.171783 -96.816715 162.328443
v 1558.402752 -97.092333 165.458027
v 1552.690611 -97.596082 168.738263
v 1546.783930 -98.142655 171.867476
v 1540.777332 -98.816349 174.811183
v 1534.654915 -99.563887 177.674314
v 1528.410672 -100.237048 180.369079
v 1521.875844 -100.386511 182.890167
v 1515.203554 -99.816289 184.905357
v 1508.621084 -99.034797 186.286185
v 1501.996138 -98.238550 186.923645
v 1495.648949 -98.183427 188.808018
v 1489.721962 -98.481621 191.702016
v 1483.566271 -98.904905 194.020103
v 1477.362145 -99.532938 196.025370
v 1471.027035 -100.138302 197.476986
v 1464.937192 -100.868554 198.920609
v 1459.312720 -101.977874 200.921560
v 1453.919680 -103.291320 203.856496
v 1448.163617 -103.654116 206.764854
v 1442.324144 -103.557284 209.686948
v 1436.466794 -103.268035 212.326872
v 1430.725464 -101.166676 213.661832
v 1425.986564 -100.863154 217.075145
v 1422.260868 -101.778942 221.700166
v 1418.570110 -102.988491 226.744172
v 1414.365344 -103.094011 231.735865
v 1410.143735 -103.024238 236.588213
v 1405.938202 -102.951016 241.602433
v 1401.815036 -102.812380 246.681194
v 1397.667072 -102.791068 251.861553
v 1393.317499 -102.709277 256.999069
v 1388.792859 -102.521004 262.007347
v 1384.105717 -102.395372 266.910310
v 1379.230357 -102.395034 271.678239
v 1374.288790 -102.066013 276.273863
v 1369.279868 -103.257000 280.760836
v 1363.754668 -104.029069 285.109454
v 1357.952701 -104.110588 289.264105
v 1351.872322 -103.796842 292.869325
v 1345.609207 -103.451415 295.870416
v 1339.266864 -103.172037 298.493552
v 1332.756725 -103.039660 300.584983
v 1585.720308 -82.332198 144.902613
v 1582.230559 -87.939344 145.046124
v 1579.304059 -93.893195 143.126113
v 1575.229337 -95.316464 148.256556
v 1572.313472 -91.251205 152.911284
v 1566.836455 -93.613613 155.236915
v 1561.410238 -96.531692 157.455202
v 1555.699971 -98.262963 160.666688
v 1549.926353 -97.703539 163.884523
v 1544.260209 -96.752954 167.191004
v 1538.364875 -97.269217 170.149593
v 1532.406634 -97.309562 173.166505
v 1526.461963 -97.287931 176.189264
v 1520.787547 -96.204402 179.700611
v 1515.227861 -94.528551 183.492177
v 1509.020859 -93.530261 186.437164
v 1502.431433 -93.047219 188.282152
v 1495.537975 -92.794957 188.895149
v 1489.446051 -92.929377 191.719365
v 1483.509857 -93.380433 194.890136
v 1477.103651 -94.013938 196.639882
v 1470.516661 -94.627615 197.007399
v 1464.051407 -95.411824 198.465612
v 1458.241829 -96.421257 201.276949
v 1454.524845 -98.258022 206.348571
v 1449.997693 -99.773535 210.225742
v 1444.548461 -101.024953 213.983634
v 1438.349984 -100.058820 216.559474
v 1432.462276 -96.368615 215.337997
v 1426.894797 -95.479224 218.524616
v 1422.670988 -96.389441 223.420278
v 1420.080872 -98.054681 228.857670
v 1417.570155 -99.579235 234.526483
v 1413.693048 -100.438174 239.831486
v 1409.402423 -100.133778 244.754489
v 1404.976154 -99.112287 249.474267
v 1400.273989 -98.452735 254.025466
v 1395.707286 -98.131317 258.840660
v 1391.131295 -97.987588 263.881552
v 1386.269362 -97.870378 268.831443
v 1381.039861 -97.666141 273.465500
v 1375.443171 -97.441269 277.821083
v 1369.582425 -98.035788 281.612259
v 1363.794250 -98.658354 285.148141
v 1357.832927 -98.780932 288.609634
v 1351.821698 -98.515945 291.891099
v 1345.511615 -98.168181 294.821088
v 1339.029441 -97.962135 297.091261
v 1332.684930 -97.630774 299.300719
v 1437.280584 -263.091547 29.346306
v 1432.494797 -259.053082 26.557516
v 1427.505694 -255.221236 23.815582
v 1422.425364 -251.465842 21.124091
v 1417.271025 -247.755666 18.491226
v 1412.034303 -244.089294 15.934627
v 1406.708947 -240.463569 13.508573
v 1401.336166 -236.838450 11.255486
v 1395.997492 -233.139087 9.118582
v 1390.755831 -229.311137 7.008547
v 1385.579081 -225.354606 4.965852
v 1380.305016 -221.300105 3.326669
v 1374.853646 -217.233233 2.471678
v 1369.460005 -213.101022 1.844058
v 1364.188327 -208.850383 1.062602
v 1358.947196 -204.546026 0.245386
v 1353.648860 -200.268115 -0.437294
v 1348.265245 -196.051753 -0.882901
v 1342.793230 -191.921624 -1.021243
v 1337.258888 -187.876085 -0.881934
v 1331.678189 -183.910188 -0.481664
v 1326.068083 -180.030762 0.188772
v 1320.445434 -176.236325 1.110711
v 1314.821326 -172.509388 2.199621
v 1309.208845 -168.817461 3.340022
v 1303.612328 -165.122911 4.422469
v 1298.046372 -161.430830 5.472397
v 1292.531450 -157.737984 6.517733
v 1287.064798 -154.124406 7.714139
v 1281.637327 -150.431588 8.769778
v 1276.250344 -146.491986 9.368293
v 1270.405093 -143.568604 11.167168
v 1265.898575 -144.387117 15.849080
v 1261.507591 -139.689510 14.273499
v 1255.949318 -138.103323 17.522544
v 1251.324358 -138.877945 22.365805
v 1248.369966 -141.604832 27.631974
v 1244.911259 -143.373840 32.918197
v 1242.007407 -146.022360 38.460074
v 1244.315230 -151.152678 42.173968
v 1246.600702 -156.287371 45.724628
v 1247.486557 -161.113439 50.252607
v 1246.097535 -165.210832 55.287709
v 1243.491888 -169.112882 60.111283
v 1240.651522 -173.166948 64.848720
v 1240.867484 -177.461432 70.204020
v 1244.234318 -181.740007 74.511938
v 1249.253943 -185.979291 76.785115
v 1254.289652 -190.402967 78.023249
v 1437.996783 -265.415113 24.480553
v 1432.686947 -261.943672 21.945560
v 1427.229068 -258.550230 19.524577
v 1421.723340 -255.125722 17.176587
v 1416.148721 -251.698486 14.952617
v 1410.494871 -248.274017 12.888720
v 1404.798500 -244.815321 10.955853
v 1399.134347 -241.260321 9.062477
v 1393.566316 -237.560428 7.144930
v 1388.121947 -233.699437 5.206613
v 1382.758493 -229.701145 3.358471
v 1377.384574 -225.620420 1.812930
v 1371.988488 -221.470404 0.614167
v 1366.636507 -217.241303 -0.386466
v 1361.329112 -212.957115 -1.222053
v 1355.995641 -208.693614 -1.853679
v 1350.608129 -204.480557 -2.252809
v 1345.163214 -200.336764 -2.403630
v 1339.666435 -196.268115 -2.305932
v 1334.127577 -192.266333 -2.007208
v 1328.555293 -188.329874 -1.536199
v 1322.957118 -184.453159 -0.908891
v 1317.340061 -180.635277 -0.119079
v 1311.707558 -176.875572 0.820399
v 1306.069661 -173.158584 1.856006
v 1300.439194 -169.449884 2.888760
v 1294.832183 -165.727649 3.850494
v 1289.283844 -161.985151 4.762305
v 1283.842238 -158.219392 5.674481
v 1278.582520 -154.268773 6.257594
v 1273.427353 -150.073025 6.256245
v 1267.688397 -147.045942 7.920802
v 1263.020007 -147.830171 12.549543
v 1258.519359 -143.079890 11.367191
v 1252.829601 -141.269018 14.507020
v 1248.148813 -142.032884 19.240566
v 1244.781225 -144.141978 24.485041
v 1241.513029 -146.410831 29.730287
v 1239.281346 -149.608882 35.305523
v 1240.459852 -154.436464 40.017682
v 1243.047942 -159.655272 43.211082
v 1244.616847 -164.733867 46.964127
v 1244.608730 -169.309799 51.769932
v 1243.678629 -173.504134 56.819795
v 1241.818725 -177.516633 61.744358
v 1240.974012 -181.747842 66.675356
v 1242.656910 -186.031136 71.506157
v 1246.129046 -190.239752 75.504706
v 1250.724324 -194.426694 78.071349
vt 0.375000 0.000000
vt 0.380000 0.000000
vt 0.385000 0.000000
vt 0.390000 0.000000
vt 0.395000 0.000000
vt 0.400000 0.000000
vt 0.405000 0.000000
vt 0.410000 0.000000
vt 0.415000 0.000000
vt 0.420000 0.000000
vt 0.425000 0.000000
vt 0.430000 0.000000
vt 0.435000 0.000000
vt 0.440000 0.000000
vt 0.445000 0.000000
vt 0.450000 0.000000
vt 0.455000 0.000000
vt 0.460000 0.000000
vt 0.465000 0.000000
vt 0.470000 0.000000
vt 0.475000 0.000000
vt 0.480000 0.000000
vt 0.485000 0.000000
vt 0.490000 0.000000
vt 0.495000 0.000000
vt 0.500000 0.000000
vt 0.505000 0.000000
vt 0.510000 0.000000
vt 0.515000 0.000000
vt 0.520000 0.000000
vt 0.525000 0.000000
vt 0.530000 0.000000
vt 0.535000 0.000000
vt 0.540000 0.000000
vt 0.545000 0.000000
vt 0.550000 0.000000
vt 0.555000 0.000000
vt 0.560000 0.000000
vt 0.565000 0.000000
vt 0.570000 0.000000
vt 0.575000 0.000000
vt 0.580000 0.000000
vt 0.585000 0.000000
vt 0.590000 0.000000
vt 0.595000 0.000000
vt 0.600000 0.000000
vt 0.605000 0.000000
vt 0.610000 0.000000
vt 0.615000 0.000000
vt 0.620000 0.000000
vt 0.625000 0.000000
vt 0.375000 0.083333
vt 0.380000 0.083333
vt 0.385000 0.083333
vt 0.390000 0.083333
vt 0.395000 0.083333
vt 0.400000 0.083333
vt 0.405000 0.083333
vt 0.410000 0.083333
vt 0.415000 0.083333
vt 0.420000 0.083333
vt 0.425000 0.083333
vt 0.430000 0.083333
vt 0.435000 0.083333
vt 0.440000 0.083333
vt 0.445000 0.083333
vt 0.450000 0.083333
vt 0.455000 0.083333
vt 0.460000 0.083333
vt 0.465000 0.083333
vt 0.470000 0.083333
vt 0.475000 0.083333
vt 0.480000 0.083333
vt 0.485000 0.083333
vt 0.490000 0.083333
vt 0.495000 0.083333
vt 0.500000 0.083333
vt 0.505000 0.083333
vt 0.510000 0.083333
vt 0.515000 0.083333
vt 0.520000 0.083333
vt 0.525000 0.083333
vt 0.530000 0.083333
vt 0.535000 0.083333
vt 0.540000 0.083333
vt 0.545000 0.083333
vt 0.550000 0.083333
vt 0.555000 0.083333
vt 0.560000 0.083333
vt 0.565000 0.083333
vt 0.570000 0.083333
vt 0.575000 0.083333
vt 0.580000 0.083333
vt 0.585000 0.083333
vt 0.590000 0.083333
vt 0.595000 0.083333
vt 0.600000 0.083333
vt 0.605000 0.083333
vt 0.610000 0.083333
vt 0.615000 0.083333
vt 0.620000 0.083333
vt 0.625000 0.083333
vt 0.375000 0.166667
vt 0.380000 0.166667
vt 0.385000 0.166667
vt 0.390000 0.166667
vt 0.395000 0.166667
vt 0.400000 0.166667
vt 0.405000 0.166667
vt 0.410000 0.166667
vt 0.415000 0.166667
vt 0.420000 0.166667
vt 0.425000 0.166667
vt 0.430000 0.166667
vt 0.435000 0.166667
vt 0.440000 0.166667
vt 0.445000 0.166667
vt 0.450000 0.166667
vt 0.455000 0.166667
vt 0.460000 0.166667
vt 0.465000 0.166667
vt 0.470000 0.166667
vt 0.475000 0.166667
vt 0.480000 0.166667
vt 0.485000 0.166667
vt 0.490000 0.166667
vt 0.495000 0.166667
vt 0.500000 0.166667
vt 0.505000 0.166667
vt 0.510000 0.166667
vt 0.515000 0.166667
vt 0.520000 0.166667
vt 0.525000 0.166667
vt 0.530000 0.166667
vt 0.535000 0.166667
vt 0.540000 0.166667
vt 0.545000 0.166667
vt 0.550000 0.166667
vt 0.555000 0.166667
vt 0.560000 0.166667
vt 0.565000 0.166667
vt 0.570000 0.166667
vt 0.575000 0.166667
vt 0.580000 0.166667
vt 0.585000 0.166667
vt 0.590000 0.166667
vt 0.595000 0.166667
vt 0.600000 0.166667
vt 0.605000 0.166667
vt 0.610000 0.166667
vt 0.615000 0.166667
vt 0.620000 0.166667
vt 0.625000 0.166667
vt 0.375000 0.250000
vt 0.380000 0.250000
vt 0.385000 0.250000
vt 0.390000 0.250000
vt 0.395000 0.250000
vt 0.400000 0.250000
vt 0.405000 0.250000
vt 0.410000 0.250000
vt 0.415000 0.250000
vt 0.420000 0.250000
vt 0.425000 0.250000
vt 0.430000 0.250000
vt 0.435000 0.250000
vt 0.440000 0.250000
vt 0.445000 0.250000
vt 0.450000 0.250000
vt 0.455000 0.250000
vt 0.460000 0.250000
vt 0.465000 0.250000
vt 0.470000 0.250000
vt 0.475000 0.250000
vt 0.480000 0.250000
vt 0.485000 0.250000
vt 0.490000 0.250000
vt 0.495000 0.250000
vt 0.500000 0.250000
vt 0.505000 0.250000
vt 0.510000 0.250000
vt 0.515000 0.250000
vt 0.520000 0.250000
vt 0.525000 0.250000
vt 0.530000 0.250000
vt 0.535000 0.250000
vt 0.540000 0.250000
vt 0.545000 0.250000
vt 0.550000 0.250000
vt 0.555000 0.250000
vt 0.560000 0.250000
vt 0.565000 0.250000
vt 0.570000 0.250000
vt 0.575000 0.250000
vt 0.580000 0.250000
vt 0.585000 0.250000
vt 0.590000 0.250000
vt 0.595000 0.250000
vt 0.600000 0.250000
vt 0.605000 0.250000
vt 0.610000 0.250000
vt 0.615000 0.250000
vt 0.620000 0.250000
vt 0.625000 0.250000
vt 0.375000 0.255000
vt 0.380000 0.255000
vt 0.385000 0.255000
vt 0.390000 0.255000
vt 0.395000 0.255000
vt 0.400000 0.255000
vt 0.405000 0.255000
vt 0.410000 0.255000
vt 0.415000 0.255000
vt 0.420000 0.255000
vt 0.425000 0.255000
vt 0.430000 0.255000
vt 0.435000 0.255000
vt 0.440000 0.255000
vt 0.445000 0.255000
vt 0.450000 0.255000
vt 0.455000 0.255000
vt 0.460000 0.255000
vt 0.465000 0.255000
vt 0.470000 0.255000
vt 0.475000 0.255000
vt 0.480000 0.255000
vt 0.485000 0.255000
vt 0.490000 0.255000
vt 0.495000 0.255000
vt 0.500000 0.255000
vt 0.505000 0.255000
vt 0.510000 0.255000
vt 0.515000 0.255000
vt 0.520000 0.255000
vt 0.525000 0.255000
vt 0.530000 0.255000
vt 0.535000 0.255000
vt 0.540000 0.255000
vt 0.545000 0.255000
vt 0.550000 0.255000
vt 0.555000 0.255000
vt 0.560000 0.255000
vt 0.565000 0.255000
vt 0.570000 0.255000
vt 0.575000 0.255000
vt 0.580000 0.255000
vt 0.585000 0.255000
vt 0.590000 0.255000
vt 0.595000 0.255000
vt 0.600000 0.255000
vt 0.605000 0.255000
vt 0.610000 0.255000
vt 0.615000 0.255000
vt 0.620000 0.255000
vt 0.625000 0.255000
vt 0.375000 0.260000
vt 0.380000 0.260000
vt 0.385000 0.260000
vt 0.390000 0.260000
vt 0.395000 0.260000
vt 0.400000 0.260000
vt 0.405000 0.260000
vt 0.410000 0.260000
vt 0.415000 0.260000
vt 0.420000 0.260000
vt 0.425000 0.260000
vt 0.430000 0.260000
vt 0.435000 0.260000
vt 0.440000 0.260000
vt 0.445000 0.260000
vt 0.450000 0.260000
vt 0.455000 0.260000
vt 0.460000 0.260000
vt 0.465000 0.260000
vt 0.470000 0.260000
vt 0.475000 0.260000
vt 0.480000 0.260000
vt 0.485000 0.260000
vt 0.490000 0.260000
vt 0.495000 0.260000
vt 0.500000 0.260000
vt 0.505000 0.260000
vt 0.510000 0.260000
vt 0.515000 0.260000
vt 0.520000 0.260000
vt 0.525000 0.260000
vt 0.530000 0.260000
vt 0.535000 0.260000
vt 0.540000 0.260000
vt 0.545000 0.260000
vt 0.550000 0.260000
vt 0.555000 0.260000
vt 0.560000 0.260000
vt 0.565000 0.260000
vt 0.570000 0.260000
vt 0.575000 0.260000
vt 0.580000 0.260000
vt 0.585000 0.260000
vt 0.590000 0.260000
vt 0.595000 0.260000
vt 0.600000 0.260000
vt 0.605000 0.260000
vt 0.610000 0.260000
vt 0.615000 0.260000
vt 0.620000 0.260000
vt 0.625000 0.260000
vt 0.375000 0.265000
vt 0.380000 0.265000
vt 0.385000 0.265000
vt 0.390000 0.265000
vt 0.395000 0.265000
vt 0.400000 0.265000
vt 0.405000 0.265000
vt 0.410000 0.265000
vt 0.415000 0.265000
vt 0.420000 0.265000
vt 0.425000 0.265000
vt 0.430000 0.265000
vt 0.435000 0.265000
vt 0.440000 0.265000
vt 0.445000 0.265000
vt 0.450000 0.265000
vt 0.455000 0.265000
vt 0.460000 0.265000
vt 0.465000 0.265000
vt 0.470000 0.265000
vt 0.475000 0.265000
vt 0.480000 0.265000
vt 0.485000 0.265000
vt 0.490000 0.265000
vt 0.495000 0.265000
vt 0.500000 0.265000
vt 0.505000 0.265000
vt 0.510000 0.265000
vt 0.515000 0.265000
vt 0.520000 0.265000
vt 0.525000 0.265000
vt 0.530000 0.265000
vt 0.535000 0.265000
vt 0.540000 0.265000
vt 0.545000 0.265000
vt 0.550000 0.265000
vt 0.555000 0.265000
vt 0.560000 0.265000
vt 0.565000 0.265000
vt 0.570000 0.265000
vt 0.575000 0.265000
vt 0.580000 0.265000
vt 0.585000 0.265000
vt 0.590000 0.265000
vt 0.595000 0.265000
vt 0.600000 0.265000
vt 0.605000 0.265000
vt 0.610000 0.265000
vt 0.615000 0.265000
vt 0.620000 0.265000
vt 0.625000 0.265000
vt 0.375000 0.270000
vt 0.380000 0.270000
vt 0.385000 0.270000
vt 0.390000 0.270000
vt 0.395000 0.270000
vt 0.400000 0.270000
vt 0.405000 0.270000
vt 0.410000 0.270000
vt 0.415000 0.270000
vt 0.420000 0.270000
vt 0.425000 0.270000
vt 0.430000 0.270000
vt 0.435000 0.270000
vt 0.440000 0.270000
vt 0.445000 0.270000
vt 0.450000 0.270000
vt 0.455000 0.270000
vt 0.460000 0.270000
vt 0.465000 0.270000
vt 0.470000 0.270000
vt 0.475000 0.270000
vt 0.480000 0.270000
vt 0.485000 0.270000
vt 0.490000 0.270000
vt 0.495000 0.270000
vt 0.500000 0.270000
vt 0.505000 0.270000
vt 0.510000 0.270000
vt 0.515000 0.270000
vt 0.520000 0.270000
vt 0.525000 0.270000
vt 0.530000 0.270000
vt 0.535000 0.270000
vt 0.540000 0.270000
vt 0.545000 0.270000
vt 0.550000 0.270000
vt 0.555000 0.270000
vt 0.560000 0.270000
vt 0.565000 0.270000
vt 0.570000 0.270000
vt 0.575000 0.270000
vt 0.580000 0.270000
vt 0.585000 0.270000
vt 0.590000 0.270000
vt 0.595000 0.270000
vt 0.600000 0.270000
vt 0.605000 0.270000
vt 0.610000 0.270000
vt 0.615000 0.270000
vt 0.620000 0.270000
vt 0.625000 0.270000
vt 0.375000 0.275000
vt 0.380000 0.275000
vt 0.385000 0.275000
vt 0.390000 0.275000
vt 0.395000 0.275000
vt 0.400000 0.275000
vt 0.405000 0.275000
vt 0.410000 0.275000
vt 0.415000 0.275000
vt 0.420000 0.275000
vt 0.425000 0.275000
vt 0.430000 0.275000
vt 0.435000 0.275000
vt 0.440000 0.275000
vt 0.445000 0.275000
vt 0.450000 0.275000
vt 0.455000 0.275000
vt 0.460000 0.275000
vt 0.465000 0.275000
vt 0.470000 0.275000
vt 0.475000 0.275000
vt 0.480000 0.275000
vt 0.485000 0.275000
vt 0.490000 0.275000
vt 0.495000 0.275000
vt 0.500000 0.275000
vt 0.505000 0.275000
vt 0.510000 0.275000
vt 0.515000 0.275000
vt 0.520000 0.275000
vt 0.525000 0.275000
vt 0.530000 0.275000
vt 0.535000 0.275000
vt 0.540000 0.275000
vt 0.545000 0.275000
vt 0.550000 0.275000
vt 0.555000 0.275000
vt 0.560000 0.275000
vt 0.565000 0.275000
vt 0.570000 0.275000
vt 0.575000 0.275000
vt 0.580000 0.275000
vt 0.585000 0.275000
vt 0.590000 0.275000
vt 0.595000 0.275000
vt 0.600000 0.275000
vt 0.605000 0.275000
vt 0.610000 0.275000
vt 0.615000 0.275000
vt 0.620000 0.275000
vt 0.625000 0.275000
vt 0.375000 0.280000
vt 0.380000 0.280000
vt 0.385000 0.280000
vt 0.390000 0.280000
vt 0.395000 0.280000
vt 0.400000 0.280000
vt 0.405000 0.280000
vt 0.410000 0.280000
vt 0.415000 0.280000
vt 0.420000 0.280000
vt 0.425000 0.280000
vt 0.430000 0.280000
vt 0.435000 0.280000
vt 0.440000 0.280000
vt 0.445000 0.280000
vt 0.450000 0.280000
vt 0.455000 0.280000
vt 0.460000 0.280000
vt 0.465000 0.280000
vt 0.470000 0.280000
vt 0.475000 0.280000
vt 0.480000 0.280000
vt 0.485000 0.280000
vt 0.490000 0.280000
vt 0.495000 0.280000
vt 0.500000 0.280000
vt 0.505000 0.280000
vt 0.510000 0.280000
vt 0.515000 0.280000
vt 0.520000 0.280000
vt 0.525000 0.280000
vt 0.530000 0.280000
vt 0.535000 0.280000
vt 0.540000 0.280000
vt 0.545000 0.280000
vt 0.550000 0.280000
vt 0.555000 0.280000
vt 0.560000 0.280000
vt 0.565000 0.280000
vt 0.570000 0.280000
vt 0.575000 0.280000
vt 0.580000 0.280000
vt 0.585000 0.280000
vt 0.590000 0.280000
vt 0.595000 0.280000
vt 0.600000 0.280000
vt 0.605000 0.280000
vt 0.610000 0.280000
vt 0.615000 0.280000
vt 0.620000 0.280000
vt 0.625000 0.280000
vt 0.375000 0.285000
vt 0.380000 0.285000
vt 0.385000 0.285000
vt 0.390000 0.285000
vt 0.395000 0.285000
vt 0.400000 0.285000
vt 0.405000 0.285000
vt 0.410000 0.285000
vt 0.415000 0.285000
vt 0.420000 0.285000
vt 0.425000 0.285000
vt 0.430000 0.285000
vt 0.435000 0.285000
vt 0.440000 0.285000
vt 0.445000 0.285000
vt 0.450000 0.285000
vt 0.455000 0.285000
vt 0.460000 0.285000
vt 0.465000 0.285000
vt 0.470000 0.285000
vt 0.475000 0.285000
vt 0.480000 0.285000
vt 0.485000 0.285000
vt 0.490000 0.285000
vt 0.495000 0.285000
vt 0.500000 0.285000
vt 0.505000 0.285000
vt 0.510000 0.285000
vt 0.515000 0.285000
vt 0.520000 0.285000
vt 0.525000 0.285000
vt 0.530000 0.285000
vt 0.535000 0.285000
vt 0.540000 0.285000
vt 0.545000 0.285000
vt 0.550000 0.285000
vt 0.555000 0.285000
vt 0.560000 0.285000
vt 0.565000 0.285000
vt 0.570000 0.285000
vt 0.575000 0.285000
vt 0.580000 0.285000
vt 0.585000 0.285000
vt 0.590000 0.285000
vt 0.595000 0.285000
vt 0.600000 0.285000
vt 0.605000 0.285000
vt 0.610000 0.285000
vt 0.615000 0.285000
vt 0.620000 0.285000
vt 0.625000 0.285000
vt 0.375000 0.290000
vt 0.380000 0.290000
vt 0.385000 0.290000
vt 0.390000 0.290000
vt 0.395000 0.290000
vt 0.400000 0.290000
vt 0.405000 0.290000
vt 0.410000 0.290000
vt 0.415000 0.290000
vt 0.420000 0.290000
vt 0.425000 0.290000
vt 0.430000 0.290000
vt 0.435000 0.290000
vt 0.440000 0.290000
vt 0.445000 0.290000
vt 0.450000 0.290000
vt 0.455000 0.290000
vt 0.460000 0.290000
vt 0.465000 0.290000
vt 0.470000 0.290000
vt 0.475000 0.290000
vt 0.480000 0.290000
vt 0.485000 0.290000
vt 0.490000 0.290000
vt 0.495000 0.290000
vt 0.500000 0.290000
vt 0.505000 0.290000
vt 0.510000 0.290000
vt 0.515000 0.290000
vt 0.520000 0.290000
vt 0.525000 0.290000
vt 0.530000 0.290000
vt 0.535000 0.290000
vt 0.540000 0.290000
vt 0.545000 0.290000
vt 0.550000 0.290000
vt 0.555000 0.290000
vt 0.560000 0.290000
vt 0.565000 0.290000
vt 0.570000 0.290000
vt 0.575000 0.290000
vt 0.580000 0.290000
vt 0.585000 0.290000
vt 0.590000 0.290000
vt 0.595000 0.290000
vt 0.600000 0.290000
vt 0.605000 0.290000
vt 0.610000 0.290000
vt 0.615000 0.290000
vt 0.620000 0.290000
vt 0.625000 0.290000
vt 0.375000 0.295000
vt 0.380000 0.295000
vt 0.385000 0.295000
vt 0.390000 0.295000
vt 0.395000 0.295000
vt 0.400000 0.295000
vt 0.405000 0.295000
vt 0.410000 0.295000
vt 0.415000 0.295000
vt 0.420000 0.295000
vt 0.425000 0.295000
vt 0.430000 0.295000
vt 0.435000 0.295000
vt 0.440000 0.295000
vt 0.445000 0.295000
vt 0.450000 0.295000
vt 0.455000 0.295000
vt 0.460000 0.295000
vt 0.465000 0.295000
vt 0.470000 0.295000
vt 0.475000 0.295000
vt 0.480000 0.295000
vt 0.485000 0.295000
vt 0.490000 0.295000
vt 0.495000 0.295000
vt 0.500000 0.295000
vt 0.505000 0.295000
vt 0.510000 0.295000
vt 0.515000 0.295000
vt 0.520000 0.295000
vt 0.525000 0.295000
vt 0.530000 0.295000
vt 0.535000 0.295000
vt 0.540000 0.295000
vt 0.545000 0.295000
vt 0.550000 0.295000
vt 0.555000 0.295000
vt 0.560000 0.295000
vt 0.565000 0.295000
vt 0.570000 0.295000
vt 0.575000 0.295000
vt 0.580000 0.295000
vt 0.585000 0.295000
vt 0.590000 0.295000
vt 0.595000 0.295000
vt 0.600000 0.295000
vt 0.605000 0.295000
vt 0.610000 0.295000
vt 0.615000 0.295000
vt 0.620000 0.295000
vt 0.625000 0.295000
vt 0.375000 0.300000
vt 0.380000 0.300000
vt 0.385000 0.300000
vt 0.390000 0.300000
vt 0.395000 0.300000
vt 0.400000 0.300000
vt 0.405000 0.300000
vt 0.410000 0.300000
vt 0.415000 0.300000
vt 0.420000 0.300000
vt 0.425000 0.300000
vt 0.430000 0.300000
vt 0.435000 0.300000
vt 0.440000 0.300000
vt 0.445000 0.300000
vt 0.450000 0.300000
vt 0.455000 0.300000
vt 0.460000 0.300000
vt 0.465000 0.300000
vt 0.470000 0.300000
vt 0.475000 0.300000
vt 0.480000 0.300000
vt 0.485000 0.300000
vt 0.490000 0.300000
vt 0.495000 0.300000
vt 0.500000 0.300000
vt 0.505000 0.300000
vt 0.510000 0.300000
vt 0.515000 0.300000
vt 0.520000 0.300000
vt 0.525000 0.300000
vt 0.530000 0.300000
vt 0.535000 0.300000
vt 0.540000 0.300000
vt 0.545000 0.300000
vt 0.550000 0.300000
vt 0.555000 0.300000
vt 0.560000 0.300000
vt 0.565000 0.300000
vt 0.570000 0.300000
vt 0.575000 0.300000
vt 0.580000 0.300000
vt 0.585000 0.300000
vt 0.590000 0.300000
vt 0.595000 0.300000
vt 0.600000 0.300000
vt 0.605000 0.300000
vt 0.610000 0.300000
vt 0.615000 0.300000
vt 0.620000 0.300000
vt 0.625000 0.300000
vt 0.375000 0.305000
vt 0.380000 0.305000
vt 0.385000 0.305000
vt 0.390000 0.305000
vt 0.395000 0.305000
vt 0.400000 0.305000
vt 0.405000 0.305000
vt 0.410000 0.305000
vt 0.415000 0.305000
vt 0.420000 0.305000
vt 0.425000 0.305000
vt 0.430000 0.305000
vt 0.435000 0.305000
vt 0.440000 0.305000
vt 0.445000 0.305000
vt 0.450000 0.305000
vt 0.455000 0.305000
vt 0.460000 0.305000
vt 0.465000 0.305000
vt 0.470000 0.305000
vt 0.475000 0.305000
vt 0.480000 0.305000
vt 0.485000 0.305000
vt 0.490000 0.305000
vt 0.495000 0.305000
vt 0.500000 0.305000
vt 0.505000 0.305000
vt 0.510000 0.305000
vt 0.515000 0.305000
vt 0.520000 0.305000
vt 0.525000 0.305000
vt 0.530000 0.305000
vt 0.535000 0.305000
vt 0.540000 0.305000
vt 0.545000 0.305000
vt 0.550000 0.305000
vt 0.555000 0.305000
vt 0.560000 0.305000
vt 0.565000 0.305000
vt 0.570000 0.305000
vt 0.575000 0.305000
vt 0.580000 0.305000
vt 0.585000 0.305000
vt 0.590000 0.305000
vt 0.595000 0.305000
vt 0.600000 0.305000
vt 0.605000 0.305000
vt 0.610000 0.305000
vt 0.615000 0.305000
vt 0.620000 0.305000
vt 0.625000 0.305000
vt 0.375000 0.310000
vt 0.380000 0.310000
vt 0.385000 0.310000
vt 0.390000 0.310000
vt 0.395000 0.310000
vt 0.400000 0.310000
vt 0.405000 0.310000
vt 0.410000 0.310000
vt 0.415000 0.310000
vt 0.420000 0.310000
vt 0.425000 0.310000
vt 0.430000 0.310000
vt 0.435000 0.310000
vt 0.440000 0.310000
vt 0.445000 0.310000
vt 0.450000 0.310000
vt 0.455000 0.310000
vt 0.460000 0.310000
vt 0.465000 0.310000
vt 0.470000 0.310000
vt 0.475000 0.310000
vt 0.480000 0.310000
vt 0.485000 0.310000
vt 0.490000 0.310000
vt 0.495000 0.310000
vt 0.500000 0.310000
vt 0.505000 0.310000
vt 0.510000 0.310000
vt 0.515000 0.310000
vt 0.520000 0.310000
vt 0.525000 0.310000
vt 0.530000 0.310000
vt 0.535000 0.310000
vt 0.540000 0.310000
vt 0.545000 0.310000
vt 0.550000 0.310000
vt 0.555000 0.310000
vt 0.560000 0.310000
vt 0.565000 0.310000
vt 0.570000 0.310000
vt 0.575000 0.310000
vt 0.580000 0.310000
vt 0.585000 0.310000
vt 0.590000 0.310000
vt 0.595000 0.310000
vt 0.600000 0.310000
vt 0.605000 0.310000
vt 0.610000 0.310000
vt 0.615000 0.310000
vt 0.620000 0.310000
vt 0.625000 0.310000
vt 0.375000 0.315000
vt 0.380000 0.315000
vt 0.385000 0.315000
vt 0.390000 0.315000
vt 0.395000 0.315000
vt 0.400000 0.315000
vt 0.405000 0.315000
vt 0.410000 0.315000
vt 0.415000 0.315000
vt 0.420000 0.315000
vt 0.425000 0.315000
vt 0.430000 0.315000
vt 0.435000 0.315000
vt 0.440000 0.315000
vt 0.445000 0.315000
vt 0.450000 0.315000
vt 0.455000 0.315000
vt 0.460000 0.315000
vt 0.465000 0.315000
vt 0.470000 0.315000
vt 0.475000 0.315000
vt 0.480000 0.315000
vt 0.485000 0.315000
vt 0.490000 0.315000
vt 0.495000 0.315000
vt 0.500000 0.315000
vt 0.505000 0.315000
vt 0.510000 0.315000
vt 0.515000 0.315000
vt 0.520000 0.315000
vt 0.525000 0.315000
vt 0.530000 0.315000
vt 0.535000 0.315000
vt 0.540000 0.315000
vt 0.545000 0.315000
vt 0.550000 0.315000
vt 0.555000 0.315000
vt 0.560000 0.315000
vt 0.565000 0.315000
vt 0.570000 0.315000
vt 0.575000 0.315000
vt 0.580000 0.315000
vt 0.585000 0.315000
vt 0.590000 0.315000
vt 0.595000 0.315000
vt 0.600000 0.315000
vt 0.605000 0.315000
vt 0.610000 0.315000
vt 0.615000 0.315000
vt 0.620000 0.315000
vt 0.625000 0.315000
vt 0.375000 0.320000
vt 0.380000 0.320000
vt 0.385000 0.320000
vt 0.390000 0.320000
vt 0.395000 0.320000
vt 0.400000 0.320000
vt 0.405000 0.320000
vt 0.410000 0.320000
vt 0.415000 0.320000
vt 0.420000 0.320000
vt 0.425000 0.320000
vt 0.430000 0.320000
vt 0.435000 0.320000
vt 0.440000 0.320000
vt 0.445000 0.320000
vt 0.450000 0.320000
vt 0.455000 0.320000
vt 0.460000 0.320000
vt 0.465000 0.320000
vt 0.470000 0.320000
vt 0.475000 0.320000
vt 0.480000 0.320000
vt 0.485000 0.320000
vt 0.490000 0.320000
vt 0.495000 0.320000
vt 0.500000 0.320000
vt 0.505000 0.320000
vt 0.510000 0.320000
vt 0.515000 0.320000
vt 0.520000 0.320000
vt 0.525000 0.320000
vt 0.530000 0.320000
vt 0.535000 0.320000
vt 0.540000 0.320000
vt 0.545000 0.320000
vt 0.550000 0.320000
vt 0.555000 0.320000
vt 0.560000 0.320000
vt 0.565000 0.320000
vt 0.570000 0.320000
vt 0.575000 0.320000
vt 0.580000 0.320000
vt 0.585000 0.320000
vt 0.590000 0.320000
vt 0.595000 0.320000
vt 0.600000 0.320000
vt 0.605000 0.320000
vt 0.610000 0.320000
vt 0.615000 0.320000
vt 0.620000 0.320000
vt 0.625000 0.320000
vt 0.375000 0.325000
vt 0.380000 0.325000
vt 0.385000 0.325000
vt 0.390000 0.325000
vt 0.395000 0.325000
vt 0.400000 0.325000
vt 0.405000 0.325000
vt 0.410000 0.325000
vt 0.415000 0.325000
vt 0.420000 0.325000
vt 0.425000 0.325000
vt 0.430000 0.325000
vt 0.435000 0.325000
vt 0.440000 0.325000
vt 0.445000 0.325000
vt 0.450000 0.325000
vt 0.455000 0.325000
vt 0.460000 0.325000
vt 0.465000 0.325000
vt 0.470000 0.325000
vt 0.475000 0.325000
vt 0.480000 0.325000
vt 0.485000 0.325000
vt 0.490000 0.325000
vt 0.495000 0.325000
vt 0.500000 0.325000
vt 0.505000 0.325000
vt 0.510000 0.325000
vt 0.515000 0.325000
vt 0.520000 0.325000
vt 0.525000 0.325000
vt 0.530000 0.325000
vt 0.535000 0.325000
vt 0.540000 0.325000
vt 0.545000 0.325000
vt 0.550000 0.325000
vt 0.555000 0.325000
vt 0.560000 0.325000
vt 0.565000 0.325000
vt 0.570000 0.325000
vt 0.575000 0.325000
vt 0.580000 0.325000
vt 0.585000 0.325000
vt 0.590000 0.325000
vt 0.595000 0.325000
vt 0.600000 0.325000
vt 0.605000 0.325000
vt 0.610000 0.325000
vt 0.615000 0.325000
vt 0.620000 0.325000
vt 0.625000 0.325000
vt 0.375000 0.330000
vt 0.380000 0.330000
vt 0.385000 0.330000
vt 0.390000 0.330000
vt 0.395000 0.330000
vt 0.400000 0.330000
vt 0.405000 0.330000
vt 0.410000 0.330000
vt 0.415000 0.330000
vt 0.420000 0.330000
vt 0.425000 0.330000
vt 0.430000 0.330000
vt 0.435000 0.330000
vt 0.440000 0.330000
vt 0.445000 0.330000
vt 0.450000 0.330000
vt 0.455000 0.330000
vt 0.460000 0.330000
vt 0.465000 0.330000
vt 0.470000 0.330000
vt 0.475000 0.330000
vt 0.480000 0.330000
vt 0.485000 0.330000
vt 0.490000 0.330000
vt 0.495000 0.330000
vt 0.500000 0.330000
vt 0.505000 0.330000
vt 0.510000 0.330000
vt 0.515000 0.330000
vt 0.520000 0.330000
vt 0.525000 0.330000
vt 0.530000 0.330000
vt 0.535000 0.330000
vt 0.540000 0.330000
vt 0.545000 0.330000
vt 0.550000 0.330000
vt 0.555000 0.330000
vt 0.560000 0.330000
vt 0.565000 0.330000
vt 0.570000 0.330000
vt 0.575000 0.330000
vt 0.580000 0.330000
vt 0.585000 0.330000
vt 0.590000 0.330000
vt 0.595000 0.330000
vt 0.600000 0.330000
vt 0.605000 0.330000
vt 0.610000 0.330000
vt 0.615000 0.330000
vt 0.620000 0.330000
vt 0.625000 0.330000
vt 0.375000 0.335000
vt 0.380000 0.335000
vt 0.385000 0.335000
vt 0.390000 0.335000
vt 0.395000 0.335000
vt 0.400000 0.335000
vt 0.405000 0.335000
vt 0.410000 0.335000
vt 0.415000 0.335000
vt 0.420000 0.335000
vt 0.425000 0.335000
vt 0.430000 0.335000
vt 0.435000 0.335000
vt 0.440000 0.335000
vt 0.445000 0.335000
vt 0.450000 0.335000
vt 0.455000 0.335000
vt 0.460000 0.335000
vt 0.465000 0.335000
vt 0.470000 0.335000
vt 0.475000 0.335000
vt 0.480000 0.335000
vt 0.485000 0.335000
vt 0.490000 0.335000
vt 0.495000 0.335000
vt 0.500000 0.335000
vt 0.505000 0.335000
vt 0.510000 0.335000
vt 0.515000 0.335000
vt 0.520000 0.335000
vt 0.525000 0.335000
vt 0.530000 0.335000
vt 0.535000 0.335000
vt 0.540000 0.335000
vt 0.545000 0.335000
vt 0.550000 0.335000
vt 0.555000 0.335000
vt 0.560000 0.335000
vt 0.565000 0.335000
vt 0.570000 0.335000
vt 0.575000 0.335000
vt 0.580000 0.335000
vt 0.585000 0.335000
vt 0.590000 0.335000
vt 0.595000 0.335000
vt 0.600000 0.335000
vt 0.605000 0.335000
vt 0.610000 0.335000
vt 0.615000 0.335000
vt 0.620000 0.335000
vt 0.625000 0.335000
vt 0.375000 0.340000
vt 0.380000 0.340000
vt 0.385000 0.340000
vt 0.390000 0.340000
vt 0.395000 0.340000
vt 0.400000 0.340000
vt 0.405000 0.340000
vt 0.410000 0.340000
vt 0.415000 0.340000
vt 0.420000 0.340000
vt 0.425000 0.340000
vt 0.430000 0.340000
vt 0.435000 0.340000
vt 0.440000 0.340000
vt 0.445000 0.340000
vt 0.450000 0.340000
vt 0.455000 0.340000
vt 0.460000 0.340000
vt 0.465000 0.340000
vt 0.470000 0.340000
vt 0.475000 0.340000
vt 0.480000 0.340000
vt 0.485000 0.340000
vt 0.490000 0.340000
vt 0.495000 0.340000
vt 0.500000 0.340000
vt 0.505000 0.340000
vt 0.510000 0.340000
vt 0.515000 0.340000
vt 0.520000 0.340000
vt 0.525000 0.340000
vt 0.530000 0.340000
vt 0.535000 0.340000
vt 0.540000 0.340000
vt 0.545000 0.340000
vt 0.550000 0.340000
vt 0.555000 0.340000
vt 0.560000 0.340000
vt 0.565000 0.340000
vt 0.570000 0.340000
vt 0.575000 0.340000
vt 0.580000 0.340000
vt 0.585000 0.340000
vt 0.590000 0.340000
vt 0.595000 0.340000
vt 0.600000 0.340000
vt 0.605000 0.340000
vt 0.610000 0.340000
vt 0.615000 0.340000
vt 0.620000 0.340000
vt 0.625000 0.340000
vt 0.375000 0.345000
vt 0.380000 0.345000
vt 0.385000 0.345000
vt 0.390000 0.345000
vt 0.395000 0.345000
vt 0.400000 0.345000
vt 0.405000 0.345000
vt 0.410000 0.345000
vt 0.415000 0.345000
vt 0.420000 0.345000
vt 0.425000 0.345000
vt 0.430000 0.345000
vt 0.435000 0.345000
vt 0.440000 0.345000
vt 0.445000 0.345000
vt 0.450000 0.345000
vt 0.455000 0.345000
vt 0.460000 0.345000
vt 0.465000 0.345000
vt 0.470000 0.345000
vt 0.475000 0.345000
vt 0.480000 0.345000
vt 0.485000 0.345000
vt 0.490000 0.345000
vt 0.495000 0.345000
vt 0.500000 0.345000
vt 0.505000 0.345000
vt 0.510000 0.345000
vt 0.515000 0.345000
vt 0.520000 0.345000
vt 0.525000 0.345000
vt 0.530000 0.345000
vt 0.535000 0.345000
vt 0.540000 0.345000
vt 0.545000 0.345000
vt 0.550000 0.345000
vt 0.555000 0.345000
vt 0.560000 0.345000
vt 0.565000 0.345000
vt 0.570000 0.345000
vt 0.575000 0.345000
vt 0.580000 0.345000
vt 0.585000 0.345000
vt 0.590000 0.345000
vt 0.595000 0.345000
vt 0.600000 0.345000
vt 0.605000 0.345000
vt 0.610000 0.345000
vt 0.615000 0.345000
vt 0.620000 0.345000
vt 0.625000 0.345000
vt 0.375000 0.350000
vt 0.380000 0.350000
vt 0.385000 0.350000
vt 0.390000 0.350000
vt 0.395000 0.350000
vt 0.400000 0.350000
vt 0.405000 0.350000
vt 0.410000 0.350000
vt 0.415000 0.350000
vt 0.420000 0.350000
vt 0.425000 0.350000
vt 0.430000 0.350000
vt 0.435000 0.350000
vt 0.440000 0.350000
vt 0.445000 0.350000
vt 0.450000 0.350000
vt 0.455000 0.350000
vt 0.460000 0.350000
vt 0.465000 0.350000
vt 0.470000 0.350000
vt 0.475000 0.350000
vt 0.480000 0.350000
vt 0.485000 0.350000
vt 0.490000 0.350000
vt 0.495000 0.350000
vt 0.500000 0.350000
vt 0.505000 0.350000
vt 0.510000 0.350000
vt 0.515000 0.350000
vt 0.520000 0.350000
vt 0.525000 0.350000
vt 0.530000 0.350000
vt 0.535000 0.350000
vt 0.540000 0.350000
vt 0.545000 0.350000
vt 0.550000 0.350000
vt 0.555000 0.350000
vt 0.560000 0.350000
vt 0.565000 0.350000
vt 0.570000 0.350000
vt 0.575000 0.350000
vt 0.580000 0.350000
vt 0.585000 0.350000
vt 0.590000 0.350000
vt 0.595000 0.350000
vt 0.600000 0.350000
vt 0.605000 0.350000
vt 0.610000 0.350000
vt 0.615000 0.350000
vt 0.620000 0.350000
vt 0.625000 0.350000
vt 0.375000 0.355000
vt 0.380000 0.355000
vt 0.385000 0.355000
vt 0.390000 0.355000
vt 0.395000 0.355000
vt 0.400000 0.355000
vt 0.405000 0.355000
vt 0.410000 0.355000
vt 0.415000 0.355000
vt 0.420000 0.355000
vt 0.425000 0.355000
vt 0.430000 0.355000
vt 0.435000 0.355000
vt 0.440000 0.355000
vt 0.445000 0.355000
vt 0.450000 0.355000
vt 0.455000 0.355000
vt 0.460000 0.355000
vt 0.465000 0.355000
vt 0.470000 0.355000
vt 0.475000 0.355000
vt 0.480000 0.355000
vt 0.485000 0.355000
vt 0.490000 0.355000
vt 0.495000 0.355000
vt 0.500000 0.355000
vt 0.505000 0.355000
vt 0.510000 0.355000
vt 0.515000 0.355000
vt 0.520000 0.355000
vt 0.525000 0.355000
vt 0.530000 0.355000
vt 0.535000 0.355000
vt 0.540000 0.355000
vt 0.545000 0.355000
vt 0.550000 0.355000
vt 0.555000 0.355000
vt 0.560000 0.355000
vt 0.565000 0.355000
vt 0.570000 0.355000
vt 0.575000 0.355000
vt 0.580000 0.355000
vt 0.585000 0.355000
vt 0.590000 0.355000
vt 0.595000 0.355000
vt 0.600000 0.355000
vt 0.605000 0.355000
vt 0.610000 0.355000
vt 0.615000 0.355000
vt 0.620000 0.355000
vt 0.625000 0.355000
vt 0.375000 0.360000
vt 0.380000 0.360000
vt 0.385000 0.360000
vt 0.390000 0.360000
vt 0.395000 0.360000
vt 0.400000 0.360000
vt 0.405000 0.360000
vt 0.410000 0.360000
vt 0.415000 0.360000
vt 0.420000 0.360000
vt 0.425000 0.360000
vt 0.430000 0.360000
vt 0.435000 0.360000
vt 0.440000 0.360000
vt 0.445000 0.360000
vt 0.450000 0.360000
vt 0.455000 0.360000
vt 0.460000 0.360000
vt 0.465000 0.360000
vt 0.470000 0.360000
vt 0.475000 0.360000
vt 0.480000 0.360000
vt 0.485000 0.360000
vt 0.490000 0.360000
vt 0.495000 0.360000
vt 0.500000 0.360000
vt 0.505000 0.360000
vt 0.510000 0.360000
vt 0.515000 0.360000
vt 0.520000 0.360000
vt 0.525000 0.360000
vt 0.530000 0.360000
vt 0.535000 0.360000
vt 0.540000 0.360000
vt 0.545000 0.360000
vt 0.550000 0.360000
vt 0.555000 0.360000
vt 0.560000 0.360000
vt 0.565000 0.360000
vt 0.570000 0.360000
vt 0.575000 0.360000
vt 0.580000 0.360000
vt 0.585000 0.360000
vt 0.590000 0.360000
vt 0.595000 0.360000
vt 0.600000 0.360000
vt 0.605000 0.360000
vt 0.610000 0.360000
vt 0.615000 0.360000
vt 0.620000 0.360000
vt 0.625000 0.360000
vt 0.375000 0.365000
vt 0.380000 0.365000
vt 0.385000 0.365000
vt 0.390000 0.365000
vt 0.395000 0.365000
vt 0.400000 0.365000
vt 0.405000 0.365000
vt 0.410000 0.365000
vt 0.415000 0.365000
vt 0.420000 0.365000
vt 0.425000 0.365000
vt 0.430000 0.365000
vt 0.435000 0.365000
vt 0.440000 0.365000
vt 0.445000 0.365000
vt 0.450000 0.365000
vt 0.455000 0.365000
vt 0.460000 0.365000
vt 0.465000 0.365000
vt 0.470000 0.365000
vt 0.475000 0.365000
vt 0.480000 0.365000
vt 0.485000 0.365000
vt 0.490000 0.365000
vt 0.495000 0.365000
vt 0.500000 0.365000
vt 0.505000 0.365000
vt 0.510000 0.365000
vt 0.515000 0.365000
vt 0.520000 0.365000
vt 0.525000 0.365000
vt 0.530000 0.365000
vt 0.535000 0.365000
vt 0.540000 0.365000
vt 0.545000 0.365000
vt 0.550000 0.365000
vt 0.555000 0.365000
vt 0.560000 0.365000
vt 0.565000 0.365000
vt 0.570000 0.365000
vt 0.575000 0.365000
vt 0.580000 0.365000
vt 0.585000 0.365000
vt 0.590000 0.365000
vt 0.595000 0.365000
vt 0.600000 0.365000
vt 0.605000 0.365000
vt 0.610000 0.365000
vt 0.615000 0.365000
vt 0.620000 0.365000
vt 0.625000 0.365000
vt 0.375000 0.370000
vt 0.380000 0.370000
vt 0.385000 0.370000
vt 0.390000 0.370000
vt 0.395000 0.370000
vt 0.400000 0.370000
vt 0.405000 0.370000
vt 0.410000 0.370000
vt 0.415000 0.370000
vt 0.420000 0.370000
vt 0.425000 0.370000
vt 0.430000 0.370000
vt 0.435000 0.370000
vt 0.440000 0.370000
vt 0.445000 0.370000
vt 0.450000 0.370000
vt 0.455000 0.370000
vt 0.460000 0.370000
vt 0.465000 0.370000
vt 0.470000 0.370000
vt 0.475000 0.370000
vt 0.480000 0.370000
vt 0.485000 0.370000
vt 0.490000 0.370000
vt 0.495000 0.370000
vt 0.500000 0.370000
vt 0.505000 0.370000
vt 0.510000 0.370000
vt 0.515000 0.370000
vt 0.520000 0.370000
vt 0.525000 0.370000
vt 0.530000 0.370000
vt 0.535000 0.370000
vt 0.540000 0.370000
vt 0.545000 0.370000
vt 0.550000 0.370000
vt 0.555000 0.370000
vt 0.560000 0.370000
vt 0.565000 0.370000
vt 0.570000 0.370000
vt 0.575000 0.370000
vt 0.580000 0.370000
vt 0.585000 0.370000
vt 0.590000 0.370000
vt 0.595000 0.370000
vt 0.600000 0.370000
vt 0.605000 0.370000
vt 0.610000 0.370000
vt 0.615000 0.370000
vt 0.620000 0.370000
vt 0.625000 0.370000
vt 0.375000 0.375000
vt 0.380000 0.375000
vt 0.385000 0.375000
vt 0.390000 0.375000
vt 0.395000 0.375000
vt 0.400000 0.375000
vt 0.405000 0.375000
vt 0.410000 0.375000
vt 0.415000 0.375000
vt 0.420000 0.375000
vt 0.425000 0.375000
vt 0.430000 0.375000
vt 0.435000 0.375000
vt 0.440000 0.375000
vt 0.445000 0.375000
vt 0.450000 0.375000
vt 0.455000 0.375000
vt 0.460000 0.375000
vt 0.465000 0.375000
vt 0.470000 0.375000
vt 0.475000 0.375000
vt 0.480000 0.375000
vt 0.485000 0.375000
vt 0.490000 0.375000
vt 0.495000 0.375000
vt 0.500000 0.375000
vt 0.505000 0.375000
vt 0.510000 0.375000
vt 0.515000 0.375000
vt 0.520000 0.375000
vt 0.525000 0.375000
vt 0.530000 0.375000
vt 0.535000 0.375000
vt 0.540000 0.375000
vt 0.545000 0.375000
vt 0.550000 0.375000
vt 0.555000 0.375000
vt 0.560000 0.375000
vt 0.565000 0.375000
vt 0.570000 0.375000
vt 0.575000 0.375000
vt 0.580000 0.375000
vt 0.585000 0.375000
vt 0.590000 0.375000
vt 0.595000 0.375000
vt 0.600000 0.375000
vt 0.605000 0.375000
vt 0.610000 0.375000
vt 0.615000 0.375000
vt 0.620000 0.375000
vt 0.625000 0.375000
vt 0.375000 0.380000
vt 0.380000 0.380000
vt 0.385000 0.380000
vt 0.390000 0.380000
vt 0.395000 0.380000
vt 0.400000 0.380000
vt 0.405000 0.380000
vt 0.410000 0.380000
vt 0.415000 0.380000
vt 0.420000 0.380000
vt 0.425000 0.380000
vt 0.430000 0.380000
vt 0.435000 0.380000
vt 0.440000 0.380000
vt 0.445000 0.380000
vt 0.450000 0.380000
vt 0.455000 0.380000
vt 0.460000 0.380000
vt 0.465000 0.380000
vt 0.470000 0.380000
vt 0.475000 0.380000
vt 0.480000 0.380000
vt 0.485000 0.380000
vt 0.490000 0.380000
vt 0.495000 0.380000
vt 0.500000 0.380000
vt 0.505000 0.380000
vt 0.510000 0.380000
vt 0.515000 0.380000
vt 0.520000 0.380000
vt 0.525000 0.380000
vt 0.530000 0.380000
vt 0.535000 0.380000
vt 0.540000 0.380000
vt 0.545000 0.380000
vt 0.550000 0.380000
vt 0.555000 0.380000
vt 0.560000 0.380000
vt 0.565000 0.380000
vt 0.570000 0.380000
vt 0.575000 0.380000
vt 0.580000 0.380000
vt 0.585000 0.380000
vt 0.590000 0.380000
vt 0.595000 0.380000
vt 0.600000 0.380000
vt 0.605000 0.380000
vt 0.610000 0.380000
vt 0.615000 0.380000
vt 0.620000 0.380000
vt 0.625000 0.380000
vt 0.375000 0.385000
vt 0.380000 0.385000
vt 0.385000 0.385000
vt 0.390000 0.385000
vt 0.395000 0.385000
vt 0.400000 0.385000
vt 0.405000 0.385000
vt 0.410000 0.385000
vt 0.415000 0.385000
vt 0.420000 0.385000
vt 0.425000 0.385000
vt 0.430000 0.385000
vt 0.435000 0.385000
vt 0.440000 0.385000
vt 0.445000 0.385000
vt 0.450000 0.385000
vt 0.455000 0.385000
vt 0.460000 0.385000
vt 0.465000 0.385000
vt 0.470000 0.385000
vt 0.475000 0.385000
vt 0.480000 0.385000
vt 0.485000 0.385000
vt 0.490000 0.385000
vt 0.495000 0.385000
vt 0.500000 0.385000
vt 0.505000 0.385000
vt 0.510000 0.385000
vt 0.515000 0.385000
vt 0.520000 0.385000
vt 0.525000 0.385000
vt 0.530000 0.385000
vt 0.535000 0.385000
vt 0.540000 0.385000
vt 0.545000 0.385000
vt 0.550000 0.385000
vt 0.555000 0.385000
vt 0.560000 0.385000
vt 0.565000 0.385000
vt 0.570000 0.385000
vt 0.575000 0.385000
vt 0.580000 0.385000
vt 0.585000 0.385000
vt 0.590000 0.385000
vt 0.595000 0.385000
vt 0.600000 0.385000
vt 0.605000 0.385000
vt 0.610000 0.385000
vt 0.615000 0.385000
vt 0.620000 0.385000
vt 0.625000 0.385000
vt 0.375000 0.390000
vt 0.380000 0.390000
vt 0.385000 0.390000
vt 0.390000 0.390000
vt 0.395000 0.390000
vt 0.400000 0.390000
vt 0.405000 0.390000
vt 0.410000 0.390000
vt 0.415000 0.390000
vt 0.420000 0.390000
vt 0.425000 0.390000
vt 0.430000 0.390000
vt 0.435000 0.390000
vt 0.440000 0.390000
vt 0.445000 0.390000
vt 0.450000 0.390000
vt 0.455000 0.390000
vt 0.460000 0.390000
vt 0.465000 0.390000
vt 0.470000 0.390000
vt 0.475000 0.390000
vt 0.480000 0.390000
vt 0.485000 0.390000
vt 0.490000 0.390000
vt 0.495000 0.390000
vt 0.500000 0.390000
vt 0.505000 0.390000
vt 0.510000 0.390000
vt 0.515000 0.390000
vt 0.520000 0.390000
vt 0.525000 0.390000
vt 0.530000 0.390000
vt 0.535000 0.390000
vt 0.540000 0.390000
vt 0.545000 0.390000
vt 0.550000 0.390000
vt 0.555000 0.390000
vt 0.560000 0.390000
vt 0.565000 0.390000
vt 0.570000 0.390000
vt 0.575000 0.390000
vt 0.580000 0.390000
vt 0.585000 0.390000
vt 0.590000 0.390000
vt 0.595000 0.390000
vt 0.600000 0.390000
vt 0.605000 0.390000
vt 0.610000 0.390000
vt 0.615000 0.390000
vt 0.620000 0.390000
vt 0.625000 0.390000
vt 0.375000 0.395000
vt 0.380000 0.395000
vt 0.385000 0.395000
vt 0.390000 0.395000
vt 0.395000 0.395000
vt 0.400000 0.395000
vt 0.405000 0.395000
vt 0.410000 0.395000
vt 0.415000 0.395000
vt 0.420000 0.395000
vt 0.425000 0.395000
vt 0.430000 0.395000
vt 0.435000 0.395000
vt 0.440000 0.395000
vt 0.445000 0.395000
vt 0.450000 0.395000
vt 0.455000 0.395000
vt 0.460000 0.395000
vt 0.465000 0.395000
vt 0.470000 0.395000
vt 0.475000 0.395000
vt 0.480000 0.395000
vt 0.485000 0.395000
vt 0.490000 0.395000
vt 0.495000 0.395000
vt 0.500000 0.395000
vt 0.505000 0.395000
vt 0.510000 0.395000
vt 0.515000 0.395000
vt 0.520000 0.395000
vt 0.525000 0.395000
vt 0.530000 0.395000
vt 0.535000 0.395000
vt 0.540000 0.395000
vt 0.545000 0.395000
vt 0.550000 0.395000
vt 0.555000 0.395000
vt 0.560000 0.395000
vt 0.565000 0.395000
vt 0.570000 0.395000
vt 0.575000 0.395000
vt 0.580000 0.395000
vt 0.585000 0.395000
vt 0.590000 0.395000
vt 0.595000 0.395000
vt 0.600000 0.395000
vt 0.605000 0.395000
vt 0.610000 0.395000
vt 0.615000 0.395000
vt 0.620000 0.395000
vt 0.625000 0.395000
vt 0.375000 0.400000
vt 0.380000 0.400000
vt 0.385000 0.400000
vt 0.390000 0.400000
vt 0.395000 0.400000
vt 0.400000 0.400000
vt 0.405000 0.400000
vt 0.410000 0.400000
vt 0.415000 0.400000
vt 0.420000 0.400000
vt 0.425000 0.400000
vt 0.430000 0.400000
vt 0.435000 0.400000
vt 0.440000 0.400000
vt 0.445000 0.400000
vt 0.450000 0.400000
vt 0.455000 0.400000
vt 0.460000 0.400000
vt 0.465000 0.400000
vt 0.470000 0.400000
vt 0.475000 0.400000
vt 0.480000 0.400000
vt 0.485000 0.400000
vt 0.490000 0.400000
vt 0.495000 0.400000
vt 0.500000 0.400000
vt 0.505000 0.400000
vt 0.510000 0.400000
vt 0.515000 0.400000
vt 0.520000 0.400000
vt 0.525000 0.400000
vt 0.530000 0.400000
vt 0.535000 0.400000
vt 0.540000 0.400000
vt 0.545000 0.400000
vt 0.550000 0.400000
vt 0.555000 0.400000
vt 0.560000 0.400000
vt 0.565000 0.400000
vt 0.570000 0.400000
vt 0.575000 0.400000
vt 0.580000 0.400000
vt 0.585000 0.400000
vt 0.590000 0.400000
vt 0.595000 0.400000
vt 0.600000 0.400000
vt 0.605000 0.400000
vt 0.610000 0.400000
vt 0.615000 0.400000
vt 0.620000 0.400000
vt 0.625000 0.400000
vt 0.375000 0.405000
vt 0.380000 0.405000
vt 0.385000 0.405000
vt 0.390000 0.405000
vt 0.395000 0.405000
vt 0.400000 0.405000
vt 0.405000 0.405000
vt 0.410000 0.405000
vt 0.415000 0.405000
vt 0.420000 0.405000
vt 0.425000 0.405000
vt 0.430000 0.405000
vt 0.435000 0.405000
vt 0.440000 0.405000
vt 0.445000 0.405000
vt 0.450000 0.405000
vt 0.455000 0.405000
vt 0.460000 0.405000
vt 0.465000 0.405000
vt 0.470000 0.405000
vt 0.475000 0.405000
vt 0.480000 0.405000
vt 0.485000 0.405000
vt 0.490000 0.405000
vt 0.495000 0.405000
vt 0.500000 0.405000
vt 0.505000 0.405000
vt 0.510000 0.405000
vt 0.515000 0.405000
vt 0.520000 0.405000
vt 0.525000 0.405000
vt 0.530000 0.405000
vt 0.535000 0.405000
vt 0.540000 0.405000
vt 0.545000 0.405000
vt 0.550000 0.405000
vt 0.555000 0.405000
vt 0.560000 0.405000
vt 0.565000 0.405000
vt 0.570000 0.405000
vt 0.575000 0.405000
vt 0.580000 0.405000
vt 0.585000 0.405000
vt 0.590000 0.405000
vt 0.595000 0.405000
vt 0.600000 0.405000
vt 0.605000 0.405000
vt 0.610000 0.405000
vt 0.615000 0.405000
vt 0.620000 0.405000
vt 0.625000 0.405000
vt 0.375000 0.410000
vt 0.380000 0.410000
vt 0.385000 0.410000
vt 0.390000 0.410000
vt 0.395000 0.410000
vt 0.400000 0.410000
vt 0.405000 0.410000
vt 0.410000 0.410000
vt 0.415000 0.410000
vt 0.420000 0.410000
vt 0.425000 0.410000
vt 0.430000 0.410000
vt 0.435000 0.410000
vt 0.440000 0.410000
vt 0.445000 0.410000
vt 0.450000 0.410000
vt 0.455000 0.410000
vt 0.460000 0.410000
vt 0.465000 0.410000
vt 0.470000 0.410000
vt 0.475000 0.410000
vt 0.480000 0.410000
vt 0.485000 0.410000
vt 0.490000 0.410000
vt 0.495000 0.410000
vt 0.500000 0.410000
vt 0.505000 0.410000
vt 0.510000 0.410000
vt 0.515000 0.410000
vt 0.520000 0.410000
vt 0.525000 0.410000
vt 0.530000 0.410000
vt 0.535000 0.410000
vt 0.540000 0.410000
vt 0.545000 0.410000
vt 0.550000 0.410000
vt 0.555000 0.410000
vt 0.560000 0.410000
vt 0.565000 0.410000
vt 0.570000 0.410000
vt 0.575000 0.410000
vt 0.580000 0.410000
vt 0.585000 0.410000
vt 0.590000 0.410000
vt 0.595000 0.410000
vt 0.600000 0.410000
vt 0.605000 0.410000
vt 0.610000 0.410000
vt 0.615000 0.410000
vt 0.620000 0.410000
vt 0.625000 0.410000
vt 0.375000 0.415000
vt 0.380000 0.415000
vt 0.385000 0.415000
vt 0.390000 0.415000
vt 0.395000 0.415000
vt 0.400000 0.415000
vt 0.405000 0.415000
vt 0.410000 0.415000
vt 0.415000 0.415000
vt 0.420000 0.415000
vt 0.425000 0.415000
vt 0.430000 0.415000
vt 0.435000 0.415000
vt 0.440000 0.415000
vt 0.445000 0.415000
vt 0.450000 0.415000
vt 0.455000 0.415000
vt 0.460000 0.415000
vt 0.465000 0.415000
vt 0.470000 0.415000
vt 0.475000 0.415000
vt 0.480000 0.415000
vt 0.485000 0.415000
vt 0.490000 0.415000
vt 0.495000 0.415000
vt 0.500000 0.415000
vt 0.505000 0.415000
vt 0.510000 0.415000
vt 0.515000 0.415000
vt 0.520000 0.415000
vt 0.525000 0.415000
vt 0.530000 0.415000
vt 0.535000 0.415000
vt 0.540000 0.415000
vt 0.545000 0.415000
vt 0.550000 0.415000
vt 0.555000 0.415000
vt 0.560000 0.415000
vt 0.565000 0.415000
vt 0.570000 0.415000
vt 0.575000 0.415000
vt 0.580000 0.415000
vt 0.585000 0.415000
vt 0.590000 0.415000
vt 0.595000 0.415000
vt 0.600000 0.415000
vt 0.605000 0.415000
vt 0.610000 0.415000
vt 0.615000 0.415000
vt 0.620000 0.415000
vt 0.625000 0.415000
vt 0.375000 0.420000
vt 0.380000 0.420000
vt 0.385000 0.420000
vt 0.390000 0.420000
vt 0.395000 0.420000
vt 0.400000 0.420000
vt 0.405000 0.420000
vt 0.410000 0.420000
vt 0.415000 0.420000
vt 0.420000 0.420000
vt 0.425000 0.420000
vt 0.430000 0.420000
vt 0.435000 0.420000
vt 0.440000 0.420000
vt 0.445000 0.420000
vt 0.450000 0.420000
vt 0.455000 0.420000
vt 0.460000 0.420000
vt 0.465000 0.420000
vt 0.470000 0.420000
vt 0.475000 0.420000
vt 0.480000 0.420000
vt 0.485000 0.420000
vt 0.490000 0.420000
vt 0.495000 0.420000
vt 0.500000 0.420000
vt 0.505000 0.420000
vt 0.510000 0.420000
vt 0.515000 0.420000
vt 0.520000 0.420000
vt 0.525000 0.420000
vt 0.530000 0.420000
vt 0.535000 0.420000
vt 0.540000 0.420000
vt 0.545000 0.420000
vt 0.550000 0.420000
vt 0.555000 0.420000
vt 0.560000 0.420000
vt 0.565000 0.420000
vt 0.570000 0.420000
vt 0.575000 0.420000
vt 0.580000 0.420000
vt 0.585000 0.420000
vt 0.590000 0.420000
vt 0.595000 0.420000
vt 0.600000 0.420000
vt 0.605000 0.420000
vt 0.610000 0.420000
vt 0.615000 0.420000
vt 0.620000 0.420000
vt 0.625000 0.420000
vt 0.375000 0.425000
vt 0.380000 0.425000
vt 0.385000 0.425000
vt 0.390000 0.425000
vt 0.395000 0.425000
vt 0.400000 0.425000
vt 0.405000 0.425000
vt 0.410000 0.425000
vt 0.415000 0.425000
vt 0.420000 0.425000
vt 0.425000 0.425000
vt 0.430000 0.425000
vt 0.435000 0.425000
vt 0.440000 0.425000
vt 0.445000 0.425000
vt 0.450000 0.425000
vt 0.455000 0.425000
vt 0.460000 0.425000
vt 0.465000 0.425000
vt 0.470000 0.425000
vt 0.475000 0.425000
vt 0.480000 0.425000
vt 0.485000 0.425000
vt 0.490000 0.425000
vt 0.495000 0.425000
vt 0.500000 0.425000
vt 0.505000 0.425000
vt 0.510000 0.425000
vt 0.515000 0.425000
vt 0.520000 0.425000
vt 0.525000 0.425000
vt 0.530000 0.425000
vt 0.535000 0.425000
vt 0.540000 0.425000
vt 0.545000 0.425000
vt 0.550000 0.425000
vt 0.555000 0.425000
vt 0.560000 0.425000
vt 0.565000 0.425000
vt 0.570000 0.425000
vt 0.575000 0.425000
vt 0.580000 0.425000
vt 0.585000 0.425000
vt 0.590000 0.425000
vt 0.595000 0.425000
vt 0.600000 0.425000
vt 0.605000 0.425000
vt 0.610000 0.425000
vt 0.615000 0.425000
vt 0.620000 0.425000
vt 0.625000 0.425000
vt 0.375000 0.430000
vt 0.380000 0.430000
vt 0.385000 0.430000
vt 0.390000 0.430000
vt 0.395000 0.430000
vt 0.400000 0.430000
vt 0.405000 0.430000
vt 0.410000 0.430000
vt 0.415000 0.430000
vt 0.420000 0.430000
vt 0.425000 0.430000
vt 0.430000 0.430000
vt 0.435000 0.430000
vt 0.440000 0.430000
vt 0.445000 0.430000
vt 0.450000 0.430000
vt 0.455000 0.430000
vt 0.460000 0.430000
vt 0.465000 0.430000
vt 0.470000 0.430000
vt 0.475000 0.430000
vt 0.480000 0.430000
vt 0.485000 0.430000
vt 0.490000 0.430000
vt 0.495000 0.430000
vt 0.500000 0.430000
vt 0.505000 0.430000
vt 0.510000 0.430000
vt 0.515000 0.430000
vt 0.520000 0.430000
vt 0.525000 0.430000
vt 0.530000 0.430000
vt 0.535000 0.430000
vt 0.540000 0.430000
vt 0.545000 0.430000
vt 0.550000 0.430000
vt 0.555000 0.430000
vt 0.560000 0.430000
vt 0.565000 0.430000
vt 0.570000 0.430000
vt 0.575000 0.430000
vt 0.580000 0.430000
vt 0.585000 0.430000
vt 0.590000 0.430000
vt 0.595000 0.430000
vt 0.600000 0.430000
vt 0.605000 0.430000
vt 0.610000 0.430000
vt 0.615000 0.430000
vt 0.620000 0.430000
vt 0.625000 0.430000
vt 0.375000 0.435000
vt 0.380000 0.435000
vt 0.385000 0.435000
vt 0.390000 0.435000
vt 0.395000 0.435000
vt 0.400000 0.435000
vt 0.405000 0.435000
vt 0.410000 0.435000
vt 0.415000 0.435000
vt 0.420000 0.435000
vt 0.425000 0.435000
vt 0.430000 0.435000
vt 0.435000 0.435000
vt 0.440000 0.435000
vt 0.445000 0.435000
vt 0.450000 0.435000
vt 0.455000 0.435000
vt 0.460000 0.435000
vt 0.465000 0.435000
vt 0.470000 0.435000
vt 0.475000 0.435000
vt 0.480000 0.435000
vt 0.485000 0.435000
vt 0.490000 0.435000
vt 0.495000 0.435000
vt 0.500000 0.435000
vt 0.505000 0.435000
vt 0.510000 0.435000
vt 0.515000 0.435000
vt 0.520000 0.435000
vt 0.525000 0.435000
vt 0.530000 0.435000
vt 0.535000 0.435000
vt 0.540000 0.435000
vt 0.545000 0.435000
vt 0.550000 0.435000
vt 0.555000 0.435000
vt 0.560000 0.435000
vt 0.565000 0.435000
vt 0.570000 0.435000
vt 0.575000 0.435000
vt 0.580000 0.435000
vt 0.585000 0.435000
vt 0.590000 0.435000
vt 0.595000 0.435000
vt 0.600000 0.435000
vt 0.605000 0.435000
vt 0.610000 0.435000
vt 0.615000 0.435000
vt 0.620000 0.435000
vt 0.625000 0.435000
vt 0.375000 0.440000
vt 0.380000 0.440000
vt 0.385000 0.440000
vt 0.390000 0.440000
vt 0.395000 0.440000
vt 0.400000 0.440000
vt 0.405000 0.440000
vt 0.410000 0.440000
vt 0.415000 0.440000
vt 0.420000 0.440000
vt 0.425000 0.440000
vt 0.430000 0.440000
vt 0.435000 0.440000
vt 0.440000 0.440000
vt 0.445000 0.440000
vt 0.450000 0.440000
vt 0.455000 0.440000
vt 0.460000 0.440000
vt 0.465000 0.440000
vt 0.470000 0.440000
vt 0.475000 0.440000
vt 0.480000 0.440000
vt 0.485000 0.440000
vt 0.490000 0.440000
vt 0.495000 0.440000
vt 0.500000 0.440000
vt 0.505000 0.440000
vt 0.510000 0.440000
vt 0.515000 0.440000
vt 0.520000 0.440000
vt 0.525000 0.440000
vt 0.530000 0.440000
vt 0.535000 0.440000
vt 0.540000 0.440000
vt 0.545000 0.440000
vt 0.550000 0.440000
vt 0.555000 0.440000
vt 0.560000 0.440000
vt 0.565000 0.440000
vt 0.570000 0.440000
vt 0.575000 0.440000
vt 0.580000 0.440000
vt 0.585000 0.440000
vt 0.590000 0.440000
vt 0.595000 0.440000
vt 0.600000 0.440000
vt 0.605000 0.440000
vt 0.610000 0.440000
vt 0.615000 0.440000
vt 0.620000 0.440000
vt 0.625000 0.440000
vt 0.375000 0.445000
vt 0.380000 0.445000
vt 0.385000 0.445000
vt 0.390000 0.445000
vt 0.395000 0.445000
vt 0.400000 0.445000
vt 0.405000 0.445000
vt 0.410000 0.445000
vt 0.415000 0.445000
vt 0.420000 0.445000
vt 0.425000 0.445000
vt 0.430000 0.445000
vt 0.435000 0.445000
vt 0.440000 0.445000
vt 0.445000 0.445000
vt 0.450000 0.445000
vt 0.455000 0.445000
vt 0.460000 0.445000
vt 0.465000 0.445000
vt 0.470000 0.445000
vt 0.475000 0.445000
vt 0.480000 0.445000
vt 0.485000 0.445000
vt 0.490000 0.445000
vt 0.495000 0.445000
vt 0.500000 0.445000
vt 0.505000 0.445000
vt 0.510000 0.445000
vt 0.515000 0.445000
vt 0.520000 0.445000
vt 0.525000 0.445000
vt 0.530000 0.445000
vt 0.535000 0.445000
vt 0.540000 0.445000
vt 0.545000 0.445000
vt 0.550000 0.445000
vt 0.555000 0.445000
vt 0.560000 0.445000
vt 0.565000 0.445000
vt 0.570000 0.445000
vt 0.575000 0.445000
vt 0.580000 0.445000
vt 0.585000 0.445000
vt 0.590000 0.445000
vt 0.595000 0.445000
vt 0.600000 0.445000
vt 0.605000 0.445000
vt 0.610000 0.445000
vt 0.615000 0.445000
vt 0.620000 0.445000
vt 0.625000 0.445000
vt 0.375000 0.450000
vt 0.380000 0.450000
vt 0.385000 0.450000
vt 0.390000 0.450000
vt 0.395000 0.450000
vt 0.400000 0.450000
vt 0.405000 0.450000
vt 0.410000 0.450000
vt 0.415000 0.450000
vt 0.420000 0.450000
vt 0.425000 0.450000
vt 0.430000 0.450000
vt 0.435000 0.450000
vt 0.440000 0.450000
vt 0.445000 0.450000
vt 0.450000 0.450000
vt 0.455000 0.450000
vt 0.460000 0.450000
vt 0.465000 0.450000
vt 0.470000 0.450000
vt 0.475000 0.450000
vt 0.480000 0.450000
vt 0.485000 0.450000
vt 0.490000 0.450000
vt 0.495000 0.450000
vt 0.500000 0.450000
vt 0.505000 0.450000
vt 0.510000 0.450000
vt 0.515000 0.450000
vt 0.520000 0.450000
vt 0.525000 0.450000
vt 0.530000 0.450000
vt 0.535000 0.450000
vt 0.540000 0.450000
vt 0.545000 0.450000
vt 0.550000 0.450000
vt 0.555000 0.450000
vt 0.560000 0.450000
vt 0.565000 0.450000
vt 0.570000 0.450000
vt 0.575000 0.450000
vt 0.580000 0.450000
vt 0.585000 0.450000
vt 0.590000 0.450000
vt 0.595000 0.450000
vt 0.600000 0.450000
vt 0.605000 0.450000
vt 0.610000 0.450000
vt 0.615000 0.450000
vt 0.620000 0.450000
vt 0.625000 0.450000
vt 0.375000 0.455000
vt 0.380000 0.455000
vt 0.385000 0.455000
vt 0.390000 0.455000
vt 0.395000 0.455000
vt 0.400000 0.455000
vt 0.405000 0.455000
vt 0.410000 0.455000
vt 0.415000 0.455000
vt 0.420000 0.455000
vt 0.425000 0.455000
vt 0.430000 0.455000
vt 0.435000 0.455000
vt 0.440000 0.455000
vt 0.445000 0.455000
vt 0.450000 0.455000
vt 0.455000 0.455000
vt 0.460000 0.455000
vt 0.465000 0.455000
vt 0.470000 0.455000
vt 0.475000 0.455000
vt 0.480000 0.455000
vt 0.485000 0.455000
vt 0.490000 0.455000
vt 0.495000 0.455000
vt 0.500000 0.455000
vt 0.505000 0.455000
vt 0.510000 0.455000
vt 0.515000 0.455000
vt 0.520000 0.455000
vt 0.525000 0.455000
vt 0.530000 0.455000
vt 0.535000 0.455000
vt 0.540000 0.455000
vt 0.545000 0.455000
vt 0.550000 0.455000
vt 0.555000 0.455000
vt 0.560000 0.455000
vt 0.565000 0.455000
vt 0.570000 0.455000
vt 0.575000 0.455000
vt 0.580000 0.455000
vt 0.585000 0.455000
vt 0.590000 0.455000
vt 0.595000 0.455000
vt 0.600000 0.455000
vt 0.605000 0.455000
vt 0.610000 0.455000
vt 0.615000 0.455000
vt 0.620000 0.455000
vt 0.625000 0.455000
vt 0.375000 0.460000
vt 0.380000 0.460000
vt 0.385000 0.460000
vt 0.390000 0.460000
vt 0.395000 0.460000
vt 0.400000 0.460000
vt 0.405000 0.460000
vt 0.410000 0.460000
vt 0.415000 0.460000
vt 0.420000 0.460000
vt 0.425000 0.460000
vt 0.430000 0.460000
vt 0.435000 0.460000
vt 0.440000 0.460000
vt 0.445000 0.460000
vt 0.450000 0.460000
vt 0.455000 0.460000
vt 0.460000 0.460000
vt 0.465000 0.460000
vt 0.470000 0.460000
vt 0.475000 0.460000
vt 0.480000 0.460000
vt 0.485000 0.460000
vt 0.490000 0.460000
vt 0.495000 0.460000
vt 0.500000 0.460000
vt 0.505000 0.460000
vt 0.510000 0.460000
vt 0.515000 0.460000
vt 0.520000 0.460000
vt 0.525000 0.460000
vt 0.530000 0.460000
vt 0.535000 0.460000
vt 0.540000 0.460000
vt 0.545000 0.460000
vt 0.550000 0.460000
vt 0.555000 0.460000
vt 0.560000 0.460000
vt 0.565000 0.460000
vt 0.570000 0.460000
vt 0.575000 0.460000
vt 0.580000 0.460000
vt 0.585000 0.460000
vt 0.590000 0.460000
vt 0.595000 0.460000
vt 0.600000 0.460000
vt 0.605000 0.460000
vt 0.610000 0.460000
vt 0.615000 0.460000
vt 0.620000 0.460000
vt 0.625000 0.460000
vt 0.375000 0.465000
vt 0.380000 0.465000
vt 0.385000 0.465000
vt 0.390000 0.465000
vt 0.395000 0.465000
vt 0.400000 0.465000
vt 0.405000 0.465000
vt 0.410000 0.465000
vt 0.415000 0.465000
vt 0.420000 0.465000
vt 0.425000 0.465000
vt 0.430000 0.465000
vt 0.435000 0.465000
vt 0.440000 0.465000
vt 0.445000 0.465000
vt 0.450000 0.465000
vt 0.455000 0.465000
vt 0.460000 0.465000
vt 0.465000 0.465000
vt 0.470000 0.465000
vt 0.475000 0.465000
vt 0.480000 0.465000
vt 0.485000 0.465000
vt 0.490000 0.465000
vt 0.495000 0.465000
vt 0.500000 0.465000
vt 0.505000 0.465000
vt 0.510000 0.465000
vt 0.515000 0.465000
vt 0.520000 0.465000
vt 0.525000 0.465000
vt 0.530000 0.465000
vt 0.535000 0.465000
vt 0.540000 0.465000
vt 0.545000 0.465000
vt 0.550000 0.465000
vt 0.555000 0.465000
vt 0.560000 0.465000
vt 0.565000 0.465000
vt 0.570000 0.465000
vt 0.575000 0.465000
vt 0.580000 0.465000
vt 0.585000 0.465000
vt 0.590000 0.465000
vt 0.595000 0.465000
vt 0.600000 0.465000
vt 0.605000 0.465000
vt 0.610000 0.465000
vt 0.615000 0.465000
vt 0.620000 0.465000
vt 0.625000 0.465000
vt 0.375000 0.470000
vt 0.380000 0.470000
vt 0.385000 0.470000
vt 0.390000 0.470000
vt 0.395000 0.470000
vt 0.400000 0.470000
vt 0.405000 0.470000
vt 0.410000 0.470000
vt 0.415000 0.470000
vt 0.420000 0.470000
vt 0.425000 0.470000
vt 0.430000 0.470000
vt 0.435000 0.470000
vt 0.440000 0.470000
vt 0.445000 0.470000
vt 0.450000 0.470000
vt 0.455000 0.470000
vt 0.460000 0.470000
vt 0.465000 0.470000
vt 0.470000 0.470000
vt 0.475000 0.470000
vt 0.480000 0.470000
vt 0.485000 0.470000
vt 0.490000 0.470000
vt 0.495000 0.470000
vt 0.500000 0.470000
vt 0.505000 0.470000
vt 0.510000 0.470000
vt 0.515000 0.470000
vt 0.520000 0.470000
vt 0.525000 0.470000
vt 0.530000 0.470000
vt 0.535000 0.470000
vt 0.540000 0.470000
vt 0.545000 0.470000
vt 0.550000 0.470000
vt 0.555000 0.470000
vt 0.560000 0.470000
vt 0.565000 0.470000
vt 0.570000 0.470000
vt 0.575000 0.470000
vt 0.580000 0.470000
vt 0.585000 0.470000
vt 0.590000 0.470000
vt 0.595000 0.470000
vt 0.600000 0.470000
vt 0.605000 0.470000
vt 0.610000 0.470000
vt 0.615000 0.470000
vt 0.620000 0.470000
vt 0.625000 0.470000
vt 0.375000 0.475000
vt 0.380000 0.475000
vt 0.385000 0.475000
vt 0.390000 0.475000
vt 0.395000 0.475000
vt 0.400000 0.475000
vt 0.405000 0.475000
vt 0.410000 0.475000
vt 0.415000 0.475000
vt 0.420000 0.475000
vt 0.425000 0.475000
vt 0.430000 0.475000
vt 0.435000 0.475000
vt 0.440000 0.475000
vt 0.445000 0.475000
vt 0.450000 0.475000
vt 0.455000 0.475000
vt 0.460000 0.475000
vt 0.465000 0.475000
vt 0.470000 0.475000
vt 0.475000 0.475000
vt 0.480000 0.475000
vt 0.485000 0.475000
vt 0.490000 0.475000
vt 0.495000 0.475000
vt 0.500000 0.475000
vt 0.505000 0.475000
vt 0.510000 0.475000
vt 0.515000 0.475000
vt 0.520000 0.475000
vt 0.525000 0.475000
vt 0.530000 0.475000
vt 0.535000 0.475000
vt 0.540000 0.475000
vt 0.545000 0.475000
vt 0.550000 0.475000
vt 0.555000 0.475000
vt 0.560000 0.475000
vt 0.565000 0.475000
vt 0.570000 0.475000
vt 0.575000 0.475000
vt 0.580000 0.475000
vt 0.585000 0.475000
vt 0.590000 0.475000
vt 0.595000 0.475000
vt 0.600000 0.475000
vt 0.605000 0.475000
vt 0.610000 0.475000
vt 0.615000 0.475000
vt 0.620000 0.475000
vt 0.625000 0.475000
vt 0.375000 0.480000
vt 0.380000 0.480000
vt 0.385000 0.480000
vt 0.390000 0.480000
vt 0.395000 0.480000
vt 0.400000 0.480000
vt 0.405000 0.480000
vt 0.410000 0.480000
vt 0.415000 0.480000
vt 0.420000 0.480000
vt 0.425000 0.480000
vt 0.430000 0.480000
vt 0.435000 0.480000
vt 0.440000 0.480000
vt 0.445000 0.480000
vt 0.450000 0.480000
vt 0.455000 0.480000
vt 0.460000 0.480000
vt 0.465000 0.480000
vt 0.470000 0.480000
vt 0.475000 0.480000
vt 0.480000 0.480000
vt 0.485000 0.480000
vt 0.490000 0.480000
vt 0.495000 0.480000
vt 0.500000 0.480000
vt 0.505000 0.480000
vt 0.510000 0.480000
vt 0.515000 0.480000
vt 0.520000 0.480000
vt 0.525000 0.480000
vt 0.530000 0.480000
vt 0.535000 0.480000
vt 0.540000 0.480000
vt 0.545000 0.480000
vt 0.550000 0.480000
vt 0.555000 0.480000
vt 0.560000 0.480000
vt 0.565000 0.480000
vt 0.570000 0.480000
vt 0.575000 0.480000
vt 0.580000 0.480000
vt 0.585000 0.480000
vt 0.590000 0.480000
vt 0.595000 0.480000
vt 0.600000 0.480000
vt 0.605000 0.480000
vt 0.610000 0.480000
vt 0.615000 0.480000
vt 0.620000 0.480000
vt 0.625000 0.480000
vt 0.375000 0.485000
vt 0.380000 0.485000
vt 0.385000 0.485000
vt 0.390000 0.485000
vt 0.395000 0.485000
vt 0.400000 0.485000
vt 0.405000 0.485000
vt 0.410000 0.485000
vt 0.415000 0.485000
vt 0.420000 0.485000
vt 0.425000 0.485000
vt 0.430000 0.485000
vt 0.435000 0.485000
vt 0.440000 0.485000
vt 0.445000 0.485000
vt 0.450000 0.485000
vt 0.455000 0.485000
vt 0.460000 0.485000
vt 0.465000 0.485000
vt 0.470000 0.485000
vt 0.475000 0.485000
vt 0.480000 0.485000
vt 0.485000 0.485000
vt 0.490000 0.485000
vt 0.495000 0.485000
vt 0.500000 0.485000
vt 0.505000 0.485000
vt 0.510000 0.485000
vt 0.515000 0.485000
vt 0.520000 0.485000
vt 0.525000 0.485000
vt 0.530000 0.485000
vt 0.535000 0.485000
vt 0.540000 0.485000
vt 0.545000 0.485000
vt 0.550000 0.485000
vt 0.555000 0.485000
vt 0.560000 0.485000
vt 0.565000 0.485000
vt 0.570000 0.485000
vt 0.575000 0.485000
vt 0.580000 0.485000
vt 0.585000 0.485000
vt 0.590000 0.485000
vt 0.595000 0.485000
vt 0.600000 0.485000
vt 0.605000 0.485000
vt 0.610000 0.485000
vt 0.615000 0.485000
vt 0.620000 0.485000
vt 0.625000 0.485000
vt 0.375000 0.490000
vt 0.380000 0.490000
vt 0.385000 0.490000
vt 0.390000 0.490000
vt 0.395000 0.490000
vt 0.400000 0.490000
vt 0.405000 0.490000
vt 0.410000 0.490000
vt 0.415000 0.490000
vt 0.420000 0.490000
vt 0.425000 0.490000
vt 0.430000 0.490000
vt 0.435000 0.490000
vt 0.440000 0.490000
vt 0.445000 0.490000
vt 0.450000 0.490000
vt 0.455000 0.490000
vt 0.460000 0.490000
vt 0.465000 0.490000
vt 0.470000 0.490000
vt 0.475000 0.490000
vt 0.480000 0.490000
vt 0.485000 0.490000
vt 0.490000 0.490000
vt 0.495000 0.490000
vt 0.500000 0.490000
vt 0.505000 0.490000
vt 0.510000 0.490000
vt 0.515000 0.490000
vt 0.520000 0.490000
vt 0.525000 0.490000
vt 0.530000 0.490000
vt 0.535000 0.490000
vt 0.540000 0.490000
vt 0.545000 0.490000
vt 0.550000 0.490000
vt 0.555000 0.490000
vt 0.560000 0.490000
vt 0.565000 0.490000
vt 0.570000 0.490000
vt 0.575000 0.490000
vt 0.580000 0.490000
vt 0.585000 0.490000
vt 0.590000 0.490000
vt 0.595000 0.490000
vt 0.600000 0.490000
vt 0.605000 0.490000
vt 0.610000 0.490000
vt 0.615000 0.490000
vt 0.620000 0.490000
vt 0.625000 0.490000
vt 0.375000 0.495000
vt 0.380000 0.495000
vt 0.385000 0.495000
vt 0.390000 0.495000
vt 0.395000 0.495000
vt 0.400000 0.495000
vt 0.405000 0.495000
vt 0.410000 0.495000
vt 0.415000 0.495000
vt 0.420000 0.495000
vt 0.425000 0.495000
vt 0.430000 0.495000
vt 0.435000 0.495000
vt 0.440000 0.495000
vt 0.445000 0.495000
vt 0.450000 0.495000
vt 0.455000 0.495000
vt 0.460000 0.495000
vt 0.465000 0.495000
vt 0.470000 0.495000
vt 0.475000 0.495000
vt 0.480000 0.495000
vt 0.485000 0.495000
vt 0.490000 0.495000
vt 0.495000 0.495000
vt 0.500000 0.495000
vt 0.505000 0.495000
vt 0.510000 0.495000
vt 0.515000 0.495000
vt 0.520000 0.495000
vt 0.525000 0.495000
vt 0.530000 0.495000
vt 0.535000 0.495000
vt 0.540000 0.495000
vt 0.545000 0.495000
vt 0.550000 0.495000
vt 0.555000 0.495000
vt 0.560000 0.495000
vt 0.565000 0.495000
vt 0.570000 0.495000
vt 0.575000 0.495000
vt 0.580000 0.495000
vt 0.585000 0.495000
vt 0.590000 0.495000
vt 0.595000 0.495000
vt 0.600000 0.495000
vt 0.605000 0.495000
vt 0.610000 0.495000
vt 0.615000 0.495000
vt 0.620000 0.495000
vt 0.625000 0.495000
vt 0.375000 0.500000
vt 0.380000 0.500000
vt 0.385000 0.500000
vt 0.390000 0.500000
vt 0.395000 0.500000
vt 0.400000 0.500000
vt 0.405000 0.500000
vt 0.410000 0.500000
vt 0.415000 0.500000
vt 0.420000 0.500000
vt 0.425000 0.500000
vt 0.430000 0.500000
vt 0.435000 0.500000
vt 0.440000 0.500000
vt 0.445000 0.500000
vt 0.450000 0.500000
vt 0.455000 0.500000
vt 0.460000 0.500000
vt 0.465000 0.500000
vt 0.470000 0.500000
vt 0.475000 0.500000
vt 0.480000 0.500000
vt 0.485000 0.500000
vt 0.490000 0.500000
vt 0.495000 0.500000
vt 0.500000 0.500000
vt 0.505000 0.500000
vt 0.510000 0.500000
vt 0.515000 0.500000
vt 0.520000 0.500000
vt 0.525000 0.500000
vt 0.530000 0.500000
vt 0.535000 0.500000
vt 0.540000 0.500000
vt 0.545000 0.500000
vt 0.550000 0.500000
vt 0.555000 0.500000
vt 0.560000 0.500000
vt 0.565000 0.500000
vt 0.570000 0.500000
vt 0.575000 0.500000
vt 0.580000 0.500000
vt 0.585000 0.500000
vt 0.590000 0.500000
vt 0.595000 0.500000
vt 0.600000 0.500000
vt 0.605000 0.500000
vt 0.610000 0.500000
vt 0.615000 0.500000
vt 0.620000 0.500000
vt 0.625000 0.500000
vt 0.375000 0.583333
vt 0.380000 0.583333
vt 0.385000 0.583333
vt 0.390000 0.583333
vt 0.395000 0.583333
vt 0.400000 0.583333
vt 0.405000 0.583333
vt 0.410000 0.583333
vt 0.415000 0.583333
vt 0.420000 0.583333
vt 0.425000 0.583333
vt 0.430000 0.583333
vt 0.435000 0.583333
vt 0.440000 0.583333
vt 0.445000 0.583333
vt 0.450000 0.583333
vt 0.455000 0.583333
vt 0.460000 0.583333
vt 0.465000 0.583333
vt 0.470000 0.583333
vt 0.475000 0.583333
vt 0.480000 0.583333
vt 0.485000 0.583333
vt 0.490000 0.583333
vt 0.495000 0.583333
vt 0.500000 0.583333
vt 0.505000 0.583333
vt 0.510000 0.583333
vt 0.515000 0.583333
vt 0.520000 0.583333
vt 0.525000 0.583333
vt 0.530000 0.583333
vt 0.535000 0.583333
vt 0.540000 0.583333
vt 0.545000 0.583333
vt 0.550000 0.583333
vt 0.555000 0.583333
vt 0.560000 0.583333
vt 0.565000 0.583333
vt 0.570000 0.583333
vt 0.575000 0.583333
vt 0.580000 0.583333
vt 0.585000 0.583333
vt 0.590000 0.583333
vt 0.595000 0.583333
vt 0.600000 0.583333
vt 0.605000 0.583333
vt 0.610000 0.583333
vt 0.615000 0.583333
vt 0.620000 0.583333
vt 0.625000 0.583333
vt 0.375000 0.666666
vt 0.380000 0.666666
vt 0.385000 0.666666
vt 0.390000 0.666666
vt 0.395000 0.666666
vt 0.400000 0.666666
vt 0.405000 0.666666
vt 0.410000 0.666666
vt 0.415000 0.666666
vt 0.420000 0.666666
vt 0.425000 0.666666
vt 0.430000 0.666666
vt 0.435000 0.666666
vt 0.440000 0.666666
vt 0.445000 0.666666
vt 0.450000 0.666666
vt 0.455000 0.666666
vt 0.460000 0.666666
vt 0.465000 0.666666
vt 0.470000 0.666666
vt 0.475000 0.666666
vt 0.480000 0.666666
vt 0.485000 0.666666
vt 0.490000 0.666666
vt 0.495000 0.666666
vt 0.500000 0.666666
vt 0.505000 0.666666
vt 0.510000 0.666666
vt 0.515000 0.666666
vt 0.520000 0.666666
vt 0.525000 0.666666
vt 0.530000 0.666666
vt 0.535000 0.666666
vt 0.540000 0.666666
vt 0.545000 0.666666
vt 0.550000 0.666666
vt 0.555000 0.666666
vt 0.560000 0.666666
vt 0.565000 0.666666
vt 0.570000 0.666666
vt 0.575000 0.666666
vt 0.580000 0.666666
vt 0.585000 0.666666
vt 0.590000 0.666666
vt 0.595000 0.666666
vt 0.600000 0.666666
vt 0.605000 0.666666
vt 0.610000 0.666666
vt 0.615000 0.666666
vt 0.620000 0.666666
vt 0.625000 0.666666
vt 0.375000 0.750000
vt 0.380000 0.750000
vt 0.385000 0.750000
vt 0.390000 0.750000
vt 0.395000 0.750000
vt 0.400000 0.750000
vt 0.405000 0.750000
vt 0.410000 0.750000
vt 0.415000 0.750000
vt 0.420000 0.750000
vt 0.425000 0.750000
vt 0.430000 0.750000
vt 0.435000 0.750000
vt 0.440000 0.750000
vt 0.445000 0.750000
vt 0.450000 0.750000
vt 0.455000 0.750000
vt 0.460000 0.750000
vt 0.465000 0.750000
vt 0.470000 0.750000
vt 0.475000 0.750000
vt 0.480000 0.750000
vt 0.485000 0.750000
vt 0.490000 0.750000
vt 0.495000 0.750000
vt 0.500000 0.750000
vt 0.505000 0.750000
vt 0.510000 0.750000
vt 0.515000 0.750000
vt 0.520000 0.750000
vt 0.525000 0.750000
vt 0.530000 0.750000
vt 0.535000 0.750000
vt 0.540000 0.750000
vt 0.545000 0.750000
vt 0.550000 0.750000
vt 0.555000 0.750000
vt 0.560000 0.750000
vt 0.565000 0.750000
vt 0.570000 0.750000
vt 0.575000 0.750000
vt 0.580000 0.750000
vt 0.585000 0.750000
vt 0.590000 0.750000
vt 0.595000 0.750000
vt 0.600000 0.750000
vt 0.605000 0.750000
vt 0.610000 0.750000
vt 0.615000 0.750000
vt 0.620000 0.750000
vt 0.625000 0.750000
vt 0.375000 0.755000
vt 0.380000 0.755000
vt 0.385000 0.755000
vt 0.390000 0.755000
vt 0.395000 0.755000
vt 0.400000 0.755000
vt 0.405000 0.755000
vt 0.410000 0.755000
vt 0.415000 0.755000
vt 0.420000 0.755000
vt 0.425000 0.755000
vt 0.430000 0.755000
vt 0.435000 0.755000
vt 0.440000 0.755000
vt 0.445000 0.755000
vt 0.450000 0.755000
vt 0.455000 0.755000
vt 0.460000 0.755000
vt 0.465000 0.755000
vt 0.470000 0.755000
vt 0.475000 0.755000
vt 0.480000 0.755000
vt 0.485000 0.755000
vt 0.490000 0.755000
vt 0.495000 0.755000
vt 0.500000 0.755000
vt 0.505000 0.755000
vt 0.510000 0.755000
vt 0.515000 0.755000
vt 0.520000 0.755000
vt 0.525000 0.755000
vt 0.530000 0.755000
vt 0.535000 0.755000
vt 0.540000 0.755000
vt 0.545000 0.755000
vt 0.550000 0.755000
vt 0.555000 0.755000
vt 0.560000 0.755000
vt 0.565000 0.755000
vt 0.570000 0.755000
vt 0.575000 0.755000
vt 0.580000 0.755000
vt 0.585000 0.755000
vt 0.590000 0.755000
vt 0.595000 0.755000
vt 0.600000 0.755000
vt 0.605000 0.755000
vt 0.610000 0.755000
vt 0.615000 0.755000
vt 0.620000 0.755000
vt 0.625000 0.755000
vt 0.375000 0.760000
vt 0.380000 0.760000
vt 0.385000 0.760000
vt 0.390000 0.760000
vt 0.395000 0.760000
vt 0.400000 0.760000
vt 0.405000 0.760000
vt 0.410000 0.760000
vt 0.415000 0.760000
vt 0.420000 0.760000
vt 0.425000 0.760000
vt 0.430000 0.760000
vt 0.435000 0.760000
vt 0.440000 0.760000
vt 0.445000 0.760000
vt 0.450000 0.760000
vt 0.455000 0.760000
vt 0.460000 0.760000
vt 0.465000 0.760000
vt 0.470000 0.760000
vt 0.475000 0.760000
vt 0.480000 0.760000
vt 0.485000 0.760000
vt 0.490000 0.760000
vt 0.495000 0.760000
vt 0.500000 0.760000
vt 0.505000 0.760000
vt 0.510000 0.760000
vt 0.515000 0.760000
vt 0.520000 0.760000
vt 0.525000 0.760000
vt 0.530000 0.760000
vt 0.535000 0.760000
vt 0.540000 0.760000
vt 0.545000 0.760000
vt 0.550000 0.760000
vt 0.555000 0.760000
vt 0.560000 0.760000
vt 0.565000 0.760000
vt 0.570000 0.760000
vt 0.575000 0.760000
vt 0.580000 0.760000
vt 0.585000 0.760000
vt 0.590000 0.760000
vt 0.595000 0.760000
vt 0.600000 0.760000
vt 0.605000 0.760000
vt 0.610000 0.760000
vt 0.615000 0.760000
vt 0.620000 0.760000
vt 0.625000 0.760000
vt 0.375000 0.765000
vt 0.380000 0.765000
vt 0.385000 0.765000
vt 0.390000 0.765000
vt 0.395000 0.765000
vt 0.400000 0.765000
vt 0.405000 0.765000
vt 0.410000 0.765000
vt 0.415000 0.765000
vt 0.420000 0.765000
vt 0.425000 0.765000
vt 0.430000 0.765000
vt 0.435000 0.765000
vt 0.440000 0.765000
vt 0.445000 0.765000
vt 0.450000 0.765000
vt 0.455000 0.765000
vt 0.460000 0.765000
vt 0.465000 0.765000
vt 0.470000 0.765000
vt 0.475000 0.765000
vt 0.480000 0.765000
vt 0.485000 0.765000
vt 0.490000 0.765000
vt 0.495000 0.765000
vt 0.500000 0.765000
vt 0.505000 0.765000
vt 0.510000 0.765000
vt 0.515000 0.765000
vt 0.520000 0.765000
vt 0.525000 0.765000
vt 0.530000 0.765000
vt 0.535000 0.765000
vt 0.540000 0.765000
vt 0.545000 0.765000
vt 0.550000 0.765000
vt 0.555000 0.765000
vt 0.560000 0.765000
vt 0.565000 0.765000
vt 0.570000 0.765000
vt 0.575000 0.765000
vt 0.580000 0.765000
vt 0.585000 0.765000
vt 0.590000 0.765000
vt 0.595000 0.765000
vt 0.600000 0.765000
vt 0.605000 0.765000
vt 0.610000 0.765000
vt 0.615000 0.765000
vt 0.620000 0.765000
vt 0.625000 0.765000
vt 0.375000 0.770000
vt 0.380000 0.770000
vt 0.385000 0.770000
vt 0.390000 0.770000
vt 0.395000 0.770000
vt 0.400000 0.770000
vt 0.405000 0.770000
vt 0.410000 0.770000
vt 0.415000 0.770000
vt 0.420000 0.770000
vt 0.425000 0.770000
vt 0.430000 0.770000
vt 0.435000 0.770000
vt 0.440000 0.770000
vt 0.445000 0.770000
vt 0.450000 0.770000
vt 0.455000 0.770000
vt 0.460000 0.770000
vt 0.465000 0.770000
vt 0.470000 0.770000
vt 0.475000 0.770000
vt 0.480000 0.770000
vt 0.485000 0.770000
vt 0.490000 0.770000
vt 0.495000 0.770000
vt 0.500000 0.770000
vt 0.505000 0.770000
vt 0.510000 0.770000
vt 0.515000 0.770000
vt 0.520000 0.770000
vt 0.525000 0.770000
vt 0.530000 0.770000
vt 0.535000 0.770000
vt 0.540000 0.770000
vt 0.545000 0.770000
vt 0.550000 0.770000
vt 0.555000 0.770000
vt 0.560000 0.770000
vt 0.565000 0.770000
vt 0.570000 0.770000
vt 0.575000 0.770000
vt 0.580000 0.770000
vt 0.585000 0.770000
vt 0.590000 0.770000
vt 0.595000 0.770000
vt 0.600000 0.770000
vt 0.605000 0.770000
vt 0.610000 0.770000
vt 0.615000 0.770000
vt 0.620000 0.770000
vt 0.625000 0.770000
vt 0.375000 0.775000
vt 0.380000 0.775000
vt 0.385000 0.775000
vt 0.390000 0.775000
vt 0.395000 0.775000
vt 0.400000 0.775000
vt 0.405000 0.775000
vt 0.410000 0.775000
vt 0.415000 0.775000
vt 0.420000 0.775000
vt 0.425000 0.775000
vt 0.430000 0.775000
vt 0.435000 0.775000
vt 0.440000 0.775000
vt 0.445000 0.775000
vt 0.450000 0.775000
vt 0.455000 0.775000
vt 0.460000 0.775000
vt 0.465000 0.775000
vt 0.470000 0.775000
vt 0.475000 0.775000
vt 0.480000 0.775000
vt 0.485000 0.775000
vt 0.490000 0.775000
vt 0.495000 0.775000
vt 0.500000 0.775000
vt 0.505000 0.775000
vt 0.510000 0.775000
vt 0.515000 0.775000
vt 0.520000 0.775000
vt 0.525000 0.775000
vt 0.530000 0.775000
vt 0.535000 0.775000
vt 0.540000 0.775000
vt 0.545000 0.775000
vt 0.550000 0.775000
vt 0.555000 0.775000
vt 0.560000 0.775000
vt 0.565000 0.775000
vt 0.570000 0.775000
vt 0.575000 0.775000
vt 0.580000 0.775000
vt 0.585000 0.775000
vt 0.590000 0.775000
vt 0.595000 0.775000
vt 0.600000 0.775000
vt 0.605000 0.775000
vt 0.610000 0.775000
vt 0.615000 0.775000
vt 0.620000 0.775000
vt 0.625000 0.775000
vt 0.375000 0.780000
vt 0.380000 0.780000
vt 0.385000 0.780000
vt 0.390000 0.780000
vt 0.395000 0.780000
vt 0.400000 0.780000
vt 0.405000 0.780000
vt 0.410000 0.780000
vt 0.415000 0.780000
vt 0.420000 0.780000
vt 0.425000 0.780000
vt 0.430000 0.780000
vt 0.435000 0.780000
vt 0.440000 0.780000
vt 0.445000 0.780000
vt 0.450000 0.780000
vt 0.455000 0.780000
vt 0.460000 0.780000
vt 0.465000 0.780000
vt 0.470000 0.780000
vt 0.475000 0.780000
vt 0.480000 0.780000
vt 0.485000 0.780000
vt 0.490000 0.780000
vt 0.495000 0.780000
vt 0.500000 0.780000
vt 0.505000 0.780000
vt 0.510000 0.780000
vt 0.515000 0.780000
vt 0.520000 0.780000
vt 0.525000 0.780000
vt 0.530000 0.780000
vt 0.535000 0.780000
vt 0.540000 0.780000
vt 0.545000 0.780000
vt 0.550000 0.780000
vt 0.555000 0.780000
vt 0.560000 0.780000
vt 0.565000 0.780000
vt 0.570000 0.780000
vt 0.575000 0.780000
vt 0.580000 0.780000
vt 0.585000 0.780000
vt 0.590000 0.780000
vt 0.595000 0.780000
vt 0.600000 0.780000
vt 0.605000 0.780000
vt 0.610000 0.780000
vt 0.615000 0.780000
vt 0.620000 0.780000
vt 0.625000 0.780000
vt 0.375000 0.785000
vt 0.380000 0.785000
vt 0.385000 0.785000
vt 0.390000 0.785000
vt 0.395000 0.785000
vt 0.400000 0.785000
vt 0.405000 0.785000
vt 0.410000 0.785000
vt 0.415000 0.785000
vt 0.420000 0.785000
vt 0.425000 0.785000
vt 0.430000 0.785000
vt 0.435000 0.785000
vt 0.440000 0.785000
vt 0.445000 0.785000
vt 0.450000 0.785000
vt 0.455000 0.785000
vt 0.460000 0.785000
vt 0.465000 0.785000
vt 0.470000 0.785000
vt 0.475000 0.785000
vt 0.480000 0.785000
vt 0.485000 0.785000
vt 0.490000 0.785000
vt 0.495000 0.785000
vt 0.500000 0.785000
vt 0.505000 0.785000
vt 0.510000 0.785000
vt 0.515000 0.785000
vt 0.520000 0.785000
vt 0.525000 0.785000
vt 0.530000 0.785000
vt 0.535000 0.785000
vt 0.540000 0.785000
vt 0.545000 0.785000
vt 0.550000 0.785000
vt 0.555000 0.785000
vt 0.560000 0.785000
vt 0.565000 0.785000
vt 0.570000 0.785000
vt 0.575000 0.785000
vt 0.580000 0.785000
vt 0.585000 0.785000
vt 0.590000 0.785000
vt 0.595000 0.785000
vt 0.600000 0.785000
vt 0.605000 0.785000
vt 0.610000 0.785000
vt 0.615000 0.785000
vt 0.620000 0.785000
vt 0.625000 0.785000
vt 0.375000 0.790000
vt 0.380000 0.790000
vt 0.385000 0.790000
vt 0.390000 0.790000
vt 0.395000 0.790000
vt 0.400000 0.790000
vt 0.405000 0.790000
vt 0.410000 0.790000
vt 0.415000 0.790000
vt 0.420000 0.790000
vt 0.425000 0.790000
vt 0.430000 0.790000
vt 0.435000 0.790000
vt 0.440000 0.790000
vt 0.445000 0.790000
vt 0.450000 0.790000
vt 0.455000 0.790000
vt 0.460000 0.790000
vt 0.465000 0.790000
vt 0.470000 0.790000
vt 0.475000 0.790000
vt 0.480000 0.790000
vt 0.485000 0.790000
vt 0.490000 0.790000
vt 0.495000 0.790000
vt 0.500000 0.790000
vt 0.505000 0.790000
vt 0.510000 0.790000
vt 0.515000 0.790000
vt 0.520000 0.790000
vt 0.525000 0.790000
vt 0.530000 0.790000
vt 0.535000 0.790000
vt 0.540000 0.790000
vt 0.545000 0.790000
vt 0.550000 0.790000
vt 0.555000 0.790000
vt 0.560000 0.790000
vt 0.565000 0.790000
vt 0.570000 0.790000
vt 0.575000 0.790000
vt 0.580000 0.790000
vt 0.585000 0.790000
vt 0.590000 0.790000
vt 0.595000 0.790000
vt 0.600000 0.790000
vt 0.605000 0.790000
vt 0.610000 0.790000
vt 0.615000 0.790000
vt 0.620000 0.790000
vt 0.625000 0.790000
vt 0.375000 0.795000
vt 0.380000 0.795000
vt 0.385000 0.795000
vt 0.390000 0.795000
vt 0.395000 0.795000
vt 0.400000 0.795000
vt 0.405000 0.795000
vt 0.410000 0.795000
vt 0.415000 0.795000
vt 0.420000 0.795000
vt 0.425000 0.795000
vt 0.430000 0.795000
vt 0.435000 0.795000
vt 0.440000 0.795000
vt 0.445000 0.795000
vt 0.450000 0.795000
vt 0.455000 0.795000
vt 0.460000 0.795000
vt 0.465000 0.795000
vt 0.470000 0.795000
vt 0.475000 0.795000
vt 0.480000 0.795000
vt 0.485000 0.795000
vt 0.490000 0.795000
vt 0.495000 0.795000
vt 0.500000 0.795000
vt 0.505000 0.795000
vt 0.510000 0.795000
vt 0.515000 0.795000
vt 0.520000 0.795000
vt 0.525000 0.795000
vt 0.530000 0.795000
vt 0.535000 0.795000
vt 0.540000 0.795000
vt 0.545000 0.795000
vt 0.550000 0.795000
vt 0.555000 0.795000
vt 0.560000 0.795000
vt 0.565000 0.795000
vt 0.570000 0.795000
vt 0.575000 0.795000
vt 0.580000 0.795000
vt 0.585000 0.795000
vt 0.590000 0.795000
vt 0.595000 0.795000
vt 0.600000 0.795000
vt 0.605000 0.795000
vt 0.610000 0.795000
vt 0.615000 0.795000
vt 0.620000 0.795000
vt 0.625000 0.795000
vt 0.375000 0.800000
vt 0.380000 0.800000
vt 0.385000 0.800000
vt 0.390000 0.800000
vt 0.395000 0.800000
vt 0.400000 0.800000
vt 0.405000 0.800000
vt 0.410000 0.800000
vt 0.415000 0.800000
vt 0.420000 0.800000
vt 0.425000 0.800000
vt 0.430000 0.800000
vt 0.435000 0.800000
vt 0.440000 0.800000
vt 0.445000 0.800000
vt 0.450000 0.800000
vt 0.455000 0.800000
vt 0.460000 0.800000
vt 0.465000 0.800000
vt 0.470000 0.800000
vt 0.475000 0.800000
vt 0.480000 0.800000
vt 0.485000 0.800000
vt 0.490000 0.800000
vt 0.495000 0.800000
vt 0.500000 0.800000
vt 0.505000 0.800000
vt 0.510000 0.800000
vt 0.515000 0.800000
vt 0.520000 0.800000
vt 0.525000 0.800000
vt 0.530000 0.800000
vt 0.535000 0.800000
vt 0.540000 0.800000
vt 0.545000 0.800000
vt 0.550000 0.800000
vt 0.555000 0.800000
vt 0.560000 0.800000
vt 0.565000 0.800000
vt 0.570000 0.800000
vt 0.575000 0.800000
vt 0.580000 0.800000
vt 0.585000 0.800000
vt 0.590000 0.800000
vt 0.595000 0.800000
vt 0.600000 0.800000
vt 0.605000 0.800000
vt 0.610000 0.800000
vt 0.615000 0.800000
vt 0.620000 0.800000
vt 0.625000 0.800000
vt 0.375000 0.805000
vt 0.380000 0.805000
vt 0.385000 0.805000
vt 0.390000 0.805000
vt 0.395000 0.805000
vt 0.400000 0.805000
vt 0.405000 0.805000
vt 0.410000 0.805000
vt 0.415000 0.805000
vt 0.420000 0.805000
vt 0.425000 0.805000
vt 0.430000 0.805000
vt 0.435000 0.805000
vt 0.440000 0.805000
vt 0.445000 0.805000
vt 0.450000 0.805000
vt 0.455000 0.805000
vt 0.460000 0.805000
vt 0.465000 0.805000
vt 0.470000 0.805000
vt 0.475000 0.805000
vt 0.480000 0.805000
vt 0.485000 0.805000
vt 0.490000 0.805000
vt 0.495000 0.805000
vt 0.500000 0.805000
vt 0.505000 0.805000
vt 0.510000 0.805000
vt 0.515000 0.805000
vt 0.520000 0.805000
vt 0.525000 0.805000
vt 0.530000 0.805000
vt 0.535000 0.805000
vt 0.540000 0.805000
vt 0.545000 0.805000
vt 0.550000 0.805000
vt 0.555000 0.805000
vt 0.560000 0.805000
vt 0.565000 0.805000
vt 0.570000 0.805000
vt 0.575000 0.805000
vt 0.580000 0.805000
vt 0.585000 0.805000
vt 0.590000 0.805000
vt 0.595000 0.805000
vt 0.600000 0.805000
vt 0.605000 0.805000
vt 0.610000 0.805000
vt 0.615000 0.805000
vt 0.620000 0.805000
vt 0.625000 0.805000
vt 0.375000 0.810000
vt 0.380000 0.810000
vt 0.385000 0.810000
vt 0.390000 0.810000
vt 0.395000 0.810000
vt 0.400000 0.810000
vt 0.405000 0.810000
vt 0.410000 0.810000
vt 0.415000 0.810000
vt 0.420000 0.810000
vt 0.425000 0.810000
vt 0.430000 0.810000
vt 0.435000 0.810000
vt 0.440000 0.810000
vt 0.445000 0.810000
vt 0.450000 0.810000
vt 0.455000 0.810000
vt 0.460000 0.810000
vt 0.465000 0.810000
vt 0.470000 0.810000
vt 0.475000 0.810000
vt 0.480000 0.810000
vt 0.485000 0.810000
vt 0.490000 0.810000
vt 0.495000 0.810000
vt 0.500000 0.810000
vt 0.505000 0.810000
vt 0.510000 0.810000
vt 0.515000 0.810000
vt 0.520000 0.810000
vt 0.525000 0.810000
vt 0.530000 0.810000
vt 0.535000 0.810000
vt 0.540000 0.810000
vt 0.545000 0.810000
vt 0.550000 0.810000
vt 0.555000 0.810000
vt 0.560000 0.810000
vt 0.565000 0.810000
vt 0.570000 0.810000
vt 0.575000 0.810000
vt 0.580000 0.810000
vt 0.585000 0.810000
vt 0.590000 0.810000
vt 0.595000 0.810000
vt 0.600000 0.810000
vt 0.605000 0.810000
vt 0.610000 0.810000
vt 0.615000 0.810000
vt 0.620000 0.810000
vt 0.625000 0.810000
vt 0.375000 0.815000
vt 0.380000 0.815000
vt 0.385000 0.815000
vt 0.390000 0.815000
vt 0.395000 0.815000
vt 0.400000 0.815000
vt 0.405000 0.815000
vt 0.410000 0.815000
vt 0.415000 0.815000
vt 0.420000 0.815000
vt 0.425000 0.815000
vt 0.430000 0.815000
vt 0.435000 0.815000
vt 0.440000 0.815000
vt 0.445000 0.815000
vt 0.450000 0.815000
vt 0.455000 0.815000
vt 0.460000 0.815000
vt 0.465000 0.815000
vt 0.470000 0.815000
vt 0.475000 0.815000
vt 0.480000 0.815000
vt 0.485000 0.815000
vt 0.490000 0.815000
vt 0.495000 0.815000
vt 0.500000 0.815000
vt 0.505000 0.815000
vt 0.510000 0.815000
vt 0.515000 0.815000
vt 0.520000 0.815000
vt 0.525000 0.815000
vt 0.530000 0.815000
vt 0.535000 0.815000
vt 0.540000 0.815000
vt 0.545000 0.815000
vt 0.550000 0.815000
vt 0.555000 0.815000
vt 0.560000 0.815000
vt 0.565000 0.815000
vt 0.570000 0.815000
vt 0.575000 0.815000
vt 0.580000 0.815000
vt 0.585000 0.815000
vt 0.590000 0.815000
vt 0.595000 0.815000
vt 0.600000 0.815000
vt 0.605000 0.815000
vt 0.610000 0.815000
vt 0.615000 0.815000
vt 0.620000 0.815000
vt 0.625000 0.815000
vt 0.375000 0.820000
vt 0.380000 0.820000
vt 0.385000 0.820000
vt 0.390000 0.820000
vt 0.395000 0.820000
vt 0.400000 0.820000
vt 0.405000 0.820000
vt 0.410000 0.820000
vt 0.415000 0.820000
vt 0.420000 0.820000
vt 0.425000 0.820000
vt 0.430000 0.820000
vt 0.435000 0.820000
vt 0.440000 0.820000
vt 0.445000 0.820000
vt 0.450000 0.820000
vt 0.455000 0.820000
vt 0.460000 0.820000
vt 0.465000 0.820000
vt 0.470000 0.820000
vt 0.475000 0.820000
vt 0.480000 0.820000
vt 0.485000 0.820000
vt 0.490000 0.820000
vt 0.495000 0.820000
vt 0.500000 0.820000
vt 0.505000 0.820000
vt 0.510000 0.820000
vt 0.515000 0.820000
vt 0.520000 0.820000
vt 0.525000 0.820000
vt 0.530000 0.820000
vt 0.535000 0.820000
vt 0.540000 0.820000
vt 0.545000 0.820000
vt 0.550000 0.820000
vt 0.555000 0.820000
vt 0.560000 0.820000
vt 0.565000 0.820000
vt 0.570000 0.820000
vt 0.575000 0.820000
vt 0.580000 0.820000
vt 0.585000 0.820000
vt 0.590000 0.820000
vt 0.595000 0.820000
vt 0.600000 0.820000
vt 0.605000 0.820000
vt 0.610000 0.820000
vt 0.615000 0.820000
vt 0.620000 0.820000
vt 0.625000 0.820000
vt 0.375000 0.825000
vt 0.380000 0.825000
vt 0.385000 0.825000
vt 0.390000 0.825000
vt 0.395000 0.825000
vt 0.400000 0.825000
vt 0.405000 0.825000
vt 0.410000 0.825000
vt 0.415000 0.825000
vt 0.420000 0.825000
vt 0.425000 0.825000
vt 0.430000 0.825000
vt 0.435000 0.825000
vt 0.440000 0.825000
vt 0.445000 0.825000
vt 0.450000 0.825000
vt 0.455000 0.825000
vt 0.460000 0.825000
vt 0.465000 0.825000
vt 0.470000 0.825000
vt 0.475000 0.825000
vt 0.480000 0.825000
vt 0.485000 0.825000
vt 0.490000 0.825000
vt 0.495000 0.825000
vt 0.500000 0.825000
vt 0.505000 0.825000
vt 0.510000 0.825000
vt 0.515000 0.825000
vt 0.520000 0.825000
vt 0.525000 0.825000
vt 0.530000 0.825000
vt 0.535000 0.825000
vt 0.540000 0.825000
vt 0.545000 0.825000
vt 0.550000 0.825000
vt 0.555000 0.825000
vt 0.560000 0.825000
vt 0.565000 0.825000
vt 0.570000 0.825000
vt 0.575000 0.825000
vt 0.580000 0.825000
vt 0.585000 0.825000
vt 0.590000 0.825000
vt 0.595000 0.825000
vt 0.600000 0.825000
vt 0.605000 0.825000
vt 0.610000 0.825000
vt 0.615000 0.825000
vt 0.620000 0.825000
vt 0.625000 0.825000
vt 0.375000 0.830000
vt 0.380000 0.830000
vt 0.385000 0.830000
vt 0.390000 0.830000
vt 0.395000 0.830000
vt 0.400000 0.830000
vt 0.405000 0.830000
vt 0.410000 0.830000
vt 0.415000 0.830000
vt 0.420000 0.830000
vt 0.425000 0.830000
vt 0.430000 0.830000
vt 0.435000 0.830000
vt 0.440000 0.830000
vt 0.445000 0.830000
vt 0.450000 0.830000
vt 0.455000 0.830000
vt 0.460000 0.830000
vt 0.465000 0.830000
vt 0.470000 0.830000
vt 0.475000 0.830000
vt 0.480000 0.830000
vt 0.485000 0.830000
vt 0.490000 0.830000
vt 0.495000 0.830000
vt 0.500000 0.830000
vt 0.505000 0.830000
vt 0.510000 0.830000
vt 0.515000 0.830000
vt 0.520000 0.830000
vt 0.525000 0.830000
vt 0.530000 0.830000
vt 0.535000 0.830000
vt 0.540000 0.830000
vt 0.545000 0.830000
vt 0.550000 0.830000
vt 0.555000 0.830000
vt 0.560000 0.830000
vt 0.565000 0.830000
vt 0.570000 0.830000
vt 0.575000 0.830000
vt 0.580000 0.830000
vt 0.585000 0.830000
vt 0.590000 0.830000
vt 0.595000 0.830000
vt 0.600000 0.830000
vt 0.605000 0.830000
vt 0.610000 0.830000
vt 0.615000 0.830000
vt 0.620000 0.830000
vt 0.625000 0.830000
vt 0.375000 0.835000
vt 0.380000 0.835000
vt 0.385000 0.835000
vt 0.390000 0.835000
vt 0.395000 0.835000
vt 0.400000 0.835000
vt 0.405000 0.835000
vt 0.410000 0.835000
vt 0.415000 0.835000
vt 0.420000 0.835000
vt 0.425000 0.835000
vt 0.430000 0.835000
vt 0.435000 0.835000
vt 0.440000 0.835000
vt 0.445000 0.835000
vt 0.450000 0.835000
vt 0.455000 0.835000
vt 0.460000 0.835000
vt 0.465000 0.835000
vt 0.470000 0.835000
vt 0.475000 0.835000
vt 0.480000 0.835000
vt 0.485000 0.835000
vt 0.490000 0.835000
vt 0.495000 0.835000
vt 0.500000 0.835000
vt 0.505000 0.835000
vt 0.510000 0.835000
vt 0.515000 0.835000
vt 0.520000 0.835000
vt 0.525000 0.835000
vt 0.530000 0.835000
vt 0.535000 0.835000
vt 0.540000 0.835000
vt 0.545000 0.835000
vt 0.550000 0.835000
vt 0.555000 0.835000
vt 0.560000 0.835000
vt 0.565000 0.835000
vt 0.570000 0.835000
vt 0.575000 0.835000
vt 0.580000 0.835000
vt 0.585000 0.835000
vt 0.590000 0.835000
vt 0.595000 0.835000
vt 0.600000 0.835000
vt 0.605000 0.835000
vt 0.610000 0.835000
vt 0.615000 0.835000
vt 0.620000 0.835000
vt 0.625000 0.835000
vt 0.375000 0.840000
vt 0.380000 0.840000
vt 0.385000 0.840000
vt 0.390000 0.840000
vt 0.395000 0.840000
vt 0.400000 0.840000
vt 0.405000 0.840000
vt 0.410000 0.840000
vt 0.415000 0.840000
vt 0.420000 0.840000
vt 0.425000 0.840000
vt 0.430000 0.840000
vt 0.435000 0.840000
vt 0.440000 0.840000
vt 0.445000 0.840000
vt 0.450000 0.840000
vt 0.455000 0.840000
vt 0.460000 0.840000
vt 0.465000 0.840000
vt 0.470000 0.840000
vt 0.475000 0.840000
vt 0.480000 0.840000
vt 0.485000 0.840000
vt 0.490000 0.840000
vt 0.495000 0.840000
vt 0.500000 0.840000
vt 0.505000 0.840000
vt 0.510000 0.840000
vt 0.515000 0.840000
vt 0.520000 0.840000
vt 0.525000 0.840000
vt 0.530000 0.840000
vt 0.535000 0.840000
vt 0.540000 0.840000
vt 0.545000 0.840000
vt 0.550000 0.840000
vt 0.555000 0.840000
vt 0.560000 0.840000
vt 0.565000 0.840000
vt 0.570000 0.840000
vt 0.575000 0.840000
vt 0.580000 0.840000
vt 0.585000 0.840000
vt 0.590000 0.840000
vt 0.595000 0.840000
vt 0.600000 0.840000
vt 0.605000 0.840000
vt 0.610000 0.840000
vt 0.615000 0.840000
vt 0.620000 0.840000
vt 0.625000 0.840000
vt 0.375000 0.845000
vt 0.380000 0.845000
vt 0.385000 0.845000
vt 0.390000 0.845000
vt 0.395000 0.845000
vt 0.400000 0.845000
vt 0.405000 0.845000
vt 0.410000 0.845000
vt 0.415000 0.845000
vt 0.420000 0.845000
vt 0.425000 0.845000
vt 0.430000 0.845000
vt 0.435000 0.845000
vt 0.440000 0.845000
vt 0.445000 0.845000
vt 0.450000 0.845000
vt 0.455000 0.845000
vt 0.460000 0.845000
vt 0.465000 0.845000
vt 0.470000 0.845000
vt 0.475000 0.845000
vt 0.480000 0.845000
vt 0.485000 0.845000
vt 0.490000 0.845000
vt 0.495000 0.845000
vt 0.500000 0.845000
vt 0.505000 0.845000
vt 0.510000 0.845000
vt 0.515000 0.845000
vt 0.520000 0.845000
vt 0.525000 0.845000
vt 0.530000 0.845000
vt 0.535000 0.845000
vt 0.540000 0.845000
vt 0.545000 0.845000
vt 0.550000 0.845000
vt 0.555000 0.845000
vt 0.560000 0.845000
vt 0.565000 0.845000
vt 0.570000 0.845000
vt 0.575000 0.845000
vt 0.580000 0.845000
vt 0.585000 0.845000
vt 0.590000 0.845000
vt 0.595000 0.845000
vt 0.600000 0.845000
vt 0.605000 0.845000
vt 0.610000 0.845000
vt 0.615000 0.845000
vt 0.620000 0.845000
vt 0.625000 0.845000
vt 0.375000 0.850000
vt 0.380000 0.850000
vt 0.385000 0.850000
vt 0.390000 0.850000
vt 0.395000 0.850000
vt 0.400000 0.850000
vt 0.405000 0.850000
vt 0.410000 0.850000
vt 0.415000 0.850000
vt 0.420000 0.850000
vt 0.425000 0.850000
vt 0.430000 0.850000
vt 0.435000 0.850000
vt 0.440000 0.850000
vt 0.445000 0.850000
vt 0.450000 0.850000
vt 0.455000 0.850000
vt 0.460000 0.850000
vt 0.465000 0.850000
vt 0.470000 0.850000
vt 0.475000 0.850000
vt 0.480000 0.850000
vt 0.485000 0.850000
vt 0.490000 0.850000
vt 0.495000 0.850000
vt 0.500000 0.850000
vt 0.505000 0.850000
vt 0.510000 0.850000
vt 0.515000 0.850000
vt 0.520000 0.850000
vt 0.525000 0.850000
vt 0.530000 0.850000
vt 0.535000 0.850000
vt 0.540000 0.850000
vt 0.545000 0.850000
vt 0.550000 0.850000
vt 0.555000 0.850000
vt 0.560000 0.850000
vt 0.565000 0.850000
vt 0.570000 0.850000
vt 0.575000 0.850000
vt 0.580000 0.850000
vt 0.585000 0.850000
vt 0.590000 0.850000
vt 0.595000 0.850000
vt 0.600000 0.850000
vt 0.605000 0.850000
vt 0.610000 0.850000
vt 0.615000 0.850000
vt 0.620000 0.850000
vt 0.625000 0.850000
vt 0.375000 0.855000
vt 0.380000 0.855000
vt 0.385000 0.855000
vt 0.390000 0.855000
vt 0.395000 0.855000
vt 0.400000 0.855000
vt 0.405000 0.855000
vt 0.410000 0.855000
vt 0.415000 0.855000
vt 0.420000 0.855000
vt 0.425000 0.855000
vt 0.430000 0.855000
vt 0.435000 0.855000
vt 0.440000 0.855000
vt 0.445000 0.855000
vt 0.450000 0.855000
vt 0.455000 0.855000
vt 0.460000 0.855000
vt 0.465000 0.855000
vt 0.470000 0.855000
vt 0.475000 0.855000
vt 0.480000 0.855000
vt 0.485000 0.855000
vt 0.490000 0.855000
vt 0.495000 0.855000
vt 0.500000 0.855000
vt 0.505000 0.855000
vt 0.510000 0.855000
vt 0.515000 0.855000
vt 0.520000 0.855000
vt 0.525000 0.855000
vt 0.530000 0.855000
vt 0.535000 0.855000
vt 0.540000 0.855000
vt 0.545000 0.855000
vt 0.550000 0.855000
vt 0.555000 0.855000
vt 0.560000 0.855000
vt 0.565000 0.855000
vt 0.570000 0.855000
vt 0.575000 0.855000
vt 0.580000 0.855000
vt 0.585000 0.855000
vt 0.590000 0.855000
vt 0.595000 0.855000
vt 0.600000 0.855000
vt 0.605000 0.855000
vt 0.610000 0.855000
vt 0.615000 0.855000
vt 0.620000 0.855000
vt 0.625000 0.855000
vt 0.375000 0.860000
vt 0.380000 0.860000
vt 0.385000 0.860000
vt 0.390000 0.860000
vt 0.395000 0.860000
vt 0.400000 0.860000
vt 0.405000 0.860000
vt 0.410000 0.860000
vt 0.415000 0.860000
vt 0.420000 0.860000
vt 0.425000 0.860000
vt 0.430000 0.860000
vt 0.435000 0.860000
vt 0.440000 0.860000
vt 0.445000 0.860000
vt 0.450000 0.860000
vt 0.455000 0.860000
vt 0.460000 0.860000
vt 0.465000 0.860000
vt 0.470000 0.860000
vt 0.475000 0.860000
vt 0.480000 0.860000
vt 0.485000 0.860000
vt 0.490000 0.860000
vt 0.495000 0.860000
vt 0.500000 0.860000
vt 0.505000 0.860000
vt 0.510000 0.860000
vt 0.515000 0.860000
vt 0.520000 0.860000
vt 0.525000 0.860000
vt 0.530000 0.860000
vt 0.535000 0.860000
vt 0.540000 0.860000
vt 0.545000 0.860000
vt 0.550000 0.860000
vt 0.555000 0.860000
vt 0.560000 0.860000
vt 0.565000 0.860000
vt 0.570000 0.860000
vt 0.575000 0.860000
vt 0.580000 0.860000
vt 0.585000 0.860000
vt 0.590000 0.860000
vt 0.595000 0.860000
vt 0.600000 0.860000
vt 0.605000 0.860000
vt 0.610000 0.860000
vt 0.615000 0.860000
vt 0.620000 0.860000
vt 0.625000 0.860000
vt 0.375000 0.865000
vt 0.380000 0.865000
vt 0.385000 0.865000
vt 0.390000 0.865000
vt 0.395000 0.865000
vt 0.400000 0.865000
vt 0.405000 0.865000
vt 0.410000 0.865000
vt 0.415000 0.865000
vt 0.420000 0.865000
vt 0.425000 0.865000
vt 0.430000 0.865000
vt 0.435000 0.865000
vt 0.440000 0.865000
vt 0.445000 0.865000
vt 0.450000 0.865000
vt 0.455000 0.865000
vt 0.460000 0.865000
vt 0.465000 0.865000
vt 0.470000 0.865000
vt 0.475000 0.865000
vt 0.480000 0.865000
vt 0.485000 0.865000
vt 0.490000 0.865000
vt 0.495000 0.865000
vt 0.500000 0.865000
vt 0.505000 0.865000
vt 0.510000 0.865000
vt 0.515000 0.865000
vt 0.520000 0.865000
vt 0.525000 0.865000
vt 0.530000 0.865000
vt 0.535000 0.865000
vt 0.540000 0.865000
vt 0.545000 0.865000
vt 0.550000 0.865000
vt 0.555000 0.865000
vt 0.560000 0.865000
vt 0.565000 0.865000
vt 0.570000 0.865000
vt 0.575000 0.865000
vt 0.580000 0.865000
vt 0.585000 0.865000
vt 0.590000 0.865000
vt 0.595000 0.865000
vt 0.600000 0.865000
vt 0.605000 0.865000
vt 0.610000 0.865000
vt 0.615000 0.865000
vt 0.620000 0.865000
vt 0.625000 0.865000
vt 0.375000 0.870000
vt 0.380000 0.870000
vt 0.385000 0.870000
vt 0.390000 0.870000
vt 0.395000 0.870000
vt 0.400000 0.870000
vt 0.405000 0.870000
vt 0.410000 0.870000
vt 0.415000 0.870000
vt 0.420000 0.870000
vt 0.425000 0.870000
vt 0.430000 0.870000
vt 0.435000 0.870000
vt 0.440000 0.870000
vt 0.445000 0.870000
vt 0.450000 0.870000
vt 0.455000 0.870000
vt 0.460000 0.870000
vt 0.465000 0.870000
vt 0.470000 0.870000
vt 0.475000 0.870000
vt 0.480000 0.870000
vt 0.485000 0.870000
vt 0.490000 0.870000
vt 0.495000 0.870000
vt 0.500000 0.870000
vt 0.505000 0.870000
vt 0.510000 0.870000
vt 0.515000 0.870000
vt 0.520000 0.870000
vt 0.525000 0.870000
vt 0.530000 0.870000
vt 0.535000 0.870000
vt 0.540000 0.870000
vt 0.545000 0.870000
vt 0.550000 0.870000
vt 0.555000 0.870000
vt 0.560000 0.870000
vt 0.565000 0.870000
vt 0.570000 0.870000
vt 0.575000 0.870000
vt 0.580000 0.870000
vt 0.585000 0.870000
vt 0.590000 0.870000
vt 0.595000 0.870000
vt 0.600000 0.870000
vt 0.605000 0.870000
vt 0.610000 0.870000
vt 0.615000 0.870000
vt 0.620000 0.870000
vt 0.625000 0.870000
vt 0.375000 0.875000
vt 0.380000 0.875000
vt 0.385000 0.875000
vt 0.390000 0.875000
vt 0.395000 0.875000
vt 0.400000 0.875000
vt 0.405000 0.875000
vt 0.410000 0.875000
vt 0.415000 0.875000
vt 0.420000 0.875000
vt 0.425000 0.875000
vt 0.430000 0.875000
vt 0.435000 0.875000
vt 0.440000 0.875000
vt 0.445000 0.875000
vt 0.450000 0.875000
vt 0.455000 0.875000
vt 0.460000 0.875000
vt 0.465000 0.875000
vt 0.470000 0.875000
vt 0.475000 0.875000
vt 0.480000 0.875000
vt 0.485000 0.875000
vt 0.490000 0.875000
vt 0.495000 0.875000
vt 0.500000 0.875000
vt 0.505000 0.875000
vt 0.510000 0.875000
vt 0.515000 0.875000
vt 0.520000 0.875000
vt 0.525000 0.875000
vt 0.530000 0.875000
vt 0.535000 0.875000
vt 0.540000 0.875000
vt 0.545000 0.875000
vt 0.550000 0.875000
vt 0.555000 0.875000
vt 0.560000 0.875000
vt 0.565000 0.875000
vt 0.570000 0.875000
vt 0.575000 0.875000
vt 0.580000 0.875000
vt 0.585000 0.875000
vt 0.590000 0.875000
vt 0.595000 0.875000
vt 0.600000 0.875000
vt 0.605000 0.875000
vt 0.610000 0.875000
vt 0.615000 0.875000
vt 0.620000 0.875000
vt 0.625000 0.875000
vt 0.375000 0.880000
vt 0.380000 0.880000
vt 0.385000 0.880000
vt 0.390000 0.880000
vt 0.395000 0.880000
vt 0.400000 0.880000
vt 0.405000 0.880000
vt 0.410000 0.880000
vt 0.415000 0.880000
vt 0.420000 0.880000
vt 0.425000 0.880000
vt 0.430000 0.880000
vt 0.435000 0.880000
vt 0.440000 0.880000
vt 0.445000 0.880000
vt 0.450000 0.880000
vt 0.455000 0.880000
vt 0.460000 0.880000
vt 0.465000 0.880000
vt 0.470000 0.880000
vt 0.475000 0.880000
vt 0.480000 0.880000
vt 0.485000 0.880000
vt 0.490000 0.880000
vt 0.495000 0.880000
vt 0.500000 0.880000
vt 0.505000 0.880000
vt 0.510000 0.880000
vt 0.515000 0.880000
vt 0.520000 0.880000
vt 0.525000 0.880000
vt 0.530000 0.880000
vt 0.535000 0.880000
vt 0.540000 0.880000
vt 0.545000 0.880000
vt 0.550000 0.880000
vt 0.555000 0.880000
vt 0.560000 0.880000
vt 0.565000 0.880000
vt 0.570000 0.880000
vt 0.575000 0.880000
vt 0.580000 0.880000
vt 0.585000 0.880000
vt 0.590000 0.880000
vt 0.595000 0.880000
vt 0.600000 0.880000
vt 0.605000 0.880000
vt 0.610000 0.880000
vt 0.615000 0.880000
vt 0.620000 0.880000
vt 0.625000 0.880000
vt 0.375000 0.885000
vt 0.380000 0.885000
vt 0.385000 0.885000
vt 0.390000 0.885000
vt 0.395000 0.885000
vt 0.400000 0.885000
vt 0.405000 0.885000
vt 0.410000 0.885000
vt 0.415000 0.885000
vt 0.420000 0.885000
vt 0.425000 0.885000
vt 0.430000 0.885000
vt 0.435000 0.885000
vt 0.440000 0.885000
vt 0.445000 0.885000
vt 0.450000 0.885000
vt 0.455000 0.885000
vt 0.460000 0.885000
vt 0.465000 0.885000
vt 0.470000 0.885000
vt 0.475000 0.885000
vt 0.480000 0.885000
vt 0.485000 0.885000
vt 0.490000 0.885000
vt 0.495000 0.885000
vt 0.500000 0.885000
vt 0.505000 0.885000
vt 0.510000 0.885000
vt 0.515000 0.885000
vt 0.520000 0.885000
vt 0.525000 0.885000
vt 0.530000 0.885000
vt 0.535000 0.885000
vt 0.540000 0.885000
vt 0.545000 0.885000
vt 0.550000 0.885000
vt 0.555000 0.885000
vt 0.560000 0.885000
vt 0.565000 0.885000
vt 0.570000 0.885000
vt 0.575000 0.885000
vt 0.580000 0.885000
vt 0.585000 0.885000
vt 0.590000 0.885000
vt 0.595000 0.885000
vt 0.600000 0.885000
vt 0.605000 0.885000
vt 0.610000 0.885000
vt 0.615000 0.885000
vt 0.620000 0.885000
vt 0.625000 0.885000
vt 0.375000 0.890000
vt 0.380000 0.890000
vt 0.385000 0.890000
vt 0.390000 0.890000
vt 0.395000 0.890000
vt 0.400000 0.890000
vt 0.405000 0.890000
vt 0.410000 0.890000
vt 0.415000 0.890000
vt 0.420000 0.890000
vt 0.425000 0.890000
vt 0.430000 0.890000
vt 0.435000 0.890000
vt 0.440000 0.890000
vt 0.445000 0.890000
vt 0.450000 0.890000
vt 0.455000 0.890000
vt 0.460000 0.890000
vt 0.465000 0.890000
vt 0.470000 0.890000
vt 0.475000 0.890000
vt 0.480000 0.890000
vt 0.485000 0.890000
vt 0.490000 0.890000
vt 0.495000 0.890000
vt 0.500000 0.890000
vt 0.505000 0.890000
vt 0.510000 0.890000
vt 0.515000 0.890000
vt 0.520000 0.890000
vt 0.525000 0.890000
vt 0.530000 0.890000
vt 0.535000 0.890000
vt 0.540000 0.890000
vt 0.545000 0.890000
vt 0.550000 0.890000
vt 0.555000 0.890000
vt 0.560000 0.890000
vt 0.565000 0.890000
vt 0.570000 0.890000
vt 0.575000 0.890000
vt 0.580000 0.890000
vt 0.585000 0.890000
vt 0.590000 0.890000
vt 0.595000 0.890000
vt 0.600000 0.890000
vt 0.605000 0.890000
vt 0.610000 0.890000
vt 0.615000 0.890000
vt 0.620000 0.890000
vt 0.625000 0.890000
vt 0.375000 0.895000
vt 0.380000 0.895000
vt 0.385000 0.895000
vt 0.390000 0.895000
vt 0.395000 0.895000
vt 0.400000 0.895000
vt 0.405000 0.895000
vt 0.410000 0.895000
vt 0.415000 0.895000
vt 0.420000 0.895000
vt 0.425000 0.895000
vt 0.430000 0.895000
vt 0.435000 0.895000
vt 0.440000 0.895000
vt 0.445000 0.895000
vt 0.450000 0.895000
vt 0.455000 0.895000
vt 0.460000 0.895000
vt 0.465000 0.895000
vt 0.470000 0.895000
vt 0.475000 0.895000
vt 0.480000 0.895000
vt 0.485000 0.895000
vt 0.490000 0.895000
vt 0.495000 0.895000
vt 0.500000 0.895000
vt 0.505000 0.895000
vt 0.510000 0.895000
vt 0.515000 0.895000
vt 0.520000 0.895000
vt 0.525000 0.895000
vt 0.530000 0.895000
vt 0.535000 0.895000
vt 0.540000 0.895000
vt 0.545000 0.895000
vt 0.550000 0.895000
vt 0.555000 0.895000
vt 0.560000 0.895000
vt 0.565000 0.895000
vt 0.570000 0.895000
vt 0.575000 0.895000
vt 0.580000 0.895000
vt 0.585000 0.895000
vt 0.590000 0.895000
vt 0.595000 0.895000
vt 0.600000 0.895000
vt 0.605000 0.895000
vt 0.610000 0.895000
vt 0.615000 0.895000
vt 0.620000 0.895000
vt 0.625000 0.895000
vt 0.375000 0.900000
vt 0.380000 0.900000
vt 0.385000 0.900000
vt 0.390000 0.900000
vt 0.395000 0.900000
vt 0.400000 0.900000
vt 0.405000 0.900000
vt 0.410000 0.900000
vt 0.415000 0.900000
vt 0.420000 0.900000
vt 0.425000 0.900000
vt 0.430000 0.900000
vt 0.435000 0.900000
vt 0.440000 0.900000
vt 0.445000 0.900000
vt 0.450000 0.900000
vt 0.455000 0.900000
vt 0.460000 0.900000
vt 0.465000 0.900000
vt 0.470000 0.900000
vt 0.475000 0.900000
vt 0.480000 0.900000
vt 0.485000 0.900000
vt 0.490000 0.900000
vt 0.495000 0.900000
vt 0.500000 0.900000
vt 0.505000 0.900000
vt 0.510000 0.900000
vt 0.515000 0.900000
vt 0.520000 0.900000
vt 0.525000 0.900000
vt 0.530000 0.900000
vt 0.535000 0.900000
vt 0.540000 0.900000
vt 0.545000 0.900000
vt 0.550000 0.900000
vt 0.555000 0.900000
vt 0.560000 0.900000
vt 0.565000 0.900000
vt 0.570000 0.900000
vt 0.575000 0.900000
vt 0.580000 0.900000
vt 0.585000 0.900000
vt 0.590000 0.900000
vt 0.595000 0.900000
vt 0.600000 0.900000
vt 0.605000 0.900000
vt 0.610000 0.900000
vt 0.615000 0.900000
vt 0.620000 0.900000
vt 0.625000 0.900000
vt 0.375000 0.905000
vt 0.380000 0.905000
vt 0.385000 0.905000
vt 0.390000 0.905000
vt 0.395000 0.905000
vt 0.400000 0.905000
vt 0.405000 0.905000
vt 0.410000 0.905000
vt 0.415000 0.905000
vt 0.420000 0.905000
vt 0.425000 0.905000
vt 0.430000 0.905000
vt 0.435000 0.905000
vt 0.440000 0.905000
vt 0.445000 0.905000
vt 0.450000 0.905000
vt 0.455000 0.905000
vt 0.460000 0.905000
vt 0.465000 0.905000
vt 0.470000 0.905000
vt 0.475000 0.905000
vt 0.480000 0.905000
vt 0.485000 0.905000
vt 0.490000 0.905000
vt 0.495000 0.905000
vt 0.500000 0.905000
vt 0.505000 0.905000
vt 0.510000 0.905000
vt 0.515000 0.905000
vt 0.520000 0.905000
vt 0.525000 0.905000
vt 0.530000 0.905000
vt 0.535000 0.905000
vt 0.540000 0.905000
vt 0.545000 0.905000
vt 0.550000 0.905000
vt 0.555000 0.905000
vt 0.560000 0.905000
vt 0.565000 0.905000
vt 0.570000 0.905000
vt 0.575000 0.905000
vt 0.580000 0.905000
vt 0.585000 0.905000
vt 0.590000 0.905000
vt 0.595000 0.905000
vt 0.600000 0.905000
vt 0.605000 0.905000
vt 0.610000 0.905000
vt 0.615000 0.905000
vt 0.620000 0.905000
vt 0.625000 0.905000
vt 0.375000 0.910000
vt 0.380000 0.910000
vt 0.385000 0.910000
vt 0.390000 0.910000
vt 0.395000 0.910000
vt 0.400000 0.910000
vt 0.405000 0.910000
vt 0.410000 0.910000
vt 0.415000 0.910000
vt 0.420000 0.910000
vt 0.425000 0.910000
vt 0.430000 0.910000
vt 0.435000 0.910000
vt 0.440000 0.910000
vt 0.445000 0.910000
vt 0.450000 0.910000
vt 0.455000 0.910000
vt 0.460000 0.910000
vt 0.465000 0.910000
vt 0.470000 0.910000
vt 0.475000 0.910000
vt 0.480000 0.910000
vt 0.485000 0.910000
vt 0.490000 0.910000
vt 0.495000 0.910000
vt 0.500000 0.910000
vt 0.505000 0.910000
vt 0.510000 0.910000
vt 0.515000 0.910000
vt 0.520000 0.910000
vt 0.525000 0.910000
vt 0.530000 0.910000
vt 0.535000 0.910000
vt 0.540000 0.910000
vt 0.545000 0.910000
vt 0.550000 0.910000
vt 0.555000 0.910000
vt 0.560000 0.910000
vt 0.565000 0.910000
vt 0.570000 0.910000
vt 0.575000 0.910000
vt 0.580000 0.910000
vt 0.585000 0.910000
vt 0.590000 0.910000
vt 0.595000 0.910000
vt 0.600000 0.910000
vt 0.605000 0.910000
vt 0.610000 0.910000
vt 0.615000 0.910000
vt 0.620000 0.910000
vt 0.625000 0.910000
vt 0.375000 0.915000
vt 0.380000 0.915000
vt 0.385000 0.915000
vt 0.390000 0.915000
vt 0.395000 0.915000
vt 0.400000 0.915000
vt 0.405000 0.915000
vt 0.410000 0.915000
vt 0.415000 0.915000
vt 0.420000 0.915000
vt 0.425000 0.915000
vt 0.430000 0.915000
vt 0.435000 0.915000
vt 0.440000 0.915000
vt 0.445000 0.915000
vt 0.450000 0.915000
vt 0.455000 0.915000
vt 0.460000 0.915000
vt 0.465000 0.915000
vt 0.470000 0.915000
vt 0.475000 0.915000
vt 0.480000 0.915000
vt 0.485000 0.915000
vt 0.490000 0.915000
vt 0.495000 0.915000
vt 0.500000 0.915000
vt 0.505000 0.915000
vt 0.510000 0.915000
vt 0.515000 0.915000
vt 0.520000 0.915000
vt 0.525000 0.915000
vt 0.530000 0.915000
vt 0.535000 0.915000
vt 0.540000 0.915000
vt 0.545000 0.915000
vt 0.550000 0.915000
vt 0.555000 0.915000
vt 0.560000 0.915000
vt 0.565000 0.915000
vt 0.570000 0.915000
vt 0.575000 0.915000
vt 0.580000 0.915000
vt 0.585000 0.915000
vt 0.590000 0.915000
vt 0.595000 0.915000
vt 0.600000 0.915000
vt 0.605000 0.915000
vt 0.610000 0.915000
vt 0.615000 0.915000
vt 0.620000 0.915000
vt 0.625000 0.915000
vt 0.375000 0.920000
vt 0.380000 0.920000
vt 0.385000 0.920000
vt 0.390000 0.920000
vt 0.395000 0.920000
vt 0.400000 0.920000
vt 0.405000 0.920000
vt 0.410000 0.920000
vt 0.415000 0.920000
vt 0.420000 0.920000
vt 0.425000 0.920000
vt 0.430000 0.920000
vt 0.435000 0.920000
vt 0.440000 0.920000
vt 0.445000 0.920000
vt 0.450000 0.920000
vt 0.455000 0.920000
vt 0.460000 0.920000
vt 0.465000 0.920000
vt 0.470000 0.920000
vt 0.475000 0.920000
vt 0.480000 0.920000
vt 0.485000 0.920000
vt 0.490000 0.920000
vt 0.495000 0.920000
vt 0.500000 0.920000
vt 0.505000 0.920000
vt 0.510000 0.920000
vt 0.515000 0.920000
vt 0.520000 0.920000
vt 0.525000 0.920000
vt 0.530000 0.920000
vt 0.535000 0.920000
vt 0.540000 0.920000
vt 0.545000 0.920000
vt 0.550000 0.920000
vt 0.555000 0.920000
vt 0.560000 0.920000
vt 0.565000 0.920000
vt 0.570000 0.920000
vt 0.575000 0.920000
vt 0.580000 0.920000
vt 0.585000 0.920000
vt 0.590000 0.920000
vt 0.595000 0.920000
vt 0.600000 0.920000
vt 0.605000 0.920000
vt 0.610000 0.920000
vt 0.615000 0.920000
vt 0.620000 0.920000
vt 0.625000 0.920000
vt 0.375000 0.925000
vt 0.380000 0.925000
vt 0.385000 0.925000
vt 0.390000 0.925000
vt 0.395000 0.925000
vt 0.400000 0.925000
vt 0.405000 0.925000
vt 0.410000 0.925000
vt 0.415000 0.925000
vt 0.420000 0.925000
vt 0.425000 0.925000
vt 0.430000 0.925000
vt 0.435000 0.925000
vt 0.440000 0.925000
vt 0.445000 0.925000
vt 0.450000 0.925000
vt 0.455000 0.925000
vt 0.460000 0.925000
vt 0.465000 0.925000
vt 0.470000 0.925000
vt 0.475000 0.925000
vt 0.480000 0.925000
vt 0.485000 0.925000
vt 0.490000 0.925000
vt 0.495000 0.925000
vt 0.500000 0.925000
vt 0.505000 0.925000
vt 0.510000 0.925000
vt 0.515000 0.925000
vt 0.520000 0.925000
vt 0.525000 0.925000
vt 0.530000 0.925000
vt 0.535000 0.925000
vt 0.540000 0.925000
vt 0.545000 0.925000
vt 0.550000 0.925000
vt 0.555000 0.925000
vt 0.560000 0.925000
vt 0.565000 0.925000
vt 0.570000 0.925000
vt 0.575000 0.925000
vt 0.580000 0.925000
vt 0.585000 0.925000
vt 0.590000 0.925000
vt 0.595000 0.925000
vt 0.600000 0.925000
vt 0.605000 0.925000
vt 0.610000 0.925000
vt 0.615000 0.925000
vt 0.620000 0.925000
vt 0.625000 0.925000
vt 0.375000 0.930000
vt 0.380000 0.930000
vt 0.385000 0.930000
vt 0.390000 0.930000
vt 0.395000 0.930000
vt 0.400000 0.930000
vt 0.405000 0.930000
vt 0.410000 0.930000
vt 0.415000 0.930000
vt 0.420000 0.930000
vt 0.425000 0.930000
vt 0.430000 0.930000
vt 0.435000 0.930000
vt 0.440000 0.930000
vt 0.445000 0.930000
vt 0.450000 0.930000
vt 0.455000 0.930000
vt 0.460000 0.930000
vt 0.465000 0.930000
vt 0.470000 0.930000
vt 0.475000 0.930000
vt 0.480000 0.930000
vt 0.485000 0.930000
vt 0.490000 0.930000
vt 0.495000 0.930000
vt 0.500000 0.930000
vt 0.505000 0.930000
vt 0.510000 0.930000
vt 0.515000 0.930000
vt 0.520000 0.930000
vt 0.525000 0.930000
vt 0.530000 0.930000
vt 0.535000 0.930000
vt 0.540000 0.930000
vt 0.545000 0.930000
vt 0.550000 0.930000
vt 0.555000 0.930000
vt 0.560000 0.930000
vt 0.565000 0.930000
vt 0.570000 0.930000
vt 0.575000 0.930000
vt 0.580000 0.930000
vt 0.585000 0.930000
vt 0.590000 0.930000
vt 0.595000 0.930000
vt 0.600000 0.930000
vt 0.605000 0.930000
vt 0.610000 0.930000
vt 0.615000 0.930000
vt 0.620000 0.930000
vt 0.625000 0.930000
vt 0.375000 0.935000
vt 0.380000 0.935000
vt 0.385000 0.935000
vt 0.390000 0.935000
vt 0.395000 0.935000
vt 0.400000 0.935000
vt 0.405000 0.935000
vt 0.410000 0.935000
vt 0.415000 0.935000
vt 0.420000 0.935000
vt 0.425000 0.935000
vt 0.430000 0.935000
vt 0.435000 0.935000
vt 0.440000 0.935000
vt 0.445000 0.935000
vt 0.450000 0.935000
vt 0.455000 0.935000
vt 0.460000 0.935000
vt 0.465000 0.935000
vt 0.470000 0.935000
vt 0.475000 0.935000
vt 0.480000 0.935000
vt 0.485000 0.935000
vt 0.490000 0.935000
vt 0.495000 0.935000
vt 0.500000 0.935000
vt 0.505000 0.935000
vt 0.510000 0.935000
vt 0.515000 0.935000
vt 0.520000 0.935000
vt 0.525000 0.935000
vt 0.530000 0.935000
vt 0.535000 0.935000
vt 0.540000 0.935000
vt 0.545000 0.935000
vt 0.550000 0.935000
vt 0.555000 0.935000
vt 0.560000 0.935000
vt 0.565000 0.935000
vt 0.570000 0.935000
vt 0.575000 0.935000
vt 0.580000 0.935000
vt 0.585000 0.935000
vt 0.590000 0.935000
vt 0.595000 0.935000
vt 0.600000 0.935000
vt 0.605000 0.935000
vt 0.610000 0.935000
vt 0.615000 0.935000
vt 0.620000 0.935000
vt 0.625000 0.935000
vt 0.375000 0.940000
vt 0.380000 0.940000
vt 0.385000 0.940000
vt 0.390000 0.940000
vt 0.395000 0.940000
vt 0.400000 0.940000
vt 0.405000 0.940000
vt 0.410000 0.940000
vt 0.415000 0.940000
vt 0.420000 0.940000
vt 0.425000 0.940000
vt 0.430000 0.940000
vt 0.435000 0.940000
vt 0.440000 0.940000
vt 0.445000 0.940000
vt 0.450000 0.940000
vt 0.455000 0.940000
vt 0.460000 0.940000
vt 0.465000 0.940000
vt 0.470000 0.940000
vt 0.475000 0.940000
vt 0.480000 0.940000
vt 0.485000 0.940000
vt 0.490000 0.940000
vt 0.495000 0.940000
vt 0.500000 0.940000
vt 0.505000 0.940000
vt 0.510000 0.940000
vt 0.515000 0.940000
vt 0.520000 0.940000
vt 0.525000 0.940000
vt 0.530000 0.940000
vt 0.535000 0.940000
vt 0.540000 0.940000
vt 0.545000 0.940000
vt 0.550000 0.940000
vt 0.555000 0.940000
vt 0.560000 0.940000
vt 0.565000 0.940000
vt 0.570000 0.940000
vt 0.575000 0.940000
vt 0.580000 0.940000
vt 0.585000 0.940000
vt 0.590000 0.940000
vt 0.595000 0.940000
vt 0.600000 0.940000
vt 0.605000 0.940000
vt 0.610000 0.940000
vt 0.615000 0.940000
vt 0.620000 0.940000
vt 0.625000 0.940000
vt 0.375000 0.945000
vt 0.380000 0.945000
vt 0.385000 0.945000
vt 0.390000 0.945000
vt 0.395000 0.945000
vt 0.400000 0.945000
vt 0.405000 0.945000
vt 0.410000 0.945000
vt 0.415000 0.945000
vt 0.420000 0.945000
vt 0.425000 0.945000
vt 0.430000 0.945000
vt 0.435000 0.945000
vt 0.440000 0.945000
vt 0.445000 0.945000
vt 0.450000 0.945000
vt 0.455000 0.945000
vt 0.460000 0.945000
vt 0.465000 0.945000
vt 0.470000 0.945000
vt 0.475000 0.945000
vt 0.480000 0.945000
vt 0.485000 0.945000
vt 0.490000 0.945000
vt 0.495000 0.945000
vt 0.500000 0.945000
vt 0.505000 0.945000
vt 0.510000 0.945000
vt 0.515000 0.945000
vt 0.520000 0.945000
vt 0.525000 0.945000
vt 0.530000 0.945000
vt 0.535000 0.945000
vt 0.540000 0.945000
vt 0.545000 0.945000
vt 0.550000 0.945000
vt 0.555000 0.945000
vt 0.560000 0.945000
vt 0.565000 0.945000
vt 0.570000 0.945000
vt 0.575000 0.945000
vt 0.580000 0.945000
vt 0.585000 0.945000
vt 0.590000 0.945000
vt 0.595000 0.945000
vt 0.600000 0.945000
vt 0.605000 0.945000
vt 0.610000 0.945000
vt 0.615000 0.945000
vt 0.620000 0.945000
vt 0.625000 0.945000
vt 0.375000 0.950000
vt 0.380000 0.950000
vt 0.385000 0.950000
vt 0.390000 0.950000
vt 0.395000 0.950000
vt 0.400000 0.950000
vt 0.405000 0.950000
vt 0.410000 0.950000
vt 0.415000 0.950000
vt 0.420000 0.950000
vt 0.425000 0.950000
vt 0.430000 0.950000
vt 0.435000 0.950000
vt 0.440000 0.950000
vt 0.445000 0.950000
vt 0.450000 0.950000
vt 0.455000 0.950000
vt 0.460000 0.950000
vt 0.465000 0.950000
vt 0.470000 0.950000
vt 0.475000 0.950000
vt 0.480000 0.950000
vt 0.485000 0.950000
vt 0.490000 0.950000
vt 0.495000 0.950000
vt 0.500000 0.950000
vt 0.505000 0.950000
vt 0.510000 0.950000
vt 0.515000 0.950000
vt 0.520000 0.950000
vt 0.525000 0.950000
vt 0.530000 0.950000
vt 0.535000 0.950000
vt 0.540000 0.950000
vt 0.545000 0.950000
vt 0.550000 0.950000
vt 0.555000 0.950000
vt 0.560000 0.950000
vt 0.565000 0.950000
vt 0.570000 0.950000
vt 0.575000 0.950000
vt 0.580000 0.950000
vt 0.585000 0.950000
vt 0.590000 0.950000
vt 0.595000 0.950000
vt 0.600000 0.950000
vt 0.605000 0.950000
vt 0.610000 0.950000
vt 0.615000 0.950000
vt 0.620000 0.950000
vt 0.625000 0.950000
vt 0.375000 0.955000
vt 0.380000 0.955000
vt 0.385000 0.955000
vt 0.390000 0.955000
vt 0.395000 0.955000
vt 0.400000 0.955000
vt 0.405000 0.955000
vt 0.410000 0.955000
vt 0.415000 0.955000
vt 0.420000 0.955000
vt 0.425000 0.955000
vt 0.430000 0.955000
vt 0.435000 0.955000
vt 0.440000 0.955000
vt 0.445000 0.955000
vt 0.450000 0.955000
vt 0.455000 0.955000
vt 0.460000 0.955000
vt 0.465000 0.955000
vt 0.470000 0.955000
vt 0.475000 0.955000
vt 0.480000 0.955000
vt 0.485000 0.955000
vt 0.490000 0.955000
vt 0.495000 0.955000
vt 0.500000 0.955000
vt 0.505000 0.955000
vt 0.510000 0.955000
vt 0.515000 0.955000
vt 0.520000 0.955000
vt 0.525000 0.955000
vt 0.530000 0.955000
vt 0.535000 0.955000
vt 0.540000 0.955000
vt 0.545000 0.955000
vt 0.550000 0.955000
vt 0.555000 0.955000
vt 0.560000 0.955000
vt 0.565000 0.955000
vt 0.570000 0.955000
vt 0.575000 0.955000
vt 0.580000 0.955000
vt 0.585000 0.955000
vt 0.590000 0.955000
vt 0.595000 0.955000
vt 0.600000 0.955000
vt 0.605000 0.955000
vt 0.610000 0.955000
vt 0.615000 0.955000
vt 0.620000 0.955000
vt 0.625000 0.955000
vt 0.375000 0.960000
vt 0.380000 0.960000
vt 0.385000 0.960000
vt 0.390000 0.960000
vt 0.395000 0.960000
vt 0.400000 0.960000
vt 0.405000 0.960000
vt 0.410000 0.960000
vt 0.415000 0.960000
vt 0.420000 0.960000
vt 0.425000 0.960000
vt 0.430000 0.960000
vt 0.435000 0.960000
vt 0.440000 0.960000
vt 0.445000 0.960000
vt 0.450000 0.960000
vt 0.455000 0.960000
vt 0.460000 0.960000
vt 0.465000 0.960000
vt 0.470000 0.960000
vt 0.475000 0.960000
vt 0.480000 0.960000
vt 0.485000 0.960000
vt 0.490000 0.960000
vt 0.495000 0.960000
vt 0.500000 0.960000
vt 0.505000 0.960000
vt 0.510000 0.960000
vt 0.515000 0.960000
vt 0.520000 0.960000
vt 0.525000 0.960000
vt 0.530000 0.960000
vt 0.535000 0.960000
vt 0.540000 0.960000
vt 0.545000 0.960000
vt 0.550000 0.960000
vt 0.555000 0.960000
vt 0.560000 0.960000
vt 0.565000 0.960000
vt 0.570000 0.960000
vt 0.575000 0.960000
vt 0.580000 0.960000
vt 0.585000 0.960000
vt 0.590000 0.960000
vt 0.595000 0.960000
vt 0.600000 0.960000
vt 0.605000 0.960000
vt 0.610000 0.960000
vt 0.615000 0.960000
vt 0.620000 0.960000
vt 0.625000 0.960000
vt 0.375000 0.964999
vt 0.380000 0.964999
vt 0.385000 0.964999
vt 0.390000 0.964999
vt 0.395000 0.964999
vt 0.400000 0.964999
vt 0.405000 0.964999
vt 0.410000 0.964999
vt 0.415000 0.964999
vt 0.420000 0.964999
vt 0.425000 0.964999
vt 0.430000 0.964999
vt 0.435000 0.964999
vt 0.440000 0.964999
vt 0.445000 0.964999
vt 0.450000 0.964999
vt 0.455000 0.964999
vt 0.460000 0.964999
vt 0.465000 0.964999
vt 0.470000 0.964999
vt 0.475000 0.964999
vt 0.480000 0.964999
vt 0.485000 0.964999
vt 0.490000 0.964999
vt 0.495000 0.964999
vt 0.500000 0.964999
vt 0.505000 0.964999
vt 0.510000 0.964999
vt 0.515000 0.964999
vt 0.520000 0.964999
vt 0.525000 0.964999
vt 0.530000 0.964999
vt 0.535000 0.964999
vt 0.540000 0.964999
vt 0.545000 0.964999
vt 0.550000 0.964999
vt 0.555000 0.964999
vt 0.560000 0.964999
vt 0.565000 0.964999
vt 0.570000 0.964999
vt 0.575000 0.964999
vt 0.580000 0.964999
vt 0.585000 0.964999
vt 0.590000 0.964999
vt 0.595000 0.964999
vt 0.600000 0.964999
vt 0.605000 0.964999
vt 0.610000 0.964999
vt 0.615000 0.964999
vt 0.620000 0.964999
vt 0.625000 0.964999
vt 0.375000 0.969999
vt 0.380000 0.969999
vt 0.385000 0.969999
vt 0.390000 0.969999
vt 0.395000 0.969999
vt 0.400000 0.969999
vt 0.405000 0.969999
vt 0.410000 0.969999
vt 0.415000 0.969999
vt 0.420000 0.969999
vt 0.425000 0.969999
vt 0.430000 0.969999
vt 0.435000 0.969999
vt 0.440000 0.969999
vt 0.445000 0.969999
vt 0.450000 0.969999
vt 0.455000 0.969999
vt 0.460000 0.969999
vt 0.465000 0.969999
vt 0.470000 0.969999
vt 0.475000 0.969999
vt 0.480000 0.969999
vt 0.485000 0.969999
vt 0.490000 0.969999
vt 0.495000 0.969999
vt 0.500000 0.969999
vt 0.505000 0.969999
vt 0.510000 0.969999
vt 0.515000 0.969999
vt 0.520000 0.969999
vt 0.525000 0.969999
vt 0.530000 0.969999
vt 0.535000 0.969999
vt 0.540000 0.969999
vt 0.545000 0.969999
vt 0.550000 0.969999
vt 0.555000 0.969999
vt 0.560000 0.969999
vt 0.565000 0.969999
vt 0.570000 0.969999
vt 0.575000 0.969999
vt 0.580000 0.969999
vt 0.585000 0.969999
vt 0.590000 0.969999
vt 0.595000 0.969999
vt 0.600000 0.969999
vt 0.605000 0.969999
vt 0.610000 0.969999
vt 0.615000 0.969999
vt 0.620000 0.969999
vt 0.625000 0.969999
vt 0.375000 0.974999
vt 0.380000 0.974999
vt 0.385000 0.974999
vt 0.390000 0.974999
vt 0.395000 0.974999
vt 0.400000 0.974999
vt 0.405000 0.974999
vt 0.410000 0.974999
vt 0.415000 0.974999
vt 0.420000 0.974999
vt 0.425000 0.974999
vt 0.430000 0.974999
vt 0.435000 0.974999
vt 0.440000 0.974999
vt 0.445000 0.974999
vt 0.450000 0.974999
vt 0.455000 0.974999
vt 0.460000 0.974999
vt 0.465000 0.974999
vt 0.470000 0.974999
vt 0.475000 0.974999
vt 0.480000 0.974999
vt 0.485000 0.974999
vt 0.490000 0.974999
vt 0.495000 0.974999
vt 0.500000 0.974999
vt 0.505000 0.974999
vt 0.510000 0.974999
vt 0.515000 0.974999
vt 0.520000 0.974999
vt 0.525000 0.974999
vt 0.530000 0.974999
vt 0.535000 0.974999
vt 0.540000 0.974999
vt 0.545000 0.974999
vt 0.550000 0.974999
vt 0.555000 0.974999
vt 0.560000 0.974999
vt 0.565000 0.974999
vt 0.570000 0.974999
vt 0.575000 0.974999
vt 0.580000 0.974999
vt 0.585000 0.974999
vt 0.590000 0.974999
vt 0.595000 0.974999
vt 0.600000 0.974999
vt 0.605000 0.974999
vt 0.610000 0.974999
vt 0.615000 0.974999
vt 0.620000 0.974999
vt 0.625000 0.974999
vt 0.375000 0.979999
vt 0.380000 0.979999
vt 0.385000 0.979999
vt 0.390000 0.979999
vt 0.395000 0.979999
vt 0.400000 0.979999
vt 0.405000 0.979999
vt 0.410000 0.979999
vt 0.415000 0.979999
vt 0.420000 0.979999
vt 0.425000 0.979999
vt 0.430000 0.979999
vt 0.435000 0.979999
vt 0.440000 0.979999
vt 0.445000 0.979999
vt 0.450000 0.979999
vt 0.455000 0.979999
vt 0.460000 0.979999
vt 0.465000 0.979999
vt 0.470000 0.979999
vt 0.475000 0.979999
vt 0.480000 0.979999
vt 0.485000 0.979999
vt 0.490000 0.979999
vt 0.495000 0.979999
vt 0.500000 0.979999
vt 0.505000 0.979999
vt 0.510000 0.979999
vt 0.515000 0.979999
vt 0.520000 0.979999
vt 0.525000 0.979999
vt 0.530000 0.979999
vt 0.535000 0.979999
vt 0.540000 0.979999
vt 0.545000 0.979999
vt 0.550000 0.979999
vt 0.555000 0.979999
vt 0.560000 0.979999
vt 0.565000 0.979999
vt 0.570000 0.979999
vt 0.575000 0.979999
vt 0.580000 0.979999
vt 0.585000 0.979999
vt 0.590000 0.979999
vt 0.595000 0.979999
vt 0.600000 0.979999
vt 0.605000 0.979999
vt 0.610000 0.979999
vt 0.615000 0.979999
vt 0.620000 0.979999
vt 0.625000 0.979999
vt 0.375000 0.984999
vt 0.380000 0.984999
vt 0.385000 0.984999
vt 0.390000 0.984999
vt 0.395000 0.984999
vt 0.400000 0.984999
vt 0.405000 0.984999
vt 0.410000 0.984999
vt 0.415000 0.984999
vt 0.420000 0.984999
vt 0.425000 0.984999
vt 0.430000 0.984999
vt 0.435000 0.984999
vt 0.440000 0.984999
vt 0.445000 0.984999
vt 0.450000 0.984999
vt 0.455000 0.984999
vt 0.460000 0.984999
vt 0.465000 0.984999
vt 0.470000 0.984999
vt 0.475000 0.984999
vt 0.480000 0.984999
vt 0.485000 0.984999
vt 0.490000 0.984999
vt 0.495000 0.984999
vt 0.500000 0.984999
vt 0.505000 0.984999
vt 0.510000 0.984999
vt 0.515000 0.984999
vt 0.520000 0.984999
vt 0.525000 0.984999
vt 0.530000 0.984999
vt 0.535000 0.984999
vt 0.540000 0.984999
vt 0.545000 0.984999
vt 0.550000 0.984999
vt 0.555000 0.984999
vt 0.560000 0.984999
vt 0.565000 0.984999
vt 0.570000 0.984999
vt 0.575000 0.984999
vt 0.580000 0.984999
vt 0.585000 0.984999
vt 0.590000 0.984999
vt 0.595000 0.984999
vt 0.600000 0.984999
vt 0.605000 0.984999
vt 0.610000 0.984999
vt 0.615000 0.984999
vt 0.620000 0.984999
vt 0.625000 0.984999
vt 0.375000 0.989999
vt 0.380000 0.989999
vt 0.385000 0.989999
vt 0.390000 0.989999
vt 0.395000 0.989999
vt 0.400000 0.989999
vt 0.405000 0.989999
vt 0.410000 0.989999
vt 0.415000 0.989999
vt 0.420000 0.989999
vt 0.425000 0.989999
vt 0.430000 0.989999
vt 0.435000 0.989999
vt 0.440000 0.989999
vt 0.445000 0.989999
vt 0.450000 0.989999
vt 0.455000 0.989999
vt 0.460000 0.989999
vt 0.465000 0.989999
vt 0.470000 0.989999
vt 0.475000 0.989999
vt 0.480000 0.989999
vt 0.485000 0.989999
vt 0.490000 0.989999
vt 0.495000 0.989999
vt 0.500000 0.989999
vt 0.505000 0.989999
vt 0.510000 0.989999
vt 0.515000 0.989999
vt 0.520000 0.989999
vt 0.525000 0.989999
vt 0.530000 0.989999
vt 0.535000 0.989999
vt 0.540000 0.989999
vt 0.545000 0.989999
vt 0.550000 0.989999
vt 0.555000 0.989999
vt 0.560000 0.989999
vt 0.565000 0.989999
vt 0.570000 0.989999
vt 0.575000 0.989999
vt 0.580000 0.989999
vt 0.585000 0.989999
vt 0.590000 0.989999
vt 0.595000 0.989999
vt 0.600000 0.989999
vt 0.605000 0.989999
vt 0.610000 0.989999
vt 0.615000 0.989999
vt 0.620000 0.989999
vt 0.625000 0.989999
vt 0.375000 0.994999
vt 0.380000 0.994999
vt 0.385000 0.994999
vt 0.390000 0.994999
vt 0.395000 0.994999
vt 0.400000 0.994999
vt 0.405000 0.994999
vt 0.410000 0.994999
vt 0.415000 0.994999
vt 0.420000 0.994999
vt 0.425000 0.994999
vt 0.430000 0.994999
vt 0.435000 0.994999
vt 0.440000 0.994999
vt 0.445000 0.994999
vt 0.450000 0.994999
vt 0.455000 0.994999
vt 0.460000 0.994999
vt 0.465000 0.994999
vt 0.470000 0.994999
vt 0.475000 0.994999
vt 0.480000 0.994999
vt 0.485000 0.994999
vt 0.490000 0.994999
vt 0.495000 0.994999
vt 0.500000 0.994999
vt 0.505000 0.994999
vt 0.510000 0.994999
vt 0.515000 0.994999
vt 0.520000 0.994999
vt 0.525000 0.994999
vt 0.530000 0.994999
vt 0.535000 0.994999
vt 0.540000 0.994999
vt 0.545000 0.994999
vt 0.550000 0.994999
vt 0.555000 0.994999
vt 0.560000 0.994999
vt 0.565000 0.994999
vt 0.570000 0.994999
vt 0.575000 0.994999
vt 0.580000 0.994999
vt 0.585000 0.994999
vt 0.590000 0.994999
vt 0.595000 0.994999
vt 0.600000 0.994999
vt 0.605000 0.994999
vt 0.610000 0.994999
vt 0.615000 0.994999
vt 0.620000 0.994999
vt 0.625000 0.994999
vt 0.375000 0.999999
vt 0.380000 0.999999
vt 0.385000 0.999999
vt 0.390000 0.999999
vt 0.395000 0.999999
vt 0.400000 0.999999
vt 0.405000 0.999999
vt 0.410000 0.999999
vt 0.415000 0.999999
vt 0.420000 0.999999
vt 0.425000 0.999999
vt 0.430000 0.999999
vt 0.435000 0.999999
vt 0.440000 0.999999
vt 0.445000 0.999999
vt 0.450000 0.999999
vt 0.455000 0.999999
vt 0.460000 0.999999
vt 0.465000 0.999999
vt 0.470000 0.999999
vt 0.475000 0.999999
vt 0.480000 0.999999
vt 0.485000 0.999999
vt 0.490000 0.999999
vt 0.495000 0.999999
vt 0.500000 0.999999
vt 0.505000 0.999999
vt 0.510000 0.999999
vt 0.515000 0.999999
vt 0.520000 0.999999
vt 0.525000 0.999999
vt 0.530000 0.999999
vt 0.535000 0.999999
vt 0.540000 0.999999
vt 0.545000 0.999999
vt 0.550000 0.999999
vt 0.555000 0.999999
vt 0.560000 0.999999
vt 0.565000 0.999999
vt 0.570000 0.999999
vt 0.575000 0.999999
vt 0.580000 0.999999
vt 0.585000 0.999999
vt 0.590000 0.999999
vt 0.595000 0.999999
vt 0.600000 0.999999
vt 0.605000 0.999999
vt 0.610000 0.999999
vt 0.615000 0.999999
vt 0.620000 0.999999
vt 0.625000 0.999999
vt 0.875000 0.000000
vt 0.870000 0.000000
vt 0.865000 0.000000
vt 0.860000 0.000000
vt 0.855000 0.000000
vt 0.850000 0.000000
vt 0.845000 0.000000
vt 0.840000 0.000000
vt 0.835000 0.000000
vt 0.830000 0.000000
vt 0.825000 0.000000
vt 0.820000 0.000000
vt 0.815000 0.000000
vt 0.810000 0.000000
vt 0.805000 0.000000
vt 0.800000 0.000000
vt 0.795000 0.000000
vt 0.790000 0.000000
vt 0.785000 0.000000
vt 0.780000 0.000000
vt 0.775000 0.000000
vt 0.770000 0.000000
vt 0.765000 0.000000
vt 0.760000 0.000000
vt 0.755000 0.000000
vt 0.750000 0.000000
vt 0.745000 0.000000
vt 0.740000 0.000000
vt 0.735000 0.000000
vt 0.730000 0.000000
vt 0.725000 0.000000
vt 0.720000 0.000000
vt 0.715000 0.000000
vt 0.710000 0.000000
vt 0.705000 0.000000
vt 0.700000 0.000000
vt 0.695000 0.000000
vt 0.690000 0.000000
vt 0.685000 0.000000
vt 0.680000 0.000000
vt 0.675000 0.000000
vt 0.670000 0.000000
vt 0.665000 0.000000
vt 0.660000 0.000000
vt 0.655000 0.000000
vt 0.650000 0.000000
vt 0.645000 0.000000
vt 0.640000 0.000000
vt 0.635000 0.000000
vt 0.630000 0.000000
vt 0.875000 0.083333
vt 0.870000 0.083333
vt 0.865000 0.083333
vt 0.860000 0.083333
vt 0.855000 0.083333
vt 0.850000 0.083333
vt 0.845000 0.083333
vt 0.840000 0.083333
vt 0.835000 0.083333
vt 0.830000 0.083333
vt 0.825000 0.083333
vt 0.820000 0.083333
vt 0.815000 0.083333
vt 0.810000 0.083333
vt 0.805000 0.083333
vt 0.800000 0.083333
vt 0.795000 0.083333
vt 0.790000 0.083333
vt 0.785000 0.083333
vt 0.780000 0.083333
vt 0.775000 0.083333
vt 0.770000 0.083333
vt 0.765000 0.083333
vt 0.760000 0.083333
vt 0.755000 0.083333
vt 0.750000 0.083333
vt 0.745000 0.083333
vt 0.740000 0.083333
vt 0.735000 0.083333
vt 0.730000 0.083333
vt 0.725000 0.083333
vt 0.720000 0.083333
vt 0.715000 0.083333
vt 0.710000 0.083333
vt 0.705000 0.083333
vt 0.700000 0.083333
vt 0.695000 0.083333
vt 0.690000 0.083333
vt 0.685000 0.083333
vt 0.680000 0.083333
vt 0.675000 0.083333
vt 0.670000 0.083333
vt 0.665000 0.083333
vt 0.660000 0.083333
vt 0.655000 0.083333
vt 0.650000 0.083333
vt 0.645000 0.083333
vt 0.640000 0.083333
vt 0.635000 0.083333
vt 0.630000 0.083333
vt 0.875000 0.166667
vt 0.870000 0.166667
vt 0.865000 0.166667
vt 0.860000 0.166667
vt 0.855000 0.166667
vt 0.850000 0.166667
vt 0.845000 0.166667
vt 0.840000 0.166667
vt 0.835000 0.166667
vt 0.830000 0.166667
vt 0.825000 0.166667
vt 0.820000 0.166667
vt 0.815000 0.166667
vt 0.810000 0.166667
vt 0.805000 0.166667
vt 0.800000 0.166667
vt 0.795000 0.166667
vt 0.790000 0.166667
vt 0.785000 0.166667
vt 0.780000 0.166667
vt 0.775000 0.166667
vt 0.770000 0.166667
vt 0.765000 0.166667
vt 0.760000 0.166667
vt 0.755000 0.166667
vt 0.750000 0.166667
vt 0.745000 0.166667
vt 0.740000 0.166667
vt 0.735000 0.166667
vt 0.730000 0.166667
vt 0.725000 0.166667
vt 0.720000 0.166667
vt 0.715000 0.166667
vt 0.710000 0.166667
vt 0.705000 0.166667
vt 0.700000 0.166667
vt 0.695000 0.166667
vt 0.690000 0.166667
vt 0.685000 0.166667
vt 0.680000 0.166667
vt 0.675000 0.166667
vt 0.670000 0.166667
vt 0.665000 0.166667
vt 0.660000 0.166667
vt 0.655000 0.166667
vt 0.650000 0.166667
vt 0.645000 0.166667
vt 0.640000 0.166667
vt 0.635000 0.166667
vt 0.630000 0.166667
vt 0.875000 0.250000
vt 0.870000 0.250000
vt 0.865000 0.250000
vt 0.860000 0.250000
vt 0.855000 0.250000
vt 0.850000 0.250000
vt 0.845000 0.250000
vt 0.840000 0.250000
vt 0.835000 0.250000
vt 0.830000 0.250000
vt 0.825000 0.250000
vt 0.820000 0.250000
vt 0.815000 0.250000
vt 0.810000 0.250000
vt 0.805000 0.250000
vt 0.800000 0.250000
vt 0.795000 0.250000
vt 0.790000 0.250000
vt 0.785000 0.250000
vt 0.780000 0.250000
vt 0.775000 0.250000
vt 0.770000 0.250000
vt 0.765000 0.250000
vt 0.760000 0.250000
vt 0.755000 0.250000
vt 0.750000 0.250000
vt 0.745000 0.250000
vt 0.740000 0.250000
vt 0.735000 0.250000
vt 0.730000 0.250000
vt 0.725000 0.250000
vt 0.720000 0.250000
vt 0.715000 0.250000
vt 0.710000 0.250000
vt 0.705000 0.250000
vt 0.700000 0.250000
vt 0.695000 0.250000
vt 0.690000 0.250000
vt 0.685000 0.250000
vt 0.680000 0.250000
vt 0.675000 0.250000
vt 0.670000 0.250000
vt 0.665000 0.250000
vt 0.660000 0.250000
vt 0.655000 0.250000
vt 0.650000 0.250000
vt 0.645000 0.250000
vt 0.640000 0.250000
vt 0.635000 0.250000
vt 0.630000 0.250000
vt 0.125000 0.000000
vt 0.130000 0.000000
vt 0.135000 0.000000
vt 0.140000 0.000000
vt 0.145000 0.000000
vt 0.150000 0.000000
vt 0.155000 0.000000
vt 0.160000 0.000000
vt 0.165000 0.000000
vt 0.170000 0.000000
vt 0.175000 0.000000
vt 0.180000 0.000000
vt 0.185000 0.000000
vt 0.190000 0.000000
vt 0.195000 0.000000
vt 0.200000 0.000000
vt 0.205000 0.000000
vt 0.210000 0.000000
vt 0.215000 0.000000
vt 0.220000 0.000000
vt 0.225000 0.000000
vt 0.230000 0.000000
vt 0.235000 0.000000
vt 0.240000 0.000000
vt 0.245000 0.000000
vt 0.250000 0.000000
vt 0.255000 0.000000
vt 0.260000 0.000000
vt 0.265000 0.000000
vt 0.270000 0.000000
vt 0.275000 0.000000
vt 0.280000 0.000000
vt 0.285000 0.000000
vt 0.290000 0.000000
vt 0.295000 0.000000
vt 0.300000 0.000000
vt 0.305000 0.000000
vt 0.310000 0.000000
vt 0.315000 0.000000
vt 0.320000 0.000000
vt 0.325000 0.000000
vt 0.330000 0.000000
vt 0.335000 0.000000
vt 0.340000 0.000000
vt 0.345000 0.000000
vt 0.350000 0.000000
vt 0.355000 0.000000
vt 0.360000 0.000000
vt 0.365000 0.000000
vt 0.370000 0.000000
vt 0.125000 0.083333
vt 0.130000 0.083333
vt 0.135000 0.083333
vt 0.140000 0.083333
vt 0.145000 0.083333
vt 0.150000 0.083333
vt 0.155000 0.083333
vt 0.160000 0.083333
vt 0.165000 0.083333
vt 0.170000 0.083333
vt 0.175000 0.083333
vt 0.180000 0.083333
vt 0.185000 0.083333
vt 0.190000 0.083333
vt 0.195000 0.083333
vt 0.200000 0.083333
vt 0.205000 0.083333
vt 0.210000 0.083333
vt 0.215000 0.083333
vt 0.220000 0.083333
vt 0.225000 0.083333
vt 0.230000 0.083333
vt 0.235000 0.083333
vt 0.240000 0.083333
vt 0.245000 0.083333
vt 0.250000 0.083333
vt 0.255000 0.083333
vt 0.260000 0.083333
vt 0.265000 0.083333
vt 0.270000 0.083333
vt 0.275000 0.083333
vt 0.280000 0.083333
vt 0.285000 0.083333
vt 0.290000 0.083333
vt 0.295000 0.083333
vt 0.300000 0.083333
vt 0.305000 0.083333
vt 0.310000 0.083333
vt 0.315000 0.083333
vt 0.320000 0.083333
vt 0.325000 0.083333
vt 0.330000 0.083333
vt 0.335000 0.083333
vt 0.340000 0.083333
vt 0.345000 0.083333
vt 0.350000 0.083333
vt 0.355000 0.083333
vt 0.360000 0.083333
vt 0.365000 0.083333
vt 0.370000 0.083333
vt 0.125000 0.166667
vt 0.130000 0.166667
vt 0.135000 0.166667
vt 0.140000 0.166667
vt 0.145000 0.166667
vt 0.150000 0.166667
vt 0.155000 0.166667
vt 0.160000 0.166667
vt 0.165000 0.166667
vt 0.170000 0.166667
vt 0.175000 0.166667
vt 0.180000 0.166667
vt 0.185000 0.166667
vt 0.190000 0.166667
vt 0.195000 0.166667
vt 0.200000 0.166667
vt 0.205000 0.166667
vt 0.210000 0.166667
vt 0.215000 0.166667
vt 0.220000 0.166667
vt 0.225000 0.166667
vt 0.230000 0.166667
vt 0.235000 0.166667
vt 0.240000 0.166667
vt 0.245000 0.166667
vt 0.250000 0.166667
vt 0.255000 0.166667
vt 0.260000 0.166667
vt 0.265000 0.166667
vt 0.270000 0.166667
vt 0.275000 0.166667
vt 0.280000 0.166667
vt 0.285000 0.166667
vt 0.290000 0.166667
vt 0.295000 0.166667
vt 0.300000 0.166667
vt 0.305000 0.166667
vt 0.310000 0.166667
vt 0.315000 0.166667
vt 0.320000 0.166667
vt 0.325000 0.166667
vt 0.330000 0.166667
vt 0.335000 0.166667
vt 0.340000 0.166667
vt 0.345000 0.166667
vt 0.350000 0.166667
vt 0.355000 0.166667
vt 0.360000 0.166667
vt 0.365000 0.166667
vt 0.370000 0.166667
vt 0.125000 0.250000
vt 0.130000 0.250000
vt 0.135000 0.250000
vt 0.140000 0.250000
vt 0.145000 0.250000
vt 0.150000 0.250000
vt 0.155000 0.250000
vt 0.160000 0.250000
vt 0.165000 0.250000
vt 0.170000 0.250000
vt 0.175000 0.250000
vt 0.180000 0.250000
vt 0.185000 0.250000
vt 0.190000 0.250000
vt 0.195000 0.250000
vt 0.200000 0.250000
vt 0.205000 0.250000
vt 0.210000 0.250000
vt 0.215000 0.250000
vt 0.220000 0.250000
vt 0.225000 0.250000
vt 0.230000 0.250000
vt 0.235000 0.250000
vt 0.240000 0.250000
vt 0.245000 0.250000
vt 0.250000 0.250000
vt 0.255000 0.250000
vt 0.260000 0.250000
vt 0.265000 0.250000
vt 0.270000 0.250000
vt 0.275000 0.250000
vt 0.280000 0.250000
vt 0.285000 0.250000
vt 0.290000 0.250000
vt 0.295000 0.250000
vt 0.300000 0.250000
vt 0.305000 0.250000
vt 0.310000 0.250000
vt 0.315000 0.250000
vt 0.320000 0.250000
vt 0.325000 0.250000
vt 0.330000 0.250000
vt 0.335000 0.250000
vt 0.340000 0.250000
vt 0.345000 0.250000
vt 0.350000 0.250000
vt 0.355000 0.250000
vt 0.360000 0.250000
vt 0.365000 0.250000
vt 0.370000 0.250000
vn 0.677746 -0.558251 0.478556
vn 0.645598 -0.533587 0.546341
vn 0.618772 -0.541443 0.569175
vn 0.656059 -0.549055 0.517809
vn 0.637131 -0.490939 0.594174
vn 0.582143 -0.540536 0.607396
vn 0.680316 -0.453713 0.575600
vn 0.573746 -0.547249 0.609372
vn 0.681155 -0.449779 0.577690
vn 0.539215 -0.554603 0.633769
vn 0.649873 -0.476661 0.591996
vn 0.491208 -0.579770 0.650062
vn 0.631939 -0.488483 0.601695
vn 0.437512 -0.606236 0.664125
vn 0.607752 -0.510895 0.607967
vn 0.370016 -0.631454 0.681436
vn 0.543092 -0.560854 0.624895
vn 0.289704 -0.660036 0.693126
vn 0.485580 -0.597266 0.638345
vn 0.211580 -0.688170 0.694015
vn 0.475164 -0.607299 0.636716
vn 0.128551 -0.706643 0.695795
vn 0.457110 -0.622851 0.634907
vn 0.016133 -0.710526 0.703486
vn 0.367099 -0.663772 0.651648
vn -0.135609 -0.695942 0.705177
vn 0.195469 -0.701811 0.685021
vn -0.311056 -0.651452 0.691993
vn -0.033951 -0.701993 0.711374
vn -0.485602 -0.574094 0.659247
vn -0.294967 -0.643649 0.706194
vn -0.623884 -0.490057 0.608780
vn -0.483361 -0.548465 0.682311
vn -0.693137 -0.434564 0.575079
vn -0.453366 -0.517040 0.726036
vn -0.714630 -0.396970 0.575950
vn -0.203534 -0.519236 0.830041
vn -0.733113 -0.290269 0.615052
vn -0.175808 -0.644128 0.744440
vn -0.823382 -0.150471 0.547175
vn 0.485739 -0.083053 0.870149
vn -0.436899 0.187507 0.879750
vn -0.677928 0.221886 0.700843
vn -0.534278 0.407115 0.740813
vn -0.882734 -0.085200 0.462084
vn -0.904401 0.034992 0.425246
vn -0.818310 -0.110300 0.564095
vn -0.787194 0.135798 0.601568
vn -0.782481 0.086869 0.616585
vn -0.676398 0.395529 0.621323
vn -0.831749 0.282537 0.477877
vn -0.731584 0.554787 0.396227
vn -0.669491 0.541491 0.508497
vn -0.516656 0.735551 0.438214
vn -0.840196 0.456531 0.292661
vn -0.804638 0.534553 0.258478
vn -0.769377 0.633804 0.079700
vn -0.751740 0.659259 -0.016270
vn -0.481374 0.844247 -0.235640
vn -0.356263 0.929074 -0.099491
vn -0.283879 0.817654 -0.500853
vn -0.524121 0.828560 -0.196940
vn 0.543373 -0.196236 -0.816233
vn -0.230838 0.790168 -0.567757
vn 0.012094 -0.998151 0.059571
vn -0.282678 -0.953740 -0.102336
vn -0.489168 0.627616 0.605651
vn -0.600881 -0.177584 0.779362
vn 0.493053 -0.720514 -0.487605
vn -0.840811 0.336408 -0.424105
vn 0.322053 -0.887682 -0.329093
vn -0.482180 -0.795541 -0.366903
vn 0.050285 -0.993753 -0.099633
vn -0.490899 -0.859157 -0.144457
vn -0.351828 -0.838107 0.416886
vn -0.840936 -0.513627 0.170333
vn -0.482742 -0.803173 0.349104
vn -0.919731 -0.219036 0.325757
vn -0.376338 -0.659972 0.650236
vn -0.855261 0.141789 0.498422
vn -0.622528 -0.431849 0.652660
vn -0.709891 0.598333 0.371554
vn -0.891934 -0.416126 0.176897
vn -0.796334 0.365499 0.481936
vn -0.847739 -0.400116 0.348203
vn -0.713143 0.413476 0.566096
vn -0.801089 -0.478047 0.360177
vn -0.768365 0.379151 0.515615
vn -0.902796 -0.416837 -0.105862
vn -0.714848 0.265008 0.647119
vn -0.717935 -0.627512 -0.301328
vn -0.742340 -0.147610 0.653562
vn 0.176177 -0.736799 -0.652755
vn -0.357796 0.090948 0.929360
vn -0.169366 -0.304476 -0.937342
vn -0.521288 0.257540 0.813592
vn -0.615723 0.244386 0.749107
vn -0.694022 0.211738 0.688113
vn -0.819410 0.176331 0.545413
vn -0.869198 0.075279 0.488700
vn -0.963854 0.099702 0.247074
vn -0.957320 0.026895 0.287777
vn 0.514313 -0.573781 0.637384
vn 0.564553 -0.552438 0.613263
vn 0.423252 -0.626398 0.654586
vn 0.325977 -0.670394 0.666566
vn 0.214575 -0.687859 0.693403
vn 0.103163 -0.704838 0.701826
vn -0.022030 -0.717983 0.695712
vn -0.150875 -0.711831 0.685954
vn -0.268766 -0.693995 0.667933
vn -0.392512 -0.666740 0.633555
vn -0.537303 -0.607476 0.585045
vn -0.679979 -0.509513 0.527281
vn -0.792011 -0.395785 0.464836
vn -0.866077 -0.289519 0.407540
vn -0.905526 -0.214708 0.365954
vn -0.924435 -0.178753 0.336848
vn -0.949304 -0.112531 0.293529
vn -0.981699 0.065342 0.178881
vn -0.953966 0.299754 0.009825
vn -0.925075 0.375937 -0.053932
vn -0.731074 0.555929 0.395567
vn -0.660020 0.425121 0.619391
vn -0.827482 0.362654 0.428666
vn -0.565764 0.604802 0.560469
vn -0.441196 0.717300 0.539283
vn -0.454666 0.819949 0.347796
vn -0.142841 0.930801 0.336460
vn -0.855440 0.420610 0.302175
vn -0.589989 0.798493 0.119670
vn -0.166941 0.945699 0.278896
vn -0.813466 -0.154164 0.560808
vn -0.622890 -0.750078 0.222239
vn -0.710770 -0.178524 -0.680393
vn -0.943788 -0.330137 -0.016557
vn -0.985565 0.082806 0.147663
vn -0.981131 0.085618 0.173354
vn -0.988486 0.150871 0.011553
vn -0.855142 0.397861 -0.332324
vn -0.555717 0.816234 0.157928
vn -0.285348 0.943106 -0.170669
vn -0.101742 0.985136 -0.138402
vn 0.141169 0.940699 0.308474
vn 0.040796 0.957110 0.286840
vn -0.194865 0.959622 0.202863
vn -0.297336 0.750937 0.589647
vn -0.080245 0.477191 0.875128
vn -0.161412 0.381598 0.910126
vn -0.583916 0.367573 0.723831
vn -0.820601 0.163728 0.547546
vn -0.908185 0.010130 0.418447
vn -0.916149 -0.010116 0.400709
vn 0.435577 -0.595218 0.675268
vn 0.494000 -0.562308 0.663154
vn 0.317643 -0.657136 0.683576
vn 0.188322 -0.699921 0.688945
vn 0.043051 -0.715120 0.697675
vn -0.108233 -0.716903 0.688721
vn -0.259041 -0.703966 0.661309
vn -0.396469 -0.673178 0.624214
vn -0.524678 -0.625888 0.577042
vn -0.654347 -0.551245 0.517647
vn -0.774393 -0.444281 0.450478
vn -0.865250 -0.324297 0.382327
vn -0.922203 -0.215395 0.321165
vn -0.950877 -0.135065 0.278549
vn -0.957880 -0.108160 0.266020
vn -0.963928 -0.094972 0.248641
vn -0.986182 0.050565 0.157759
vn -0.937134 0.347827 -0.028217
vn -0.827601 0.531025 -0.181903
vn -0.862258 0.457505 -0.217256
vn -0.847980 0.483770 0.216557
vn -0.707632 0.415138 0.571768
vn -0.688181 0.560895 0.460220
vn -0.380697 0.794611 0.472930
vn -0.399442 0.749336 0.528149
vn -0.351467 0.841969 0.409340
vn 0.047607 0.941907 0.332483
vn -0.837226 0.047477 0.544792
vn -0.662399 0.658732 0.356790
vn -0.018111 0.855936 0.516765
vn -0.712306 -0.362096 0.601255
vn -0.434457 -0.801030 0.411824
vn -0.193165 -0.555488 -0.808777
vn -0.914898 -0.350836 -0.199688
vn -0.954405 0.070541 0.290061
vn -0.821625 0.227859 0.522507
vn -0.905576 0.416546 0.080128
vn -0.591879 0.638278 -0.492220
vn -0.139562 0.973508 0.181119
vn 0.067822 0.962577 -0.262385
vn 0.115524 0.941690 -0.316029
vn 0.328641 0.927386 0.178747
vn 0.106961 0.967794 0.227890
vn -0.281736 0.948509 0.144759
vn -0.202635 0.912970 0.354155
vn 0.346231 0.599637 0.721498
vn 0.198511 0.484060 0.852220
vn -0.702612 0.506747 0.499543
vn -0.877553 0.229455 0.421012
vn -0.914251 0.146315 0.377804
vn -0.901366 0.137288 0.410721
vn -0.696064 -0.710506 0.103329
vn -0.701792 -0.688791 0.181808
vn -0.730226 -0.674977 0.105721
vn -0.684389 -0.728743 -0.023344
vn -0.740986 -0.622909 0.250847
vn -0.801818 -0.552793 0.226953
vn -0.828946 -0.519156 0.208147
vn -0.882928 -0.426678 0.195918
vn -0.913928 -0.389061 0.115613
vn -0.944317 -0.307006 0.118373
vn -0.959030 -0.283285 0.003387
vn -0.969638 -0.243587 0.021624
vn -0.973491 -0.217640 -0.070343
vn -0.975532 -0.215975 -0.041130
vn -0.981106 -0.169453 -0.093366
vn -0.981747 -0.181287 -0.057518
vn -0.989755 -0.112131 -0.088386
vn -0.992209 -0.113552 -0.051260
vn -0.996280 -0.029534 -0.080952
vn -0.998783 -0.009162 -0.048461
vn -0.993612 0.066153 -0.091431
vn -0.992775 0.098914 -0.067931
vn -0.982200 0.146251 -0.117870
vn -0.979505 0.172520 -0.103956
vn -0.970343 0.195664 -0.141954
vn -0.971152 0.198308 -0.132430
vn -0.966837 0.204093 -0.153534
vn -0.972721 0.184380 -0.140777
vn -0.968148 0.193498 -0.158897
vn -0.965985 0.216049 -0.142113
vn -0.930720 0.325324 -0.167104
vn -0.890411 0.431556 -0.144664
vn -0.764198 0.602901 -0.229155
vn -0.695209 0.695176 -0.182798
vn -0.566042 0.749370 -0.343572
vn -0.584818 0.760590 -0.281942
vn -0.574676 0.673298 -0.465207
vn -0.673383 0.619740 -0.403086
vn -0.687219 0.487408 -0.538668
vn -0.762763 0.447656 -0.466686
vn -0.603604 0.720846 -0.340652
vn -0.585699 0.757708 -0.287810
vn -0.112109 0.993694 0.001861
vn 0.023463 0.998332 0.052747
vn 0.229872 0.972699 0.031852
vn 0.245283 0.968566 0.041428
vn -0.039043 0.994947 -0.092495
vn -0.193538 0.968957 -0.153837
vn -0.266634 0.961759 0.062653
vn -0.200684 0.978656 -0.044241
vn 0.120266 0.966433 0.227031
vn 0.292731 0.952396 0.085149
vn 0.935209 0.243624 0.256968
vn 0.629245 0.684049 -0.368955
vn -0.972151 -0.090613 -0.216128
vn -0.958668 -0.134850 -0.250541
vn -0.554191 0.819985 0.143170
vn -0.545322 0.824834 0.149240
vn -0.515614 0.856748 0.011186
vn -0.608125 0.792870 -0.039248
vn -0.892606 0.447868 -0.051667
vn -0.836975 0.504974 -0.210888
vn 0.426928 0.804922 0.412108
vn -0.413709 0.851406 0.322416
vn -0.215052 0.506896 -0.834751
vn 0.131061 0.981232 -0.141444
vn -0.619048 0.580585 -0.528866
vn -0.541951 0.658567 -0.522091
vn -0.295376 0.954071 0.050019
vn -0.241051 0.968318 0.065225
vn 0.243416 0.815475 0.525118
vn 0.302148 0.702320 0.644556
vn -0.468621 0.863441 -0.186722
vn 0.281103 0.910559 0.303089
vn -0.130085 0.990215 0.050520
vn 0.038048 0.998924 -0.026506
vn 0.399567 0.862680 0.310048
vn 0.474488 0.819757 0.320719
vn 0.231271 0.947844 -0.219328
vn 0.254585 0.948275 -0.189633
vn 0.071808 0.931002 -0.357880
vn 0.084378 0.913347 -0.398343
vn 0.198703 0.975268 0.096793
vn 0.182665 0.982802 -0.027089
vn -0.066706 0.996400 0.052311
vn -0.120987 0.990589 -0.063993
vn -0.261322 0.965201 -0.009900
vn -0.280354 0.959127 -0.038441
vn 0.034945 0.926676 0.374232
vn 0.122871 0.904277 0.408883
vn 0.440275 0.537477 0.719220
vn 0.484680 0.555912 0.675312
vn 0.478947 0.740057 0.472151
vn 0.367441 0.814023 0.449838
vn 0.239801 0.959055 -0.150698
vn 0.129528 0.991295 -0.023617
vn 0.275831 0.929394 -0.245244
vn 0.124510 0.975910 -0.179158
vn 0.155135 0.931629 -0.328633
vn 0.024179 0.950008 -0.311289
vn 0.054854 0.928207 -0.367998
vn -0.042568 0.928414 -0.369102
vn -0.775694 -0.629598 -0.043660
vn -0.623361 -0.736797 -0.261824
vn -0.897721 -0.403740 0.176329
vn -0.950321 -0.257327 0.175134
vn -0.976094 -0.179446 0.122638
vn -0.980733 -0.189552 0.047247
vn -0.977719 -0.209906 -0.002121
vn -0.984902 -0.172634 -0.012854
vn -0.997813 -0.065215 -0.010806
vn -0.996502 0.081085 -0.020206
vn -0.978633 0.197581 -0.056916
vn -0.965560 0.236342 -0.108797
vn -0.968734 0.202325 -0.143591
vn -0.971565 0.184441 -0.148468
vn -0.929084 0.342940 -0.138543
vn -0.747179 0.654309 -0.116634
vn -0.567496 0.812630 -0.132595
vn -0.623735 0.748459 -0.225308
vn -0.788544 0.509246 -0.344769
vn -0.813171 0.437905 -0.383395
vn -0.439393 0.879864 -0.181034
vn 0.289448 0.946246 0.144353
vn 0.177448 0.983329 0.039709
vn -0.448627 0.872219 -0.194852
vn -0.010266 0.999647 -0.024521
vn 0.472024 0.878961 0.067980
vn -0.432316 0.697156 -0.571905
vn -0.942903 0.231241 -0.239712
vn -0.466495 0.865905 0.180526
vn -0.651403 0.754946 -0.075694
vn -0.665386 0.687629 -0.290565
vn -0.094404 0.953958 0.284695
vn -0.266904 0.960387 -0.080123
vn -0.475487 0.748142 -0.462812
vn -0.065154 0.982401 0.175050
vn 0.555716 0.357250 0.750701
vn 0.568476 0.767509 0.296250
vn 0.314973 0.948896 -0.019737
vn 0.547424 0.783137 0.294997
vn 0.252079 0.954885 -0.157004
vn 0.043840 0.913581 -0.404286
vn -0.037047 0.974176 -0.222728
vn -0.362926 0.911703 -0.192566
vn -0.299281 0.954146 -0.006059
vn 0.246201 0.833612 0.494446
vn 0.418561 0.608533 0.674162
vn 0.137403 0.840758 0.523685
vn -0.062247 0.978638 0.195943
vn -0.069209 0.996749 -0.041241
vn -0.095239 0.960248 -0.262401
vn -0.101568 0.933689 -0.343379
vn -0.797116 -0.580132 -0.167491
vn -0.547282 -0.726103 -0.416241
vn -0.949481 -0.284944 0.131499
vn -0.973758 -0.145435 0.175052
vn -0.985478 -0.111233 0.128299
vn -0.986154 -0.158507 0.048734
vn -0.984235 -0.176856 -0.002063
vn -0.995284 -0.096236 -0.012191
vn -0.998021 0.061304 -0.013967
vn -0.974190 0.223592 -0.030998
vn -0.948753 0.306653 -0.076367
vn -0.951039 0.277384 -0.136321
vn -0.962621 0.203947 -0.178232
vn -0.945818 0.269832 -0.180607
vn -0.819445 0.555984 -0.139254
vn -0.586261 0.805146 -0.089654
vn -0.532411 0.837752 -0.121284
vn -0.682530 0.692753 -0.232909
vn -0.821546 0.443995 -0.357675
vn -0.752607 0.552757 -0.357830
vn -0.122164 0.992005 -0.031655
vn 0.435948 0.877600 0.199416
vn -0.003638 0.995398 -0.095757
vn -0.522388 0.805106 -0.280918
vn 0.336678 0.934253 0.117553
vn 0.374652 0.857058 0.353677
vn -0.813045 0.563555 -0.146164
vn -0.876900 0.456124 -0.151651
vn -0.486011 0.851568 0.196535
vn -0.616571 0.787265 0.007335
vn -0.420570 0.902100 -0.096630
vn 0.004546 0.977607 0.210388
vn -0.372505 0.896320 -0.240522
vn -0.427032 0.818451 -0.384425
vn 0.330004 0.858298 0.392966
vn 0.766432 0.039048 0.641138
vn 0.751049 0.635107 0.180458
vn 0.405920 0.913818 -0.012871
vn 0.495864 0.846671 0.193046
vn 0.048303 0.988467 -0.143525
vn -0.309678 0.902450 -0.299472
vn -0.545238 0.812178 -0.207562
vn -0.564958 0.815813 -0.123577
vn -0.147889 0.980435 0.129907
vn 0.373304 0.785901 0.492954
vn 0.404704 0.699674 0.588787
vn 0.158097 0.891714 0.424089
vn -0.019438 0.974328 0.224294
vn -0.100255 0.993894 0.046088
vn -0.113346 0.980777 -0.158837
vn -0.084411 0.967508 -0.238334
vn -0.788852 -0.553542 -0.267028
vn -0.508820 -0.704658 -0.494530
vn -0.969599 -0.228813 0.086738
vn -0.979734 -0.073125 0.186479
vn -0.989732 -0.054827 0.132005
vn -0.993475 -0.109399 0.032232
vn -0.995015 -0.096556 -0.024923
vn -0.998949 0.033620 -0.031166
vn -0.976573 0.213495 -0.026936
vn -0.937763 0.344841 -0.041051
vn -0.929892 0.357980 -0.084566
vn -0.952202 0.268377 -0.145894
vn -0.954890 0.229860 -0.188014
vn -0.895002 0.412140 -0.170625
vn -0.703266 0.706081 -0.082864
vn -0.534456 0.844793 -0.026089
vn -0.580846 0.809247 -0.087960
vn -0.755739 0.614463 -0.226480
vn -0.837535 0.430060 -0.337021
vn -0.617334 0.739617 -0.268079
vn 0.209994 0.966054 0.150471
vn 0.462452 0.859655 0.217097
vn -0.227687 0.946654 -0.228045
vn -0.574720 0.747571 -0.332918
vn 0.463023 0.858906 0.218837
vn 0.457530 0.792390 0.403466
vn -0.758825 0.608879 -0.231194
vn -0.651421 0.728171 -0.213112
vn -0.334872 0.942058 -0.019665
vn -0.183112 0.974340 -0.130889
vn 0.127891 0.980474 -0.149378
vn 0.085891 0.995624 -0.036806
vn -0.414924 0.834709 -0.362075
vn -0.183272 0.960338 -0.210146
vn 0.700303 0.385758 0.600639
vn 0.815982 -0.153553 0.557310
vn 0.667809 0.723050 0.176720
vn 0.336740 0.940603 0.043268
vn 0.206772 0.974829 0.083387
vn -0.431966 0.886881 -0.163853
vn -0.725756 0.670893 -0.152252
vn -0.728812 0.678653 -0.090908
vn -0.389508 0.920969 -0.009993
vn 0.183617 0.963480 0.194913
vn 0.475955 0.774916 0.415900
vn 0.409854 0.779795 0.473222
vn 0.113930 0.934272 0.337870
vn -0.160101 0.961228 0.224520
vn -0.270496 0.948356 0.165687
vn -0.183916 0.980834 0.064347
vn -0.077986 0.996953 0.001632
vn -0.758248 -0.546952 -0.354829
vn -0.491156 -0.674678 -0.550976
vn -0.978065 -0.206062 0.030455
vn -0.983244 0.006020 0.182196
vn -0.992607 0.023130 0.119152
vn -0.999637 -0.026613 0.004182
vn -0.998282 0.023498 -0.053664
vn -0.982120 0.180422 -0.053744
vn -0.939060 0.341474 -0.039521
vn -0.912407 0.406480 -0.047824
vn -0.933865 0.346729 -0.087612
vn -0.957418 0.252106 -0.140690
vn -0.937004 0.307773 -0.165227
vn -0.824963 0.552382 -0.119623
vn -0.633544 0.773376 -0.022607
vn -0.531716 0.846687 0.019973
vn -0.628054 0.775015 -0.070000
vn -0.815433 0.530122 -0.232464
vn -0.818101 0.496410 -0.290325
vn -0.348475 0.931899 -0.100650
vn 0.449460 0.854208 0.261368
vn 0.420510 0.890722 0.172585
vn -0.444705 0.837609 -0.317253
vn -0.632613 0.705423 -0.319654
vn 0.348222 0.858913 0.375513
vn 0.442162 0.878092 0.182886
vn -0.479447 0.723772 -0.496271
vn -0.208804 0.870152 -0.446358
vn 0.131182 0.939580 -0.316196
vn 0.322677 0.898646 -0.297179
vn 0.263552 0.922694 -0.281381
vn -0.181303 0.938897 -0.292579
vn -0.416068 0.844428 -0.337384
vn 0.200185 0.973795 0.107935
vn 0.729011 -0.094150 0.677996
vn 0.774873 -0.147932 0.614563
vn 0.473100 0.857780 0.200975
vn 0.083074 0.988830 0.123753
vn -0.345806 0.934635 0.082923
vn -0.807075 0.569412 -0.156205
vn -0.807445 0.581589 -0.098932
vn -0.507284 0.861312 -0.028370
vn 0.075984 0.995762 0.051803
vn 0.464839 0.874702 0.137189
vn 0.538124 0.798809 0.268937
vn 0.308535 0.887643 0.341901
vn -0.072124 0.965169 0.251490
vn -0.260936 0.948049 0.181977
vn -0.195804 0.960283 0.198788
vn 0.029231 0.979754 0.198061
vn 0.147778 0.974186 0.170657
vn -0.713200 -0.564007 -0.416223
vn -0.440506 -0.675806 -0.590966
vn -0.984935 -0.171975 -0.018089
vn -0.981281 0.114524 0.154829
vn -0.988871 0.126789 0.077836
vn -0.995606 0.086289 -0.036382
vn -0.983702 0.159385 -0.083230
vn -0.948693 0.307667 -0.072961
vn -0.909401 0.412773 -0.051073
vn -0.913888 0.402317 -0.054319
vn -0.946431 0.310250 -0.089515
vn -0.950434 0.282587 -0.129690
vn -0.889061 0.438168 -0.132585
vn -0.737338 0.670572 -0.081639
vn -0.577685 0.816212 -0.008845
vn -0.510918 0.859422 0.018886
vn -0.669819 0.736051 -0.097832
vn -0.844545 0.471503 -0.253828
vn -0.719285 0.658962 -0.219996
vn -0.002257 0.996875 0.078963
vn 0.567345 0.762072 0.312035
vn 0.315072 0.943143 0.105881
vn -0.616618 0.670622 -0.412370
vn -0.574205 0.741484 -0.347118
vn 0.467579 0.805309 0.364482
vn 0.568607 0.821570 0.041331
vn -0.154591 0.736426 -0.658618
vn 0.038182 0.826130 -0.562185
vn 0.201656 0.927223 -0.315584
vn 0.096663 0.975591 -0.197178
vn -0.229670 0.952400 -0.200465
vn -0.443918 0.850393 -0.282432
vn -0.242145 0.933700 -0.263761
vn 0.531699 0.768943 0.354997
vn 0.634385 -0.304409 0.710557
vn 0.727029 0.010318 0.686529
vn 0.248829 0.962486 0.108192
vn -0.229020 0.972964 0.029845
vn -0.722937 0.688158 -0.061644
vn -0.853185 0.501824 -0.142293
vn -0.613826 0.788756 -0.032873
vn -0.029424 0.997434 0.065266
vn 0.434137 0.896608 0.087285
vn 0.544048 0.833441 0.096886
vn 0.420602 0.892955 0.160390
vn 0.126147 0.976372 0.175456
vn -0.116447 0.985351 0.124596
vn -0.143664 0.982098 0.121834
vn -0.004682 0.976829 0.213971
vn 0.147215 0.946230 0.288057
vn 0.195757 0.940011 0.279389
vn -0.670107 -0.593896 -0.445246
vn -0.336924 -0.715905 -0.611525
vn -0.994734 -0.097479 -0.031654
vn -0.962892 0.238549 0.126223
vn -0.971837 0.234010 0.027781
vn -0.976762 0.200289 -0.076296
vn -0.956926 0.271136 -0.103817
vn -0.918696 0.386959 -0.079121
vn -0.903565 0.423796 -0.062980
vn -0.929763 0.361457 -0.069932
vn -0.946261 0.309616 -0.093422
vn -0.914246 0.386972 -0.120026
vn -0.804468 0.584158 -0.107662
vn -0.650238 0.757159 -0.062459
vn -0.514989 0.857076 -0.014363
vn -0.496942 0.867700 -0.012070
vn -0.734804 0.658077 -0.164310
vn -0.836509 0.480720 -0.262983
vn -0.516051 0.850800 -0.099146
vn 0.262564 0.938524 0.224128
vn 0.611821 0.720653 0.326088
vn 0.042476 0.998181 -0.042782
vn -0.700383 0.557059 -0.446261
vn -0.389171 0.861209 -0.326902
vn 0.610321 0.736477 0.291736
vn 0.514035 0.857677 -0.012550
vn -0.092157 0.796273 -0.597876
vn -0.074632 0.824124 -0.561472
vn 0.029859 0.953765 -0.299065
vn -0.033688 0.967829 -0.249345
vn -0.116684 0.923598 -0.365173
vn -0.141258 0.861908 -0.486990
vn 0.123771 0.947547 -0.294678
vn 0.723321 0.524082 0.449606
vn 0.608430 -0.370129 0.702009
vn 0.722200 0.359481 0.590931
vn 0.014086 0.993614 -0.111952
vn -0.513815 0.834188 -0.200311
vn -0.802931 0.551859 -0.225284
vn -0.693263 0.706750 -0.141037
vn -0.156516 0.986321 0.051714
vn 0.330981 0.933821 0.135756
vn 0.412613 0.896021 0.164000
vn 0.215920 0.950990 0.221353
vn -0.063607 0.959919 0.272963
vn -0.287021 0.924643 0.250309
vn -0.349707 0.908054 0.230529
vn -0.253399 0.931263 0.261799
vn -0.066743 0.933561 0.352149
vn 0.080937 0.911956 0.402225
vn 0.112711 0.915408 0.386425
vn -0.643942 -0.608365 -0.463929
vn -0.189312 -0.752608 -0.630668
vn -0.999818 0.018336 -0.005261
vn -0.930554 0.346133 0.119421
vn -0.946939 0.321371 0.005317
vn -0.953314 0.286505 -0.095428
vn -0.935444 0.335508 -0.111263
vn -0.905904 0.417042 -0.073576
vn -0.911601 0.404066 -0.075587
vn -0.933230 0.344925 -0.100537
vn -0.918442 0.379932 -0.110078
vn -0.846153 0.522049 -0.107186
vn -0.720305 0.689238 -0.078171
vn -0.589774 0.806757 -0.036196
vn -0.475704 0.879553 0.009614
vn -0.540712 0.840536 -0.033594
vn -0.794603 0.562482 -0.228518
vn -0.770692 0.586781 -0.248439
vn -0.233993 0.971943 0.023975
vn 0.432147 0.848679 0.304946
vn 0.581017 0.728137 0.363642
vn -0.183609 0.982854 -0.016922
vn -0.721991 0.571315 -0.390292
vn -0.099044 0.991360 -0.086001
vn 0.602241 0.712811 0.359452
vn 0.334874 0.941625 0.034662
vn -0.154375 0.871075 -0.466259
vn -0.108899 0.829052 -0.548465
vn 0.169564 0.903554 -0.393496
vn 0.251993 0.872126 -0.419399
vn 0.217174 0.826436 -0.519460
vn 0.034226 0.776641 -0.629013
vn 0.251769 0.908838 -0.332604
vn 0.791578 0.245682 0.559504
vn 0.614193 -0.359774 0.702375
vn 0.616893 0.707584 0.344627
vn -0.251814 0.903509 -0.346788
vn -0.701371 0.624656 -0.343342
vn -0.715586 0.639735 -0.280492
vn -0.331528 0.938477 -0.096697
vn 0.106831 0.985036 0.135243
vn 0.158384 0.948444 0.274533
vn -0.116636 0.929468 0.349978
vn -0.339439 0.856640 0.388523
vn -0.430686 0.821532 0.373624
vn -0.420177 0.846682 0.326467
vn -0.287158 0.910808 0.296595
vn -0.067331 0.952291 0.297673
vn 0.150084 0.930442 0.334295
vn 0.240822 0.906810 0.345978
vn 0.236396 0.912902 0.332758
vn -0.638660 -0.581688 -0.503738
vn -0.001590 -0.746161 -0.665763
vn -0.988396 0.148291 0.032923
vn -0.899417 0.417109 0.130654
vn -0.921913 0.386677 0.023614
vn -0.935248 0.343008 -0.087499
vn -0.925257 0.362629 -0.111355
vn -0.901660 0.426364 -0.072269
vn -0.911717 0.399579 -0.095439
vn -0.915651 0.380361 -0.130035
vn -0.869129 0.479899 -0.119629
vn -0.773601 0.627362 -0.089209
vn -0.656942 0.752310 -0.049571
vn -0.547129 0.836998 -0.009216
vn -0.462608 0.885916 0.033875
vn -0.603484 0.794848 -0.063431
vn -0.788754 0.549899 -0.274732
vn -0.569805 0.792250 -0.218316
vn 0.072286 0.995741 0.057230
vn 0.528934 0.787946 0.315230
vn 0.474611 0.783892 0.400322
vn -0.435991 0.897650 -0.064321
vn -0.657136 0.695319 -0.291041
vn 0.148026 0.957852 0.246188
vn 0.505524 0.734031 0.453480
vn 0.224835 0.970982 0.081504
vn -0.067187 0.915661 -0.396297
vn -0.001153 0.853402 -0.521252
vn 0.175881 0.912260 -0.369930
vn 0.183203 0.924447 -0.334417
vn 0.060035 0.888471 -0.454989
vn -0.172604 0.772406 -0.611226
vn 0.224028 0.933701 -0.279308
vn 0.719929 -0.015819 0.693867
vn 0.621542 -0.195485 0.758598
vn 0.270176 0.961565 -0.048965
vn -0.506332 0.654078 -0.561970
vn -0.671692 0.574190 -0.468118
vn -0.370121 0.872608 -0.318695
vn 0.182278 0.978449 -0.097016
vn 0.394651 0.918828 -0.002357
vn 0.247475 0.968565 0.025270
vn 0.024659 0.996097 0.084750
vn -0.015730 0.992804 0.118714
vn 0.059589 0.995058 0.079428
vn 0.177303 0.983672 0.030868
vn 0.285362 0.957994 0.028559
vn 0.361354 0.928422 0.086345
vn 0.371193 0.910450 0.182473
vn 0.272286 0.927227 0.257118
vn 0.197050 0.940936 0.275336
vn -0.653508 -0.522505 -0.547645
vn 0.207716 -0.733899 -0.646720
vn -0.963511 0.264896 0.038432
vn -0.875695 0.465730 0.127487
vn -0.889818 0.453759 0.048241
vn -0.906439 0.414155 -0.082730
vn -0.896958 0.415263 -0.151735
vn -0.882246 0.452121 -0.131257
vn -0.899354 0.415263 -0.136817
vn -0.888207 0.437833 -0.139252
vn -0.814568 0.569987 -0.107676
vn -0.702801 0.707634 -0.072976
vn -0.584334 0.810356 -0.043320
vn -0.479378 0.877436 -0.017392
vn -0.426838 0.904328 0.000394
vn -0.605398 0.781240 -0.152175
vn -0.679835 0.659160 -0.321454
vn -0.172465 0.979620 -0.102955
vn 0.277780 0.959288 0.051037
vn 0.473681 0.837389 0.272775
vn 0.194098 0.908676 0.369641
vn -0.641699 0.746056 -0.177826
vn -0.459982 0.880278 -0.116304
vn 0.336348 0.885191 0.321413
vn 0.478138 0.777487 0.408531
vn 0.148879 0.983137 0.106188
vn -0.129393 0.961268 -0.243353
vn -0.197615 0.922968 -0.330269
vn -0.068471 0.972354 -0.223249
vn -0.013046 0.983277 -0.181647
vn -0.182500 0.919312 -0.348654
vn -0.328831 0.795192 -0.509451
vn 0.388387 0.919686 -0.057732
vn 0.727526 -0.181844 0.661543
vn 0.735288 0.199538 0.647716
vn -0.165018 0.911869 -0.375852
vn -0.611298 0.477611 -0.631033
vn -0.486639 0.693195 -0.531662
vn 0.069086 0.974196 -0.214872
vn 0.445627 0.894737 -0.029363
vn 0.493657 0.864604 -0.093608
vn 0.476645 0.853318 -0.211322
vn 0.452322 0.847308 -0.278342
vn 0.423865 0.878356 -0.220976
vn 0.426179 0.892903 -0.145242
vn 0.436320 0.892757 -0.112298
vn 0.447420 0.891726 -0.068122
vn 0.420747 0.907060 -0.014666
vn 0.301081 0.951067 0.069437
vn 0.141396 0.973551 0.179462
vn 0.077380 0.968496 0.236702
vn -0.680250 -0.479104 -0.554724
vn 0.331936 -0.799107 -0.501244
vn -0.922331 0.385296 -0.029181
vn -0.835312 0.547214 0.053014
vn -0.841004 0.541003 0.005283
vn -0.860543 0.501052 -0.091718
vn -0.852543 0.490002 -0.181850
vn -0.855909 0.469373 -0.217047
vn -0.873970 0.438546 -0.209412
vn -0.837112 0.520398 -0.168611
vn -0.730280 0.672614 -0.119508
vn -0.599140 0.795889 -0.087134
vn -0.477512 0.876082 -0.066806
vn -0.372331 0.926572 -0.053232
vn -0.367487 0.926748 -0.078047
vn -0.556619 0.790862 -0.254385
vn -0.488537 0.811644 -0.320258
vn 0.208994 0.972594 0.101892
vn 0.319556 0.943665 0.085910
vn 0.248696 0.955333 0.159654
vn -0.174500 0.972909 0.151649
vn -0.640763 0.734247 -0.224286
vn -0.062275 0.995238 0.074981
vn 0.490271 0.825715 0.278977
vn 0.395255 0.868755 0.298392
vn 0.002478 0.993608 0.112862
vn -0.325059 0.935679 -0.137264
vn -0.367772 0.916226 -0.158975
vn -0.167266 0.983604 -0.067416
vn -0.158936 0.982553 -0.096583
vn -0.451035 0.857882 -0.246182
vn -0.407645 0.862787 -0.299037
vn 0.655981 0.650451 0.382887
vn 0.768725 -0.217173 0.601579
vn 0.583155 0.744035 0.326101
vn -0.466931 0.746252 -0.474429
vn -0.645887 0.481300 -0.592605
vn -0.295660 0.855590 -0.424913
vn 0.159705 0.985626 -0.055104
vn 0.199742 0.975561 0.091566
vn 0.108485 0.987242 0.116547
vn 0.246123 0.963239 0.107674
vn 0.242389 0.957993 -0.153287
vn 0.125332 0.976294 -0.176474
vn 0.168316 0.984846 0.041816
vn 0.233508 0.968871 0.082232
vn 0.274284 0.958326 0.079877
vn 0.217620 0.973703 0.067407
vn 0.090534 0.993751 0.065291
vn 0.037052 0.990906 0.129352
vn 0.054650 0.979702 0.192867
vn -0.674328 -0.469997 -0.569548
vn 0.311206 -0.886916 -0.341365
vn -0.850523 0.506049 -0.143264
vn -0.756689 0.650328 -0.067054
vn -0.761202 0.638154 -0.115457
vn -0.785412 0.592234 -0.179962
vn -0.799840 0.555940 -0.226244
vn -0.826624 0.484845 -0.285689
vn -0.816822 0.494939 -0.296374
vn -0.732133 0.635455 -0.245311
vn -0.595122 0.782791 -0.181850
vn -0.461296 0.876617 -0.136929
vn -0.354172 0.928742 -0.109545
vn -0.269005 0.959232 -0.086666
vn -0.318604 0.935514 -0.152661
vn -0.476695 0.814121 -0.331615
vn -0.262235 0.928261 -0.263751
vn 0.415269 0.873892 0.252713
vn 0.266642 0.961281 0.069581
vn -0.027202 0.999104 -0.032406
vn -0.320522 0.940495 -0.112847
vn -0.419211 0.849840 -0.319430
vn 0.424422 0.899165 0.106625
vn 0.540355 0.828604 0.146398
vn 0.202374 0.964671 0.168684
vn -0.193159 0.976295 0.097661
vn -0.456543 0.885031 -0.091039
vn -0.314093 0.947935 -0.052582
vn -0.090711 0.995854 0.006750
vn -0.240275 0.959456 -0.147350
vn -0.492927 0.807037 -0.325137
vn -0.211632 0.959526 -0.185798
vn 0.770249 0.180683 0.611613
vn 0.778739 -0.110523 0.617535
vn 0.198755 0.979437 0.034627
vn -0.569570 0.632077 -0.525422
vn -0.455279 0.678356 -0.576675
vn 0.041353 0.941818 -0.333569
vn 0.162287 0.979851 -0.116429
vn -0.029228 0.999537 0.008483
vn 0.031019 0.977641 0.207983
vn 0.298619 0.899219 0.319737
vn 0.192814 0.978228 -0.076760
vn -0.023406 0.960756 -0.276406
vn 0.127524 0.990434 0.052711
vn 0.226197 0.961646 0.155154
vn 0.131536 0.984388 0.116952
vn -0.027216 0.987987 0.152122
vn -0.096230 0.981783 0.163836
vn -0.000861 0.982313 0.187246
vn 0.093960 0.971132 0.219259
vn -0.655395 -0.440654 -0.613418
vn 0.243650 -0.935729 -0.255042
vn -0.771710 0.586984 -0.244773
vn -0.687729 0.710152 -0.150706
vn -0.691452 0.698151 -0.185685
vn -0.718857 0.644760 -0.259864
vn -0.741481 0.597900 -0.304502
vn -0.763298 0.533877 -0.363802
vn -0.718116 0.585532 -0.376114
vn -0.589187 0.743312 -0.316774
vn -0.446308 0.859285 -0.249879
vn -0.335063 0.922087 -0.193620
vn -0.247796 0.957075 -0.150345
vn -0.195361 0.972853 -0.124058
vn -0.250408 0.945045 -0.210203
vn -0.356620 0.846831 -0.394587
vn -0.036863 0.976699 -0.211422
vn 0.503906 0.810592 0.298360
vn 0.102029 0.991455 -0.081282
vn -0.359188 0.907883 -0.216177
vn -0.328620 0.940974 -0.081104
vn 0.008609 0.999795 -0.018313
vn 0.600185 0.764998 0.233570
vn 0.296541 0.953385 0.055859
vn -0.136039 0.979907 0.145861
vn -0.387042 0.913515 0.125253
vn -0.441178 0.897373 -0.009185
vn -0.133316 0.989210 0.060741
vn -0.025422 0.999634 0.009204
vn -0.319854 0.917561 -0.236166
vn -0.504456 0.788420 -0.352020
vn 0.072408 0.997364 -0.004708
vn 0.802543 0.003415 0.596585
vn 0.794554 0.184081 0.578618
vn 0.039328 0.976335 -0.212658
vn -0.361051 0.690032 -0.627295
vn -0.068969 0.845950 -0.528783
vn 0.110803 0.940257 -0.321931
vn -0.063828 0.967535 -0.244546
vn -0.070232 0.996346 -0.048605
vn 0.310482 0.909247 0.277258
vn 0.503361 0.805002 0.314007
vn 0.169279 0.979765 -0.106798
vn -0.154409 0.936651 -0.314393
vn 0.087677 0.994140 0.063226
vn 0.157662 0.964796 0.210503
vn -0.080746 0.991654 0.100509
vn -0.199252 0.966189 0.163641
vn -0.128654 0.959864 0.249219
vn 0.115410 0.953743 0.277588
vn 0.257980 0.928883 0.265751
vn -0.647275 -0.368585 -0.667218
vn 0.157422 -0.974934 -0.157231
vn -0.667226 0.642706 -0.376480
vn -0.603783 0.748797 -0.273403
vn -0.617046 0.741333 -0.263971
vn -0.650563 0.687746 -0.322137
vn -0.658146 0.645518 -0.387493
vn -0.649092 0.607536 -0.457799
vn -0.575834 0.674504 -0.462016
vn -0.441102 0.813616 -0.378758
vn -0.320522 0.898152 -0.300981
vn -0.241096 0.939293 -0.244133
vn -0.182161 0.965810 -0.184470
vn -0.159018 0.975325 -0.153146
vn -0.168775 0.961023 -0.218975
vn -0.249509 0.873831 -0.417330
vn 0.119931 0.981641 -0.148314
vn 0.501493 0.809580 0.305097
vn -0.077828 0.946167 -0.314182
vn -0.361609 0.806775 -0.467282
vn -0.002721 0.978727 -0.205148
vn 0.519996 0.828378 0.208313
vn 0.582522 0.734132 0.348882
vn 0.088207 0.992170 -0.088426
vn -0.067791 0.993383 -0.092708
vn -0.068682 0.985621 -0.154385
vn -0.063964 0.973051 -0.221541
vn 0.028312 0.999361 -0.021837
vn -0.169188 0.985502 0.012694
vn -0.606488 0.770877 -0.194734
vn -0.604929 0.774355 -0.185569
vn 0.438614 0.829624 0.345459
vn 0.852008 -0.010954 0.523414
vn 0.633129 0.635985 0.441216
vn -0.123187 0.959869 -0.251946
vn -0.330831 0.759175 -0.560539
vn -0.291202 0.871814 -0.393880
vn -0.410054 0.882938 -0.228638
vn -0.394286 0.907421 -0.145343
vn 0.032644 0.994482 0.099696
vn 0.539536 0.758321 0.365855
vn 0.490801 0.829279 0.267230
vn -0.083959 0.983279 -0.161594
vn -0.298294 0.922098 -0.246487
vn 0.014798 0.993982 0.108535
vn 0.030875 0.979315 0.199974
vn -0.234954 0.970538 0.053415
vn -0.215121 0.966816 0.137800
vn 0.097508 0.959472 0.264396
vn 0.464837 0.857874 0.219041
vn 0.566182 0.814186 0.128600
vn -0.629108 -0.272867 -0.727851
vn -0.025544 -0.999502 -0.018504
vn -0.476352 0.685134 -0.551071
vn -0.421075 0.771879 -0.476338
vn -0.449653 0.766137 -0.459181
vn -0.490296 0.733608 -0.470563
vn -0.505309 0.698813 -0.506284
vn -0.498943 0.668805 -0.551140
vn -0.431762 0.726529 -0.534544
vn -0.315412 0.840623 -0.440304
vn -0.221259 0.910966 -0.348117
vn -0.172013 0.940367 -0.293464
vn -0.152018 0.960782 -0.231924
vn -0.146272 0.973179 -0.177558
vn -0.120400 0.976723 -0.177530
vn -0.210593 0.902364 -0.376019
vn 0.153259 0.987178 -0.044629
vn 0.411088 0.851219 0.326239
vn -0.155008 0.899088 -0.409405
vn -0.072046 0.859055 -0.506787
vn 0.288348 0.921957 -0.258555
vn 0.664566 0.743051 0.078910
vn 0.596829 0.751218 0.281897
vn 0.119404 0.966654 -0.226547
vn 0.105510 0.962583 -0.249604
vn 0.034976 0.962211 -0.270050
vn -0.187156 0.958980 -0.212909
vn -0.352403 0.933884 0.060614
vn -0.577108 0.801489 0.156723
vn -0.787034 0.614615 -0.053160
vn -0.443080 0.896409 0.011422
vn 0.727120 0.445216 0.522570
vn 0.840332 0.105251 0.531755
vn 0.307397 0.904699 0.295004
vn -0.392223 0.898195 -0.198512
vn -0.622348 0.688753 -0.371890
vn -0.628318 0.732429 -0.262230
vn -0.525422 0.832339 -0.176478
vn -0.205621 0.977007 -0.056367
vn 0.397077 0.881816 0.254421
vn 0.640599 0.673686 0.368484
vn 0.347528 0.928428 0.131324
vn -0.192457 0.941850 -0.275463
vn -0.260465 0.927138 -0.269394
vn -0.049765 0.994970 0.086933
vn -0.147525 0.973186 0.176483
vn -0.305749 0.950289 0.058891
vn -0.083479 0.983921 0.157894
vn 0.422215 0.848004 0.320348
vn 0.604008 0.756214 0.251623
vn 0.547582 0.822651 0.152965
vn -0.598838 -0.253217 -0.759785
vn -0.285389 -0.958182 0.020971
vn -0.277827 0.685061 -0.673427
vn -0.233257 0.753373 -0.614834
vn -0.277073 0.728688 -0.626294
vn -0.313604 0.724953 -0.613266
vn -0.327116 0.712370 -0.620905
vn -0.339170 0.682126 -0.647818
vn -0.303720 0.734172 -0.607244
vn -0.213811 0.839337 -0.499798
vn -0.143300 0.904377 -0.401955
vn -0.120868 0.930155 -0.346703
vn -0.129893 0.945037 -0.300055
vn -0.129948 0.965231 -0.226810
vn -0.096046 0.982898 -0.157123
vn -0.202764 0.925526 -0.319827
vn 0.126571 0.990909 0.045605
vn 0.310698 0.891433 0.329871
vn -0.142675 0.928807 -0.341996
vn 0.172757 0.978885 -0.109264
vn 0.226017 0.973259 -0.041025
vn 0.442517 0.894053 0.069627
vn 0.550145 0.797674 0.247095
vn 0.086682 0.962795 -0.255954
vn -0.103352 0.972315 -0.209576
vn -0.357651 0.924880 -0.129162
vn -0.455448 0.886489 -0.081875
vn -0.435424 0.899440 -0.037613
vn -0.571674 0.816377 -0.081965
vn -0.606494 0.780883 -0.149619
vn 0.026478 0.988234 0.150643
vn 0.792306 0.273029 0.545625
vn 0.747717 0.368022 0.552702
vn 0.000517 0.987581 0.157109
vn -0.559080 0.801217 -0.213262
vn -0.584693 0.732103 -0.349512
vn -0.351958 0.864953 -0.357746
vn -0.124208 0.947450 -0.294805
vn 0.099434 0.994236 -0.040106
vn 0.457645 0.772745 0.439804
vn 0.462363 0.761173 0.454792
vn 0.088293 0.993142 0.076640
vn -0.225869 0.929697 -0.290941
vn -0.279448 0.907171 -0.314563
vn -0.223175 0.974527 0.022151
vn -0.246888 0.955279 0.162754
vn -0.221152 0.970660 0.094399
vn 0.093158 0.967933 0.233298
vn 0.448472 0.758786 0.472353
vn 0.323967 0.830443 0.453222
vn 0.103433 0.926578 0.361600
vn -0.487790 -0.291805 -0.822746
vn -0.355181 -0.932271 -0.068690
vn -0.136438 0.651877 -0.745949
vn -0.093194 0.724067 -0.683405
vn -0.104593 0.683821 -0.722114
vn -0.099193 0.671564 -0.734277
vn -0.119741 0.666870 -0.735491
vn -0.176266 0.636788 -0.750621
vn -0.183056 0.690576 -0.699711
vn -0.124851 0.811248 -0.571217
vn -0.080158 0.881369 -0.465579
vn -0.081028 0.908888 -0.409094
vn -0.109835 0.922237 -0.370696
vn -0.110504 0.948932 -0.295495
vn -0.076097 0.978860 -0.189848
vn -0.192377 0.932581 -0.305425
vn 0.089430 0.993337 0.072687
vn 0.239245 0.918701 0.314245
vn -0.096230 0.967969 -0.231896
vn 0.256996 0.942360 0.214268
vn 0.170932 0.979821 0.103602
vn 0.228454 0.973370 -0.018974
vn 0.396675 0.855898 0.331794
vn -0.016668 0.976746 -0.213749
vn -0.185689 0.922672 -0.337929
vn -0.200594 0.923828 -0.326044
vn -0.070255 0.943319 -0.324367
vn -0.059679 0.926902 -0.370528
vn -0.282153 0.838850 -0.465533
vn -0.321973 0.877306 -0.355905
vn 0.343162 0.908864 0.237080
vn 0.731170 0.292764 0.616182
vn 0.541367 0.644122 0.540397
vn 0.048525 0.998821 -0.001255
vn -0.107746 0.886634 -0.449745
vn 0.120795 0.839629 -0.529559
vn 0.286946 0.822144 -0.491672
vn 0.244717 0.844520 -0.476340
vn 0.188819 0.965106 -0.181434
vn 0.391278 0.746042 0.538815
vn 0.273323 0.818083 0.505998
vn -0.038252 0.997237 0.063684
vn -0.243528 0.941834 -0.231608
vn -0.368567 0.855039 -0.364782
vn -0.302415 0.948795 -0.091289
vn -0.179140 0.976069 0.123281
vn -0.094523 0.986278 0.135357
vn 0.133271 0.936551 0.324209
vn 0.268806 0.781494 0.563036
vn 0.031331 0.871992 0.488517
vn -0.106308 0.909831 0.401131
vn -0.384098 -0.313708 -0.868364
vn -0.394778 -0.915946 -0.072062
vn -0.007630 0.593343 -0.804913
vn 0.074874 0.687940 -0.721895
vn 0.090515 0.641826 -0.761489
vn 0.048180 0.594709 -0.802496
vn -0.026360 0.591822 -0.805638
vn -0.102749 0.576657 -0.810500
vn -0.119743 0.627393 -0.769441
vn -0.069044 0.761573 -0.644391
vn -0.033406 0.847837 -0.529204
vn -0.063393 0.874278 -0.481269
vn -0.107019 0.894331 -0.434418
vn -0.092370 0.931532 -0.351733
vn -0.064929 0.965083 -0.253768
vn -0.197106 0.921896 -0.333552
vn 0.046667 0.997436 0.054262
vn 0.201186 0.935505 0.290440
vn -0.014336 0.992884 -0.118217
vn 0.209198 0.933923 0.289868
vn -0.004583 0.983019 -0.183446
vn -0.054015 0.940631 -0.335106
vn 0.204410 0.808521 0.551824
vn -0.104969 0.993994 -0.030932
vn -0.138744 0.916690 -0.374740
vn 0.009415 0.927899 -0.372713
vn 0.077063 0.929245 -0.361339
vn -0.106161 0.887379 -0.448651
vn -0.350959 0.769434 -0.533665
vn -0.295721 0.865856 -0.403536
vn 0.277220 0.889153 0.364083
vn 0.389526 0.478864 0.786739
vn 0.100035 0.757013 0.645697
vn -0.001486 0.992710 0.120516
vn 0.133679 0.926563 -0.351584
vn 0.300487 0.855580 -0.421534
vn 0.357569 0.824702 -0.438190
vn 0.236044 0.770981 -0.591499
vn 0.124469 0.887930 -0.442818
vn 0.439412 0.761016 0.477254
vn 0.362792 0.789899 0.494410
vn 0.052876 0.998043 -0.033368
vn -0.166698 0.942698 -0.289018
vn -0.337261 0.825321 -0.452881
vn -0.246927 0.941881 -0.227788
vn -0.111085 0.991725 0.064350
vn -0.033311 0.985349 0.167264
vn 0.140568 0.929088 0.342106
vn 0.146580 0.861400 0.486316
vn 0.012410 0.892412 0.451051
vn 0.058929 0.869436 0.490518
vn -0.393550 -0.350509 -0.849860
vn -0.516573 -0.855005 -0.046025
vn 0.111808 0.530518 -0.840268
vn 0.221352 0.655633 -0.721906
vn 0.173610 0.599162 -0.781578
vn 0.032802 0.528286 -0.848433
vn -0.039013 0.544010 -0.838171
vn -0.082286 0.535016 -0.840825
vn -0.099016 0.571006 -0.814953
vn -0.038211 0.712352 -0.700781
vn -0.001970 0.805240 -0.592945
vn -0.078363 0.820945 -0.565605
vn -0.120455 0.862632 -0.491281
vn -0.067004 0.921337 -0.382948
vn -0.094115 0.938561 -0.332034
vn -0.241596 0.897351 -0.369313
vn 0.006852 0.999477 0.031617
vn 0.166244 0.949226 0.267081
vn 0.044531 0.998951 0.010677
vn 0.145551 0.961481 0.233174
vn -0.273279 0.717939 -0.640221
vn -0.422607 0.696564 -0.579830
vn 0.108985 0.802822 0.586173
vn -0.043099 0.985023 0.166950
vn -0.151177 0.952777 -0.263367
vn -0.051681 0.968165 -0.244918
vn -0.079808 0.953695 -0.289995
vn -0.246811 0.859069 -0.448424
vn -0.315909 0.761675 -0.565731
vn -0.181522 0.863757 -0.470078
vn 0.079587 0.973705 0.213457
vn -0.027732 0.707300 0.706369
vn -0.132647 0.676720 0.724192
vn -0.059818 0.907507 0.415755
vn -0.095860 0.985841 -0.137583
vn -0.064236 0.975667 -0.209635
vn 0.067124 0.976455 -0.205011
vn 0.017336 0.857893 -0.513537
vn -0.075277 0.814604 -0.575112
vn 0.435070 0.811542 0.390017
vn 0.456502 0.715009 0.529499
vn 0.063428 0.994893 -0.078513
vn -0.184379 0.923134 -0.337384
vn -0.301009 0.827218 -0.474451
vn -0.242704 0.913664 -0.326056
vn -0.148044 0.988980 -0.001514
vn -0.029360 0.976053 0.215541
vn 0.085986 0.928798 0.360474
vn 0.035547 0.913957 0.404251
vn 0.115663 0.877748 0.464953
vn 0.335667 0.729709 0.595694
vn -0.386008 -0.390039 -0.835983
vn -0.559198 -0.821566 -0.111023
vn 0.174669 0.491875 -0.852965
vn 0.265414 0.640781 -0.720386
vn 0.135359 0.555910 -0.820148
vn -0.009395 0.469121 -0.883084
vn -0.011452 0.513097 -0.858254
vn -0.054401 0.487750 -0.871287
vn -0.090855 0.515638 -0.851976
vn 0.006495 0.678880 -0.734221
vn 0.020377 0.745173 -0.666560
vn -0.116674 0.736608 -0.666180
vn -0.107452 0.833070 -0.542631
vn -0.024378 0.908747 -0.416636
vn -0.148098 0.883641 -0.444122
vn -0.258159 0.868881 -0.422374
vn 0.042113 0.999099 -0.005280
vn 0.216028 0.953097 0.211987
vn 0.172274 0.983087 0.062138
vn 0.137870 0.987627 0.074726
vn -0.427586 0.527693 -0.733969
vn -0.527745 0.658341 -0.536724
vn 0.199527 0.795146 0.572653
vn 0.111243 0.938254 0.327574
vn -0.114242 0.977292 -0.178464
vn -0.069528 0.976087 -0.205961
vn -0.145420 0.947914 -0.283393
vn -0.212318 0.875108 -0.434865
vn -0.120976 0.809867 -0.574004
vn 0.037822 0.826222 -0.562074
vn 0.156514 0.977765 -0.139565
vn 0.063853 0.900612 0.429908
vn 0.128578 0.623190 0.771428
vn 0.223164 0.789237 0.572103
vn -0.007771 0.988305 -0.152291
vn -0.041429 0.978778 -0.200691
vn 0.086998 0.994419 -0.059684
vn -0.043594 0.909343 -0.413756
vn -0.219935 0.756199 -0.616273
vn 0.357169 0.884969 0.298764
vn 0.446503 0.682393 0.578771
vn -0.063414 0.994740 -0.080447
vn -0.338630 0.890501 -0.303869
vn -0.398672 0.841886 -0.363716
vn -0.340352 0.885338 -0.316762
vn -0.172910 0.983463 -0.053885
vn 0.004314 0.978205 0.207597
vn 0.052868 0.942509 0.329972
vn 0.061115 0.932295 0.356499
vn 0.267095 0.821502 0.503780
vn 0.464106 0.610456 0.641833
vn -0.380947 -0.401777 -0.832739
vn -0.560425 -0.808371 -0.180165
vn 0.168934 0.475640 -0.863266
vn 0.237758 0.629797 -0.739477
vn 0.084354 0.508936 -0.856661
vn -0.011026 0.433537 -0.901068
vn 0.027228 0.498463 -0.866483
vn -0.054117 0.428208 -0.902058
vn -0.068350 0.470223 -0.879897
vn 0.082965 0.658342 -0.748133
vn 0.006145 0.652495 -0.757768
vn -0.164241 0.635076 -0.754787
vn -0.053718 0.815385 -0.576421
vn -0.000236 0.880116 -0.474759
vn -0.191405 0.808148 -0.557011
vn -0.208204 0.849279 -0.485156
vn 0.094204 0.993836 -0.058450
vn 0.276745 0.940189 0.198639
vn 0.277071 0.957623 0.078677
vn 0.076476 0.992743 -0.092808
vn -0.504939 0.472921 -0.722068
vn -0.500628 0.761236 -0.412179
vn 0.236830 0.778923 0.580682
vn 0.181759 0.894681 0.408056
vn -0.056783 0.993582 -0.097829
vn -0.076815 0.974817 -0.209359
vn -0.163888 0.937792 -0.306084
vn -0.102809 0.928500 -0.356818
vn 0.096946 0.878182 -0.468399
vn 0.223161 0.785927 -0.576643
vn 0.258736 0.871240 -0.417129
vn 0.284618 0.948656 0.138003
vn 0.414868 0.538013 0.733775
vn 0.401392 0.700641 0.589904
vn -0.007105 0.982986 -0.183544
vn -0.049723 0.977067 -0.207044
vn 0.128672 0.991593 0.013699
vn -0.071069 0.927652 -0.366621
vn -0.308493 0.706141 -0.637335
vn 0.229849 0.948529 0.217855
vn 0.425306 0.689722 0.586002
vn -0.089492 0.981877 -0.167059
vn -0.341011 0.852079 -0.397080
vn -0.386396 0.851581 -0.354271
vn -0.362553 0.881189 -0.303417
vn -0.176802 0.982808 -0.053186
vn -0.013202 0.981283 0.192118
vn 0.032202 0.954114 0.297707
vn 0.156590 0.917938 0.364514
vn 0.436981 0.741271 0.509475
vn 0.530245 0.611968 0.586801
vn -0.384739 -0.400754 -0.831488
vn -0.555628 -0.798768 -0.230752
vn 0.140282 0.457464 -0.878093
vn 0.211133 0.610551 -0.763315
vn 0.067231 0.470609 -0.879777
vn 0.011851 0.415447 -0.909540
vn 0.056189 0.483830 -0.873356
vn -0.053635 0.364489 -0.929662
vn 0.006784 0.452277 -0.891851
vn 0.158429 0.627889 -0.762007
vn -0.062293 0.504699 -0.861045
vn -0.182444 0.546170 -0.817565
vn 0.014677 0.801146 -0.598289
vn -0.012662 0.826992 -0.562071
vn -0.180444 0.747795 -0.638939
vn -0.112233 0.832929 -0.541879
vn 0.098022 0.982768 -0.156714
vn 0.259523 0.937035 0.233694
vn 0.254185 0.953037 0.164654
vn -0.081627 0.976376 -0.200069
vn -0.566413 0.435343 -0.699752
vn -0.444968 0.823551 -0.351805
vn 0.241685 0.780832 0.576099
vn 0.177117 0.863362 0.472478
vn -0.046338 0.998823 0.014346
vn -0.111071 0.975150 -0.191689
vn -0.189787 0.931597 -0.310013
vn -0.079827 0.973772 -0.213061
vn 0.042072 0.971508 -0.233241
vn 0.005915 0.905822 -0.423617
vn -0.012488 0.906716 -0.421558
vn 0.237529 0.969716 0.056844
vn 0.536938 0.454299 0.710851
vn 0.458704 0.695148 0.553497
vn -0.069707 0.973182 -0.219221
vn -0.063390 0.983272 -0.170756
vn 0.149216 0.986793 0.063043
vn -0.095001 0.933801 -0.344951
vn -0.348865 0.671273 -0.653977
vn 0.075631 0.989097 0.126363
vn 0.369514 0.707438 0.602487
vn 0.000098 0.975534 -0.219850
vn -0.163651 0.805754 -0.569192
vn -0.225580 0.821576 -0.523571
vn -0.265055 0.873199 -0.408985
vn -0.125455 0.985391 -0.115179
vn 0.156988 0.981053 0.113529
vn 0.435622 0.894339 0.101936
vn 0.536343 0.833856 0.130459
vn 0.638268 0.715000 0.285289
vn 0.691454 0.635941 0.342740
vn -0.387027 -0.399292 -0.831130
vn -0.550876 -0.789357 -0.271019
vn 0.114289 0.434500 -0.893391
vn 0.189649 0.592203 -0.783153
vn 0.057461 0.451703 -0.890316
vn 0.035557 0.415093 -0.909084
vn 0.071671 0.464432 -0.882704
vn -0.038117 0.323652 -0.945408
vn 0.084483 0.471354 -0.877889
vn 0.139018 0.588772 -0.796255
vn -0.184476 0.351864 -0.917693
vn -0.161234 0.509798 -0.845050
vn 0.071775 0.774622 -0.628338
vn -0.010708 0.754632 -0.656061
vn -0.079903 0.712621 -0.696984
vn 0.004579 0.792697 -0.609599
vn 0.094302 0.940029 -0.327800
vn 0.284340 0.936628 0.204642
vn 0.246903 0.947667 0.202399
vn -0.206340 0.926177 -0.315627
vn -0.580999 0.431677 -0.689996
vn -0.388609 0.863356 -0.321870
vn 0.223984 0.811099 0.540323
vn 0.160991 0.853023 0.496422
vn -0.031913 0.993429 0.109913
vn -0.093591 0.983551 -0.154491
vn -0.128604 0.933103 -0.335828
vn -0.014583 0.981750 -0.189618
vn -0.022272 0.988055 -0.152487
vn -0.147162 0.934443 -0.324282
vn -0.122489 0.925834 -0.357529
vn 0.246371 0.964173 0.098350
vn 0.589824 0.366991 0.719323
vn 0.425368 0.775768 0.466097
vn -0.145483 0.954403 -0.260671
vn -0.050651 0.992533 -0.110967
vn 0.151739 0.983455 0.098948
vn -0.110585 0.938311 -0.327633
vn -0.333053 0.669743 -0.663717
vn -0.058560 0.997999 -0.023836
vn 0.252936 0.720442 0.645745
vn 0.047585 0.995798 -0.078240
vn -0.119773 0.783098 -0.610256
vn -0.239067 0.735722 -0.633688
vn -0.221287 0.848431 -0.480830
vn 0.005416 0.978994 -0.203815
vn 0.291390 0.952635 0.087052
vn 0.466144 0.862694 0.196133
vn 0.464866 0.865000 0.188878
vn 0.477046 0.771992 0.420066
vn 0.480782 0.735645 0.477154
vn -0.387684 -0.398040 -0.831424
vn -0.546647 -0.778971 -0.307215
vn 0.084836 0.408978 -0.908592
vn 0.157941 0.576432 -0.801736
vn 0.053197 0.454102 -0.889360
vn 0.068882 0.429834 -0.900276
vn 0.078880 0.436154 -0.896408
vn -0.009558 0.314615 -0.949171
vn 0.127938 0.492743 -0.860718
vn 0.031256 0.494922 -0.868375
vn -0.269169 0.249014 -0.930344
vn -0.067991 0.535402 -0.841856
vn 0.167391 0.724168 -0.669000
vn 0.072828 0.662045 -0.745917
vn 0.049932 0.670873 -0.739889
vn 0.055385 0.730934 -0.680197
vn 0.049032 0.867135 -0.495655
vn 0.316746 0.940247 0.124930
vn 0.283055 0.942230 0.179117
vn -0.264487 0.853896 -0.448228
vn -0.566233 0.440833 -0.696453
vn -0.317234 0.887393 -0.334508
vn 0.215392 0.863053 0.456887
vn 0.169378 0.858250 0.484477
vn 0.003561 0.985463 0.169855
vn -0.030080 0.996022 -0.083872
vn -0.031150 0.946498 -0.321202
vn 0.053583 0.968480 -0.243261
vn 0.036191 0.974017 -0.223566
vn -0.059110 0.926020 -0.372818
vn -0.059606 0.929501 -0.363971
vn 0.348095 0.919854 0.180827
vn 0.632556 0.296868 0.715362
vn 0.379925 0.880116 0.284697
vn -0.195579 0.923441 -0.330159
vn -0.028421 0.998377 -0.049360
vn 0.135371 0.982977 0.124219
vn -0.100816 0.953083 -0.285429
vn -0.262522 0.712969 -0.650197
vn -0.029328 0.983477 -0.178641
vn 0.254685 0.725993 0.638803
vn 0.115468 0.978910 0.168530
vn -0.186564 0.783176 -0.593153
vn -0.341948 0.645369 -0.683060
vn -0.214866 0.856751 -0.468840
vn 0.054888 0.983271 -0.173684
vn 0.193827 0.969354 0.150944
vn 0.074443 0.947860 0.309870
vn -0.073726 0.909601 0.408890
vn 0.045541 0.750983 0.658749
vn 0.090814 0.717436 0.690679
vn -0.385002 -0.398174 -0.832605
vn -0.540125 -0.767824 -0.344545
vn 0.044892 0.373289 -0.926628
vn 0.119180 0.561078 -0.819138
vn 0.071351 0.480890 -0.873873
vn 0.111513 0.451815 -0.885115
vn 0.083907 0.400210 -0.912574
vn 0.048647 0.326122 -0.944075
vn 0.160124 0.468924 -0.868603
vn -0.074898 0.303169 -0.949989
vn -0.230235 0.188728 -0.954659
vn 0.144241 0.570802 -0.808319
vn 0.304695 0.640626 -0.704812
vn 0.148667 0.550133 -0.821737
vn 0.086125 0.612000 -0.786154
vn -0.009997 0.663512 -0.748099
vn -0.047401 0.793733 -0.606416
vn 0.326483 0.943769 0.052052
vn 0.317038 0.939768 0.127759
vn -0.278059 0.775284 -0.567114
vn -0.522716 0.439061 -0.730748
vn -0.225929 0.897774 -0.378097
vn 0.221836 0.917399 0.330405
vn 0.200965 0.876503 0.437442
vn 0.057649 0.979571 0.192661
vn 0.005101 0.999975 -0.004824
vn -0.042435 0.973575 -0.224390
vn -0.025768 0.972279 -0.232399
vn -0.031251 0.979037 -0.201272
vn -0.147120 0.925197 -0.349810
vn -0.144187 0.939111 -0.311899
vn 0.376105 0.846663 0.376440
vn 0.600007 0.292629 0.744554
vn 0.265408 0.961786 0.067278
vn -0.178237 0.879052 -0.442153
vn -0.018577 0.998880 -0.043513
vn 0.073970 0.985082 0.155378
vn -0.108589 0.976890 -0.184104
vn -0.220960 0.793493 -0.567049
vn 0.005303 0.965591 -0.260010
vn 0.339796 0.737036 0.584223
vn 0.240250 0.916978 0.318483
vn -0.201506 0.770697 -0.604501
vn -0.354327 0.566495 -0.744000
vn -0.180600 0.874213 -0.450706
vn 0.017395 0.990420 -0.136990
vn 0.000863 0.998777 0.049427
vn -0.084145 0.981550 0.171693
vn -0.118686 0.943643 0.308952
vn 0.072404 0.747400 0.660418
vn 0.114054 0.689698 0.715059
vn -0.377137 -0.401883 -0.834421
vn -0.530234 -0.754100 -0.387537
vn 0.005817 0.317700 -0.948173
vn 0.103622 0.541330 -0.834401
vn 0.128026 0.521737 -0.843445
vn 0.159991 0.465719 -0.870349
vn 0.105435 0.366051 -0.924603
vn 0.122893 0.348537 -0.929204
vn 0.150393 0.413012 -0.898222
vn -0.149696 0.126050 -0.980664
vn -0.077021 0.206199 -0.975474
vn 0.371503 0.579663 -0.725242
vn 0.335155 0.542508 -0.770296
vn 0.090608 0.468891 -0.878596
vn 0.028136 0.558152 -0.829261
vn -0.109701 0.565612 -0.817342
vn -0.118374 0.721403 -0.682324
vn 0.318782 0.947665 -0.017587
vn 0.298853 0.952044 0.065572
vn -0.312346 0.703978 -0.637852
vn -0.484861 0.437299 -0.757416
vn -0.150836 0.894561 -0.420724
vn 0.222114 0.955786 0.192713
vn 0.229495 0.899052 0.372877
vn 0.112271 0.974577 0.193892
vn -0.001176 0.999968 0.007914
vn -0.120525 0.981392 -0.149480
vn -0.132614 0.975446 -0.175837
vn -0.113153 0.981090 -0.157031
vn -0.229967 0.912703 -0.337771
vn -0.141443 0.955037 -0.260571
vn 0.428637 0.727072 0.536317
vn 0.543405 0.351437 0.762367
vn 0.114952 0.993363 0.003889
vn -0.286835 0.823071 -0.490184
vn -0.141552 0.988108 -0.060039
vn -0.030073 0.977770 0.207513
vn -0.163639 0.985642 -0.041614
vn -0.273297 0.871529 -0.407120
vn -0.034404 0.977343 -0.208846
vn 0.369301 0.749380 0.549587
vn 0.311644 0.889432 0.334348
vn -0.195013 0.745352 -0.637511
vn -0.329397 0.522052 -0.786739
vn -0.186325 0.855964 -0.482295
vn -0.128809 0.978481 -0.161196
vn -0.192914 0.981188 0.007383
vn -0.070982 0.982325 0.173203
vn 0.066475 0.969599 0.235496
vn 0.230392 0.806061 0.545147
vn 0.238342 0.686525 0.686933
vn -0.363669 -0.407667 -0.837587
vn -0.518272 -0.735160 -0.436960
vn -0.009777 0.248606 -0.968555
vn 0.139333 0.515950 -0.845211
vn 0.218391 0.550918 -0.805478
vn 0.214497 0.462037 -0.860531
vn 0.147232 0.341637 -0.928228
vn 0.169572 0.359029 -0.917793
vn 0.085313 0.334926 -0.938375
vn -0.163700 0.056424 -0.984895
vn 0.147946 0.356312 -0.922580
vn 0.467358 0.599156 -0.650068
vn 0.213627 0.430306 -0.877041
vn 0.010121 0.409699 -0.912165
vn -0.021715 0.497193 -0.867368
vn -0.198974 0.446347 -0.872458
vn -0.160862 0.655462 -0.737898
vn 0.316003 0.944812 -0.086438
vn 0.297925 0.954494 -0.013510
vn -0.327092 0.625037 -0.708759
vn -0.454873 0.437542 -0.775659
vn -0.075011 0.890094 -0.449561
vn 0.225582 0.972968 0.049449
vn 0.237568 0.925602 0.294657
vn 0.090711 0.977823 0.188766
vn -0.111230 0.993784 -0.004693
vn -0.184502 0.978839 -0.088503
vn -0.156516 0.979052 -0.130232
vn -0.171586 0.974128 -0.147082
vn -0.290192 0.903047 -0.316694
vn -0.105094 0.982258 -0.155319
vn 0.496611 0.591758 0.634981
vn 0.548265 0.411056 0.728312
vn -0.042750 0.995861 -0.080212
vn -0.448382 0.757350 -0.474736
vn -0.270020 0.961460 -0.051805
vn -0.076918 0.970089 0.230242
vn -0.212199 0.976355 0.041255
vn -0.304701 0.920602 -0.244231
vn -0.021330 0.996724 -0.078019
vn 0.398405 0.740279 0.541535
vn 0.268919 0.925704 0.265998
vn -0.243208 0.742036 -0.624686
vn -0.299959 0.542775 -0.784487
vn -0.157838 0.809445 -0.565584
vn -0.157051 0.934485 -0.319487
vn -0.125765 0.990261 -0.059724
vn 0.050187 0.970183 0.237122
vn 0.175817 0.949052 0.261511
vn 0.267976 0.842676 0.466997
vn 0.266794 0.762305 0.589671
vn -0.347935 -0.410789 -0.842730
vn -0.505378 -0.710546 -0.489610
vn 0.000879 0.190066 -0.981771
vn 0.207447 0.496445 -0.842916
vn 0.305022 0.559979 -0.770315
vn 0.258148 0.447527 -0.856200
vn 0.178231 0.329143 -0.927307
vn 0.170781 0.345959 -0.922576
vn 0.019948 0.240455 -0.970455
vn -0.102273 0.069457 -0.992329
vn 0.349645 0.552277 -0.756795
vn 0.438518 0.621431 -0.649250
vn 0.050082 0.301639 -0.952106
vn -0.039695 0.375871 -0.925821
vn -0.110170 0.426566 -0.897721
vn -0.309960 0.348842 -0.884440
vn -0.190574 0.620643 -0.760581
vn 0.317106 0.938334 -0.137746
vn 0.298144 0.948687 -0.105367
vn -0.299587 0.544496 -0.783436
vn -0.331975 0.439653 -0.834565
vn 0.121614 0.853843 -0.506125
vn 0.273262 0.944516 -0.182255
vn 0.256048 0.953299 0.160190
vn 0.067691 0.992385 0.102908
vn -0.151230 0.985157 -0.081205
vn -0.139252 0.989053 -0.048816
vn -0.149422 0.981229 -0.121914
vn -0.240865 0.954055 -0.178224
vn -0.333553 0.900679 -0.278423
vn -0.040953 0.999153 0.004107
vn 0.548577 0.456723 0.700333
vn 0.510826 0.554834 0.656670
vn -0.240880 0.935486 -0.258541
vn -0.503885 0.710623 -0.491034
vn -0.253276 0.965688 -0.057420
vn -0.106407 0.973895 0.200516
vn -0.249712 0.965882 0.068674
vn -0.208097 0.973750 -0.092230
vn 0.118055 0.992625 0.027542
vn 0.356073 0.832694 0.424067
vn 0.013387 0.946396 0.322730
vn -0.405053 0.837060 -0.367781
vn -0.234788 0.657488 -0.715950
vn -0.087934 0.761500 -0.642172
vn -0.029995 0.884203 -0.466139
vn 0.093729 0.980537 -0.172516
vn 0.218826 0.961057 0.168771
vn 0.243989 0.921411 0.302441
vn 0.255070 0.895818 0.363936
vn 0.214166 0.870258 0.443603
vn -0.332576 -0.408059 -0.850224
vn -0.492360 -0.682174 -0.540574
vn 0.024815 0.156599 -0.987351
vn 0.271486 0.491774 -0.827317
vn 0.355539 0.560394 -0.748031
vn 0.266085 0.434513 -0.860463
vn 0.169942 0.327639 -0.929393
vn 0.136621 0.327224 -0.935018
vn -0.013378 0.173050 -0.984822
vn -0.001190 0.125608 -0.992079
vn 0.431018 0.660789 -0.614477
vn 0.377675 0.594227 -0.710109
vn -0.045819 0.151009 -0.987470
vn -0.093363 0.341664 -0.935173
vn -0.232566 0.332224 -0.914079
vn -0.361993 0.286531 -0.887052
vn -0.177239 0.601264 -0.779145
vn 0.279267 0.942396 -0.184119
vn 0.236261 0.961498 -0.140364
vn -0.267211 0.531232 -0.803984
vn -0.085382 0.563981 -0.821362
vn 0.284673 0.812528 -0.508684
vn 0.216577 0.859256 -0.463436
vn 0.256081 0.966593 -0.010968
vn 0.101408 0.994205 -0.035688
vn -0.076732 0.976805 -0.199909
vn -0.079849 0.992985 -0.087205
vn -0.158507 0.978238 -0.133887
vn -0.275061 0.929619 -0.245254
vn -0.316329 0.910260 -0.267137
vn 0.077235 0.980946 0.178269
vn 0.571158 0.375583 0.729874
vn 0.441462 0.673413 0.592980
vn -0.381028 0.840397 -0.385422
vn -0.501195 0.720335 -0.479502
vn -0.184993 0.981082 -0.057063
vn -0.080286 0.991821 0.099228
vn -0.113843 0.993082 0.028760
vn 0.005168 0.999986 -0.001506
vn 0.064158 0.995384 0.071377
vn 0.125761 0.918238 0.375529
vn -0.118067 0.973656 0.195074
vn -0.236882 0.932905 -0.271247
vn -0.065021 0.823916 -0.562970
vn -0.063055 0.739241 -0.670482
vn 0.010991 0.858892 -0.512038
vn 0.135120 0.969610 -0.203960
vn 0.208779 0.968255 0.137453
vn 0.206571 0.915778 0.344498
vn 0.112069 0.941593 0.317557
vn 0.067370 0.967850 0.242339
vn -0.316234 -0.400811 -0.859853
vn -0.479155 -0.653660 -0.585781
vn 0.055097 0.143852 -0.988064
vn 0.317900 0.495032 -0.808630
vn 0.369388 0.554979 -0.745352
vn 0.244781 0.418069 -0.874815
vn 0.147534 0.323987 -0.934487
vn 0.112599 0.307626 -0.944822
vn -0.001766 0.144760 -0.989465
vn 0.104292 0.198872 -0.974460
vn 0.445424 0.686054 -0.575263
vn 0.255791 0.403254 -0.878611
vn -0.116339 -0.018616 -0.993035
vn -0.146186 0.257567 -0.955138
vn -0.287736 0.230453 -0.929570
vn -0.316610 0.251222 -0.914683
vn -0.134965 0.558548 -0.818418
vn 0.174061 0.937023 -0.302805
vn 0.181451 0.977768 -0.105095
vn -0.207589 0.595879 -0.775780
vn -0.004744 0.740147 -0.672428
vn 0.159442 0.899109 -0.407654
vn -0.005249 0.820413 -0.571747
vn 0.128641 0.988768 -0.076084
vn 0.056303 0.995627 -0.074538
vn -0.028524 0.973043 -0.228855
vn -0.046295 0.977450 -0.206031
vn -0.163272 0.966475 -0.198160
vn -0.314329 0.902961 -0.293015
vn -0.275689 0.930436 -0.241423
vn 0.215767 0.921388 0.323246
vn 0.568951 0.340778 0.748442
vn 0.342566 0.810860 0.474506
vn -0.419776 0.752626 -0.507289
vn -0.425111 0.776689 -0.464795
vn -0.031214 0.998699 -0.040315
vn 0.125097 0.991985 -0.017778
vn 0.265889 0.962257 -0.058007
vn 0.108770 0.982750 -0.149572
vn -0.265800 0.961938 -0.063449
vn -0.223314 0.886063 0.406232
vn -0.074837 0.967687 0.240792
vn -0.023128 0.999099 -0.035596
vn -0.020241 0.894299 -0.447012
vn -0.093396 0.756278 -0.647550
vn -0.025360 0.847478 -0.530225
vn 0.047594 0.972951 -0.226057
vn 0.067006 0.992547 0.101792
vn 0.048697 0.940171 0.337204
vn -0.011239 0.941120 0.337887
vn -0.048602 0.968523 0.244133
vn -0.296177 -0.391593 -0.871168
vn -0.463989 -0.628957 -0.623801
vn 0.088335 0.141888 -0.985933
vn 0.347770 0.495256 -0.796101
vn 0.366476 0.537813 -0.759245
vn 0.225711 0.389708 -0.892851
vn 0.146359 0.311604 -0.938873
vn 0.124624 0.286654 -0.949894
vn 0.042468 0.137302 -0.989618
vn 0.192947 0.265705 -0.944549
vn 0.462056 0.662666 -0.589388
vn 0.214105 0.247559 -0.944920
vn -0.152862 -0.188752 -0.970055
vn -0.155364 0.111967 -0.981491
vn -0.260913 0.133544 -0.956081
vn -0.255466 0.219521 -0.941567
vn -0.104031 0.501448 -0.858910
vn 0.136211 0.869770 -0.474286
vn 0.211887 0.962179 -0.171218
vn -0.122804 0.660743 -0.740498
vn -0.132837 0.769631 -0.624518
vn -0.162067 0.838437 -0.520343
vn -0.300589 0.783733 -0.543516
vn -0.069709 0.997336 -0.021482
vn -0.054083 0.998529 -0.003853
vn -0.037235 0.990820 -0.129960
vn -0.077834 0.960820 -0.266020
vn -0.238715 0.921977 -0.304916
vn -0.372264 0.875424 -0.308304
vn -0.206047 0.965717 -0.157906
vn 0.343627 0.832877 0.433862
vn 0.559535 0.358125 0.747441
vn 0.251576 0.907307 0.336902
vn -0.404995 0.692049 -0.597534
vn -0.298616 0.853287 -0.427468
vn 0.129476 0.990701 0.041792
vn 0.315309 0.948942 0.009435
vn 0.452482 0.891619 -0.016613
vn 0.038565 0.891773 -0.450836
vn -0.188877 0.901824 -0.388637
vn 0.091261 0.982522 0.162238
vn 0.136114 0.951435 0.276123
vn 0.116270 0.964470 0.237232
vn -0.053685 0.935442 -0.349380
vn -0.135525 0.798214 -0.586931
vn -0.072272 0.843301 -0.532560
vn -0.009941 0.952592 -0.304089
vn 0.061335 0.998044 0.012119
vn 0.107778 0.967318 0.229519
vn 0.093271 0.953754 0.285751
vn 0.070007 0.960871 0.268005
vn -0.271047 -0.382879 -0.883141
vn -0.444844 -0.609753 -0.655984
vn 0.121838 0.142310 -0.982295
vn 0.366296 0.487117 -0.792808
vn 0.356522 0.510925 -0.782207
vn 0.211179 0.358704 -0.909250
vn 0.156729 0.303766 -0.939767
vn 0.144225 0.275871 -0.950313
vn 0.080221 0.144525 -0.986244
vn 0.224943 0.320683 -0.920089
vn 0.420284 0.660834 -0.621819
vn 0.180288 0.207264 -0.961529
vn -0.137235 -0.296406 -0.945151
vn -0.132020 -0.055339 -0.989701
vn -0.225637 0.026136 -0.973861
vn -0.235604 0.167808 -0.957252
vn -0.082437 0.462059 -0.883009
vn 0.191387 0.790883 -0.581270
vn 0.311412 0.913178 -0.262924
vn -0.068919 0.618854 -0.782477
vn -0.264249 0.571171 -0.777133
vn -0.318192 0.732534 -0.601787
vn -0.415845 0.761961 -0.496476
vn -0.149254 0.988750 -0.009809
vn -0.095759 0.993163 0.066760
vn -0.065374 0.997860 -0.001393
vn -0.143688 0.961623 -0.233741
vn -0.306287 0.857574 -0.413226
vn -0.355356 0.865857 -0.352155
vn -0.099824 0.993444 -0.055710
vn 0.417625 0.747428 0.516663
vn 0.545526 0.412654 0.729464
vn 0.196425 0.963461 0.182099
vn -0.358811 0.663000 -0.657028
vn -0.172155 0.901760 -0.396473
vn 0.302816 0.940468 0.154344
vn 0.435343 0.895223 0.095143
vn 0.388213 0.921506 0.010857
vn -0.131441 0.839293 -0.527552
vn -0.103763 0.881815 -0.460039
vn 0.302771 0.952178 0.041064
vn 0.239545 0.970088 0.039349
vn 0.238438 0.934365 0.264782
vn -0.057182 0.960765 -0.271405
vn -0.143542 0.839864 -0.523473
vn -0.092507 0.847516 -0.522646
vn -0.043797 0.926415 -0.373948
vn 0.071797 0.996768 -0.036035
vn 0.173115 0.967668 0.183441
vn 0.186410 0.958413 0.216093
vn 0.171070 0.963119 0.207695
vn -0.240631 -0.376391 -0.894666
vn -0.420592 -0.595259 -0.684667
vn 0.154233 0.139025 -0.978205
vn 0.373334 0.469446 -0.800152
vn 0.329552 0.478549 -0.813871
vn 0.189113 0.340096 -0.921179
vn 0.166244 0.310167 -0.936034
vn 0.158409 0.273270 -0.948805
vn 0.114519 0.160041 -0.980445
vn 0.212147 0.326634 -0.921034
vn 0.343752 0.664322 -0.663710
vn 0.114447 0.262063 -0.958241
vn -0.167996 -0.312418 -0.934972
vn -0.173849 -0.178683 -0.968426
vn -0.247929 -0.072946 -0.966028
vn -0.249504 0.103993 -0.962774
vn -0.069967 0.447053 -0.891767
vn 0.213868 0.767586 -0.604212
vn 0.286222 0.888116 -0.359620
vn -0.093945 0.568828 -0.817074
vn -0.384971 0.321132 -0.865258
vn -0.411808 0.617559 -0.670100
vn -0.373224 0.784043 -0.495964
vn -0.125965 0.988387 -0.084992
vn -0.069632 0.994909 0.072857
vn -0.047126 0.997003 0.061351
vn -0.128256 0.973323 -0.190246
vn -0.253438 0.834529 -0.489214
vn -0.247012 0.855652 -0.454802
vn 0.007330 0.999780 -0.019660
vn 0.413049 0.703129 0.578792
vn 0.491593 0.476727 0.728744
vn 0.134776 0.986866 0.089054
vn -0.329081 0.647339 -0.687501
vn -0.114399 0.924041 -0.364776
vn 0.338571 0.890838 0.302948
vn 0.363486 0.908577 0.205829
vn 0.182974 0.983055 -0.011137
vn -0.277629 0.799999 -0.531905
vn -0.211690 0.918835 -0.333061
vn 0.099232 0.968238 0.229497
vn 0.020428 0.997815 0.062827
vn 0.201101 0.935129 0.291705
vn -0.050333 0.977885 -0.202994
vn -0.158908 0.871127 -0.464635
vn -0.131883 0.863624 -0.486581
vn -0.077249 0.912280 -0.402216
vn 0.106615 0.992411 -0.061268
vn 0.255000 0.951364 0.172864
vn 0.272327 0.949059 0.158511
vn 0.256802 0.958709 0.122187
vn -0.204986 -0.372651 -0.905048
vn -0.390497 -0.584029 -0.711634
vn 0.181772 0.128648 -0.974889
vn 0.360859 0.439976 -0.822315
vn 0.283408 0.438623 -0.852813
vn 0.172828 0.336236 -0.925784
vn 0.182398 0.325674 -0.927721
vn 0.175258 0.273296 -0.945830
vn 0.147641 0.180777 -0.972379
vn 0.177676 0.282625 -0.942632
vn 0.295153 0.647216 -0.702848
vn 0.037713 0.331072 -0.942851
vn -0.276410 -0.261947 -0.924652
vn -0.284941 -0.210949 -0.935045
vn -0.306371 -0.132467 -0.942650
vn -0.275223 0.051816 -0.959983
vn -0.076465 0.434600 -0.897372
vn 0.169890 0.768015 -0.617487
vn 0.160720 0.879227 -0.448475
vn -0.215251 0.521242 -0.825817
vn -0.401022 0.215890 -0.890266
vn -0.354994 0.520307 -0.776698
vn -0.259647 0.786243 -0.560718
vn -0.097667 0.974675 -0.201172
vn -0.050458 0.998259 0.030541
vn -0.037910 0.995173 0.090518
vn -0.103837 0.987548 -0.118179
vn -0.220485 0.855760 -0.468041
vn -0.211060 0.837877 -0.503405
vn 0.065746 0.997536 -0.024496
vn 0.396031 0.691656 0.603963
vn 0.424345 0.526603 0.736628
vn 0.086528 0.994507 0.058904
vn -0.315872 0.631845 -0.707812
vn -0.121298 0.930690 -0.345114
vn 0.259209 0.872566 0.414053
vn 0.170245 0.936258 0.307308
vn -0.155284 0.987610 -0.022638
vn -0.483499 0.745113 -0.459386
vn -0.312991 0.939942 -0.136182
vn 0.180199 0.942883 0.280179
vn 0.189972 0.979785 0.062699
vn 0.375994 0.909534 0.177133
vn -0.048771 0.958148 -0.282090
vn -0.221747 0.888107 -0.402608
vn -0.190332 0.887341 -0.420000
vn -0.108203 0.920177 -0.376253
vn 0.124998 0.991261 -0.042150
vn 0.307811 0.929987 0.200937
vn 0.340769 0.929150 0.143378
vn 0.331012 0.940733 0.073836
vn -0.163709 -0.372015 -0.913676
vn -0.352596 -0.575893 -0.737579
vn 0.196961 0.105995 -0.974665
vn 0.324929 0.393267 -0.860094
vn 0.236919 0.394875 -0.887662
vn 0.178338 0.342879 -0.922296
vn 0.201072 0.340555 -0.918473
vn 0.175041 0.278980 -0.944209
vn 0.133156 0.209848 -0.968624
vn 0.122040 0.244466 -0.961947
vn 0.256769 0.598448 -0.758901
vn 0.025649 0.341605 -0.939493
vn -0.333592 -0.271396 -0.902807
vn -0.350843 -0.203846 -0.913978
vn -0.345873 -0.155677 -0.925277
vn -0.290278 0.014448 -0.956833
vn -0.102266 0.407854 -0.907302
vn 0.096494 0.752204 -0.651827
vn 0.045271 0.841017 -0.539111
vn -0.261829 0.558155 -0.787342
vn -0.378174 0.236178 -0.895100
vn -0.287416 0.446804 -0.847206
vn -0.185626 0.745390 -0.640263
vn -0.086453 0.941301 -0.326309
vn -0.048389 0.997199 -0.057035
vn -0.040460 0.995761 0.082605
vn -0.097507 0.994433 -0.039933
vn -0.257306 0.883079 -0.392383
vn -0.244205 0.847465 -0.471345
vn 0.099178 0.995045 -0.006953
vn 0.401052 0.711335 0.577201
vn 0.404244 0.566957 0.717737
vn 0.057737 0.997603 0.038131
vn -0.333964 0.618624 -0.711177
vn -0.101299 0.947775 -0.302424
vn 0.248175 0.877633 0.410084
vn 0.005351 0.970744 0.240058
vn -0.460460 0.880018 -0.116383
vn -0.652599 0.663741 -0.365463
vn -0.276298 0.959377 0.057060
vn 0.195355 0.895132 0.400718
vn 0.258267 0.910896 0.321816
vn 0.253829 0.954716 0.155205
vn -0.164933 0.901123 -0.400966
vn -0.256673 0.889646 -0.377690
vn -0.207306 0.912860 -0.351725
vn -0.108487 0.939769 -0.324137
vn 0.130960 0.991372 -0.005633
vn 0.327068 0.908285 0.260855
vn 0.367478 0.910615 0.189050
vn 0.353571 0.930969 0.091019
vn -0.116620 -0.373538 -0.920255
vn -0.305413 -0.568890 -0.763601
vn 0.199216 0.062804 -0.977941
vn 0.280002 0.322514 -0.904203
vn 0.211211 0.353430 -0.911305
vn 0.194121 0.352680 -0.915387
vn 0.203028 0.350608 -0.914250
vn 0.158186 0.283340 -0.945883
vn 0.122558 0.222097 -0.967291
vn 0.136948 0.217737 -0.966352
vn 0.276736 0.528126 -0.802808
vn 0.040993 0.187783 -0.981355
vn -0.307138 -0.375479 -0.874461
vn -0.320925 -0.240426 -0.916080
vn -0.320953 -0.188614 -0.928124
vn -0.279904 -0.032936 -0.959463
vn -0.144397 0.348974 -0.925941
vn 0.003508 0.712556 -0.701607
vn -0.083400 0.786391 -0.612074
vn -0.349997 0.548954 -0.759047
vn -0.430917 0.327362 -0.840919
vn -0.329209 0.453063 -0.828466
vn -0.188781 0.709901 -0.678529
vn -0.093871 0.896825 -0.432311
vn -0.064472 0.983069 -0.171518
vn -0.037275 0.998561 0.038549
vn -0.092195 0.995721 -0.006371
vn -0.296334 0.890628 -0.344919
vn -0.255405 0.883849 -0.391892
vn 0.131070 0.989866 0.054653
vn 0.428012 0.726437 0.537676
vn 0.433239 0.608516 0.664840
vn 0.047767 0.997691 -0.048291
vn -0.336588 0.609099 -0.718127
vn -0.140936 0.954171 -0.263999
vn 0.122989 0.902513 0.412727
vn -0.210994 0.973356 0.089775
vn -0.554010 0.781099 -0.288022
vn -0.521546 0.784183 -0.336224
vn 0.045613 0.998723 0.021742
vn 0.466985 0.867061 0.173580
vn 0.380996 0.901487 0.205336
vn 0.151263 0.981640 0.116203
vn -0.292106 0.865513 -0.406892
vn -0.320992 0.869364 -0.375726
vn -0.252083 0.933723 -0.254196
vn -0.103593 0.969650 -0.221467
vn 0.141216 0.989579 0.028114
vn 0.310552 0.899873 0.306244
vn 0.295453 0.916479 0.269766
vn 0.248993 0.952800 0.173706
vn -0.066921 -0.374768 -0.924700
vn -0.247378 -0.558879 -0.791491
vn 0.191841 0.000865 -0.981426
vn 0.239613 0.232271 -0.942675
vn 0.200649 0.313623 -0.928106
vn 0.203088 0.357095 -0.911723
vn 0.210893 0.353735 -0.911260
vn 0.191511 0.275748 -0.941959
vn 0.195791 0.207030 -0.958543
vn 0.239652 0.189896 -0.952106
vn 0.317230 0.419264 -0.850637
vn 0.066894 0.041386 -0.996902
vn -0.235593 -0.474435 -0.848179
vn -0.233338 -0.331779 -0.914044
vn -0.259913 -0.254204 -0.931572
vn -0.257149 -0.107290 -0.960398
vn -0.191081 0.244259 -0.950698
vn -0.124778 0.631393 -0.765359
vn -0.253669 0.713539 -0.653080
vn -0.450569 0.542367 -0.709101
vn -0.461469 0.429191 -0.776429
vn -0.320740 0.516315 -0.794069
vn -0.171335 0.695552 -0.697748
vn -0.103049 0.847212 -0.521165
vn -0.085390 0.952837 -0.291222
vn -0.027915 0.999325 -0.023893
vn -0.076374 0.996727 -0.026503
vn -0.291932 0.888297 -0.354549
vn -0.205963 0.926644 -0.314500
vn 0.227090 0.963955 0.138637
vn 0.514972 0.703411 0.489915
vn 0.485797 0.669952 0.561396
vn 0.109978 0.979990 -0.165902
vn -0.215989 0.591114 -0.777131
vn -0.083630 0.928269 -0.362386
vn 0.066440 0.940884 0.332149
vn -0.166787 0.982186 -0.086564
vn -0.351626 0.788900 -0.503981
vn -0.267070 0.944114 -0.193192
vn 0.219268 0.886461 0.407564
vn 0.397464 0.833053 0.384767
vn 0.329928 0.925062 0.188169
vn 0.050917 0.994939 -0.086625
vn -0.303239 0.852076 -0.426628
vn -0.389018 0.825822 -0.408268
vn -0.258538 0.951842 -0.164788
vn -0.026154 0.995977 -0.085708
vn 0.219756 0.974391 0.047630
vn 0.395667 0.879602 0.264099
vn 0.333623 0.917966 0.214555
vn 0.226728 0.967523 0.111778
vn -0.020079 -0.376058 -0.926378
vn -0.179089 -0.542709 -0.820606
vn 0.177023 -0.069704 -0.981735
vn 0.203392 0.134690 -0.969789
vn 0.192508 0.268395 -0.943877
vn 0.212987 0.352364 -0.911305
vn 0.238912 0.361851 -0.901102
vn 0.244839 0.286713 -0.926202
vn 0.252780 0.214849 -0.943367
vn 0.274290 0.200387 -0.940537
vn 0.268279 0.324958 -0.906879
vn -0.000509 -0.048881 -0.998805
vn -0.193467 -0.476495 -0.857626
vn -0.169313 -0.424273 -0.889565
vn -0.198157 -0.337990 -0.920053
vn -0.214031 -0.206823 -0.954680
vn -0.207819 0.089726 -0.974043
vn -0.221529 0.467033 -0.856040
vn -0.329305 0.599910 -0.729154
vn -0.418145 0.537929 -0.731975
vn -0.362868 0.519738 -0.773433
vn -0.230944 0.580086 -0.781131
vn -0.132499 0.679622 -0.721497
vn -0.110030 0.790541 -0.602443
vn -0.109190 0.908344 -0.403718
vn -0.033241 0.995142 -0.092669
vn -0.070569 0.995858 -0.057333
vn -0.269575 0.888031 -0.372466
vn -0.153288 0.956614 -0.247775
vn 0.235425 0.934747 0.266127
vn 0.357446 0.746138 0.561704
vn 0.290496 0.773968 0.562660
vn 0.064518 0.995595 -0.068025
vn -0.127574 0.622484 -0.772165
vn 0.058252 0.852007 -0.520279
vn 0.207682 0.968778 0.135419
vn -0.020455 0.974264 -0.224479
vn -0.224696 0.751191 -0.620664
vn -0.298580 0.926612 -0.228560
vn -0.175359 0.788087 0.590058
vn -0.101487 0.592290 0.799308
vn -0.152081 0.813419 0.561446
vn -0.179652 0.982843 0.041763
vn -0.276845 0.842312 -0.462457
vn -0.355041 0.776346 -0.520799
vn -0.163802 0.976624 -0.139193
vn 0.124975 0.991106 0.045715
vn 0.389190 0.915350 0.103271
vn 0.522059 0.831558 0.189646
vn 0.377755 0.924234 0.055608
vn 0.211847 0.975149 -0.064848
vn 0.019378 -0.378407 -0.925437
vn -0.108189 -0.518603 -0.848143
vn 0.159802 -0.141815 -0.976909
vn 0.174824 0.035528 -0.983959
vn 0.192418 0.211087 -0.958341
vn 0.234783 0.337967 -0.911403
vn 0.261779 0.372354 -0.890407
vn 0.245350 0.319071 -0.915422
vn 0.210540 0.256235 -0.943407
vn 0.184862 0.249088 -0.950674
vn 0.135670 0.284837 -0.948927
vn -0.063300 0.031688 -0.997491
vn -0.211613 -0.375431 -0.902370
vn -0.172340 -0.446723 -0.877917
vn -0.153065 -0.396054 -0.905379
vn -0.153468 -0.303241 -0.940475
vn -0.166268 -0.089253 -0.982033
vn -0.196300 0.238638 -0.951061
vn -0.245954 0.455477 -0.855598
vn -0.261885 0.516829 -0.815048
vn -0.205787 0.556376 -0.805045
vn -0.138476 0.602630 -0.785915
vn -0.108860 0.656110 -0.746772
vn -0.129609 0.727545 -0.673706
vn -0.143384 0.852187 -0.503208
vn -0.060921 0.983639 -0.169540
vn -0.080160 0.993135 -0.085186
vn -0.235250 0.899174 -0.368976
vn -0.076984 0.976492 -0.201340
vn 0.252724 0.915000 0.314493
vn 0.238359 0.836427 0.493532
vn 0.145438 0.808695 0.569966
vn 0.084801 0.984904 0.150906
vn -0.149860 0.708566 -0.689547
vn 0.037464 0.837406 -0.545295
vn 0.190736 0.981171 -0.030376
vn -0.127323 0.938137 -0.322006
vn -0.364375 0.696812 -0.617806
vn -0.391556 0.837842 -0.380400
vn -0.209961 0.899076 0.384160
vn -0.156726 0.638614 0.753399
vn -0.286648 0.632975 0.719150
vn -0.304531 0.863953 0.401056
vn -0.329231 0.849263 -0.412747
vn -0.339565 0.722014 -0.602820
vn -0.021267 0.989892 -0.140219
vn 0.346443 0.929485 0.126628
vn 0.516322 0.847520 0.122971
vn 0.485506 0.862431 0.143169
vn 0.264286 0.963802 -0.035182
vn 0.120888 0.982472 -0.141894
vn 0.049355 -0.380111 -0.923623
vn -0.044808 -0.488087 -0.871644
vn 0.143227 -0.208610 -0.967454
vn 0.153236 -0.058191 -0.986475
vn 0.193341 0.146926 -0.970068
vn 0.247589 0.317916 -0.915221
vn 0.259359 0.373556 -0.890611
vn 0.208631 0.331683 -0.920033
vn 0.134161 0.276039 -0.951737
vn 0.080949 0.270247 -0.959382
vn 0.025157 0.270450 -0.962405
vn -0.111650 0.059252 -0.991980
vn -0.216583 -0.269405 -0.938356
vn -0.193014 -0.401131 -0.895455
vn -0.141255 -0.397739 -0.906560
vn -0.115381 -0.354955 -0.927736
vn -0.103794 -0.223913 -0.969067
vn -0.093534 0.030848 -0.995138
vn -0.098264 0.288140 -0.952533
vn -0.109372 0.445768 -0.888442
vn -0.107601 0.535340 -0.837755
vn -0.107976 0.591046 -0.799379
vn -0.125555 0.630272 -0.766155
vn -0.172694 0.667780 -0.724049
vn -0.176900 0.794327 -0.581163
vn -0.086115 0.961939 -0.259342
vn -0.090538 0.988032 -0.124882
vn -0.192777 0.921813 -0.336301
vn -0.046687 0.986044 -0.159805
vn 0.135426 0.937999 0.319088
vn -0.019618 0.906002 0.422819
vn 0.040232 0.765363 0.642340
vn 0.088278 0.882915 0.461159
vn -0.170829 0.897503 -0.406578
vn -0.043133 0.891715 -0.450537
vn 0.035634 0.983871 -0.175296
vn -0.328383 0.828500 -0.453600
vn -0.549211 0.607716 -0.573628
vn -0.443896 0.826051 -0.347268
vn -0.053024 0.975304 0.214409
vn 0.063887 0.864341 0.498832
vn -0.040275 0.804727 0.592278
vn 0.006806 0.820632 0.571416
vn 0.003722 0.981189 -0.193015
vn -0.078246 0.629695 -0.772892
vn 0.131579 0.934361 -0.331145
vn 0.287519 0.912376 0.291380
vn 0.323071 0.881949 0.343207
vn 0.288381 0.935221 0.205420
vn 0.163321 0.985796 -0.039146
vn 0.108467 0.980439 -0.164239
vn 0.072074 -0.379262 -0.922478
vn 0.005823 -0.455654 -0.890138
vn 0.130579 -0.265807 -0.955142
vn 0.135806 -0.143367 -0.980307
vn 0.179652 0.076032 -0.980787
vn 0.224450 0.289624 -0.930452
vn 0.212638 0.372622 -0.903293
vn 0.135002 0.333204 -0.933139
vn 0.048418 0.279274 -0.958990
vn 0.008095 0.275579 -0.961244
vn -0.022825 0.260159 -0.965296
vn -0.122302 0.082838 -0.989030
vn -0.217759 -0.190635 -0.957204
vn -0.214673 -0.330308 -0.919137
vn -0.169365 -0.353576 -0.919945
vn -0.126349 -0.343009 -0.930796
vn -0.068789 -0.268143 -0.960920
vn -0.009229 -0.093821 -0.995546
vn 0.006943 0.130060 -0.991482
vn -0.020574 0.328584 -0.944251
vn -0.061964 0.464960 -0.883160
vn -0.103086 0.547475 -0.830448
vn -0.150506 0.591444 -0.792175
vn -0.200296 0.617238 -0.760854
vn -0.179927 0.746852 -0.640186
vn -0.117345 0.925306 -0.360609
vn -0.159893 0.971195 -0.176678
vn -0.235160 0.937832 -0.255287
vn -0.178330 0.978085 -0.107462
vn -0.219452 0.946135 0.238051
vn -0.396930 0.842640 0.363874
vn -0.221713 0.632880 0.741826
vn 0.007601 0.609864 0.792470
vn -0.178354 0.982727 -0.049370
vn -0.076535 0.938485 -0.336733
vn -0.163684 0.924667 -0.343801
vn -0.527301 0.630633 -0.569434
vn -0.621721 0.567565 -0.539753
vn -0.279081 0.933403 -0.225548
vn 0.328598 0.932625 0.149113
vn 0.522876 0.844021 0.119288
vn 0.550065 0.827150 0.115115
vn 0.483781 0.832816 0.269023
vn 0.276630 0.944641 -0.176435
vn 0.074588 0.658253 -0.749092
vn 0.101380 0.787723 -0.607631
vn -0.035854 0.968843 0.245066
vn -0.231512 0.776816 0.585627
vn -0.243327 0.799711 0.548866
vn -0.110881 0.950953 0.288780
vn -0.040502 0.995262 0.088391
vn 0.093425 -0.374629 -0.922456
vn 0.045669 -0.424980 -0.904050
vn 0.128881 -0.311957 -0.941314
vn 0.126265 -0.224444 -0.966272
vn 0.155331 -0.014935 -0.987750
vn 0.175192 0.228658 -0.957614
vn 0.132520 0.352349 -0.926439
vn 0.029569 0.330167 -0.943459
vn -0.045339 0.292457 -0.955203
vn -0.046794 0.301047 -0.952461
vn -0.045848 0.272476 -0.961070
vn -0.123945 0.100367 -0.987200
vn -0.224498 -0.140630 -0.964274
vn -0.253652 -0.265872 -0.930039
vn -0.223778 -0.287547 -0.931257
vn -0.150458 -0.277936 -0.948743
vn -0.044140 -0.235831 -0.970791
vn 0.036789 -0.143529 -0.988962
vn 0.054611 0.005737 -0.998491
vn 0.030594 0.192689 -0.980783
vn -0.008467 0.355113 -0.934785
vn -0.049458 0.463889 -0.884512
vn -0.093473 0.520274 -0.848869
vn -0.121426 0.558878 -0.820312
vn -0.045128 0.697673 -0.714993
vn 0.102050 0.853871 -0.510382
vn 0.177872 0.907327 -0.380944
vn 0.213961 0.894805 -0.391847
vn 0.250136 0.918574 -0.306029
vn 0.139268 0.983823 -0.112676
vn -0.133409 0.986337 0.096646
vn -0.119694 0.715433 0.688352
vn 0.050812 0.439635 0.896738
vn -0.092128 0.934180 0.344702
vn -0.210273 0.950878 -0.227192
vn -0.424753 0.777172 -0.464316
vn -0.604350 0.504073 -0.616986
vn -0.520322 0.671813 -0.527194
vn -0.160367 0.986143 -0.042472
vn 0.153053 0.904249 0.398632
vn 0.207617 0.897640 0.388765
vn 0.335050 0.879212 0.338713
vn 0.292118 0.915174 0.277712
vn 0.039879 0.999112 0.013622
vn -0.081203 0.887064 -0.454448
vn 0.072394 0.765252 -0.639647
vn 0.096835 0.952168 -0.289826
vn -0.327001 0.888696 0.321388
vn -0.442693 0.621061 0.646766
vn -0.326993 0.649460 0.686496
vn -0.291135 0.771941 0.565108
vn 0.119351 -0.364549 -0.923504
vn 0.080539 -0.396727 -0.914397
vn 0.143952 -0.344183 -0.927801
vn 0.134464 -0.302411 -0.943645
vn 0.148410 -0.132682 -0.979985
vn 0.142913 0.106471 -0.983992
vn 0.071550 0.269311 -0.960392
vn -0.038843 0.290282 -0.956153
vn -0.084167 0.294602 -0.951906
vn -0.053892 0.327096 -0.943453
vn -0.041901 0.293644 -0.954996
vn -0.124719 0.112768 -0.985763
vn -0.244814 -0.119554 -0.962171
vn -0.281949 -0.222228 -0.933338
vn -0.220404 -0.224867 -0.949135
vn -0.101176 -0.204701 -0.973582
vn 0.007989 -0.186240 -0.982472
vn 0.057775 -0.158163 -0.985721
vn 0.065133 -0.074370 -0.995101
vn 0.060599 0.078224 -0.995092
vn 0.045655 0.241806 -0.969250
vn 0.021519 0.367638 -0.929720
vn -0.004200 0.441516 -0.897243
vn 0.002007 0.501399 -0.865214
vn 0.115408 0.659236 -0.743027
vn 0.267130 0.798165 -0.539976
vn 0.366281 0.826587 -0.427308
vn 0.447368 0.801383 -0.397048
vn 0.469671 0.786370 -0.401288
vn 0.349375 0.854539 -0.384318
vn 0.027154 0.952175 -0.304344
vn -0.024810 0.910589 0.412568
vn 0.217565 0.421629 0.880281
vn 0.054093 0.808741 0.585672
vn -0.312790 0.935569 -0.163929
vn -0.468666 0.706800 -0.529892
vn -0.460685 0.565302 -0.684253
vn -0.256047 0.817080 -0.516547
vn -0.016809 0.999549 -0.024883
vn -0.131981 0.924049 0.358769
vn -0.293871 0.768099 0.568915
vn -0.103296 0.667304 0.737587
vn 0.024740 0.864037 0.502820
vn -0.163558 0.980433 0.109541
vn -0.344079 0.933330 -0.102493
vn -0.359453 0.886026 -0.292834
vn -0.308182 0.905095 -0.292963
vn -0.360362 0.932777 -0.008189
vn -0.294248 0.817879 0.494461
vn -0.234277 0.649765 0.723131
vn -0.283852 0.640681 0.713412
vn 0.151815 -0.347054 -0.925476
vn 0.115270 -0.369034 -0.922240
vn 0.174061 -0.358208 -0.917273
vn 0.161018 -0.365419 -0.916811
vn 0.164601 -0.255421 -0.952716
vn 0.143580 -0.062184 -0.987683
vn 0.069225 0.113797 -0.991089
vn -0.024285 0.193947 -0.980711
vn -0.055935 0.258843 -0.964298
vn -0.036132 0.329558 -0.943444
vn -0.041822 0.314184 -0.948440
vn -0.129009 0.129188 -0.983192
vn -0.226980 -0.115631 -0.967011
vn -0.208140 -0.204997 -0.956376
vn -0.093416 -0.187399 -0.977832
vn 0.018297 -0.166189 -0.985924
vn 0.065226 -0.168911 -0.983471
vn 0.062874 -0.171114 -0.983243
vn 0.062293 -0.117972 -0.991061
vn 0.075666 0.002918 -0.997129
vn 0.077379 0.149134 -0.985785
vn 0.054700 0.280721 -0.958229
vn 0.025173 0.381528 -0.924014
vn 0.033202 0.480836 -0.876182
vn 0.079763 0.658210 -0.748597
vn 0.075287 0.841578 -0.534862
vn 0.058002 0.940986 -0.333438
vn 0.095360 0.967687 -0.233427
vn 0.045078 0.947197 -0.317467
vn -0.159971 0.902399 -0.400107
vn -0.360219 0.850005 -0.384360
vn -0.113414 0.969871 0.215609
vn 0.372861 0.465992 0.802388
vn 0.127499 0.775869 0.617877
vn -0.462961 0.876507 -0.131919
vn -0.614480 0.667710 -0.420211
vn -0.522131 0.653331 -0.548213
vn -0.236365 0.911036 -0.337854
vn -0.078278 0.995242 -0.058024
vn -0.195353 0.977447 0.080211
vn -0.181750 0.867861 0.462368
vn 0.132920 0.564971 0.814334
vn -0.017710 0.746991 0.664599
vn -0.570887 0.795135 0.204570
vn -0.791971 0.573182 0.210346
vn -0.808869 0.541264 0.229705
vn -0.730193 0.668454 0.141376
vn -0.441263 0.894040 0.077322
vn -0.070026 0.959387 0.273264
vn 0.057559 0.875106 0.480497
vn 0.032141 0.846757 0.531008
vn 0.188750 -0.321877 -0.927776
vn 0.152272 -0.339083 -0.928351
vn 0.210199 -0.353481 -0.911519
vn 0.192633 -0.401567 -0.895341
vn 0.188133 -0.353466 -0.916334
vn 0.166287 -0.226990 -0.959596
vn 0.109652 -0.071397 -0.991403
vn 0.032713 0.051890 -0.998117
vn -0.016392 0.172541 -0.984866
vn -0.039672 0.291402 -0.955778
vn -0.075943 0.323996 -0.943005
vn -0.143216 0.177050 -0.973726
vn -0.166102 -0.063792 -0.984043
vn -0.079135 -0.165632 -0.983008
vn 0.026367 -0.154493 -0.987642
vn 0.070438 -0.146830 -0.986651
vn 0.060910 -0.165289 -0.984362
vn 0.044560 -0.175914 -0.983396
vn 0.060717 -0.133232 -0.989223
vn 0.097168 -0.040602 -0.994439
vn 0.113646 0.069667 -0.991076
vn 0.094507 0.181910 -0.978763
vn 0.064055 0.299161 -0.952050
vn 0.057283 0.436683 -0.897790
vn 0.057288 0.600883 -0.797281
vn 0.053137 0.777929 -0.626101
vn 0.071467 0.918077 -0.389907
vn 0.014999 0.968902 -0.246992
vn -0.198166 0.920770 -0.336024
vn -0.392802 0.817840 -0.420528
vn -0.448394 0.798577 -0.401518
vn -0.092491 0.980340 0.174297
vn 0.431236 0.480437 0.763686
vn 0.035913 0.797704 0.601979
vn -0.685528 0.714895 -0.137757
vn -0.760534 0.610062 -0.222288
vn -0.558822 0.780339 -0.280694
vn -0.264394 0.949130 -0.171018
vn -0.251359 0.963325 -0.093931
vn -0.286978 0.957936 -0.001593
vn -0.029225 0.905194 0.423994
vn 0.343746 0.490427 0.800824
vn 0.068140 0.753015 0.654465
vn -0.602529 0.795685 -0.062001
vn -0.653735 0.753727 0.067273
vn -0.439081 0.890510 0.119161
vn 0.066569 0.983240 -0.169729
vn 0.453279 0.814083 -0.363053
vn 0.584288 0.759924 -0.284820
vn 0.594436 0.778437 -0.201695
vn 0.566775 0.806048 -0.170447
vn 0.226789 -0.290753 -0.929532
vn 0.191626 -0.304221 -0.933129
vn 0.246077 -0.335809 -0.909219
vn 0.226151 -0.412885 -0.882260
vn 0.222194 -0.416043 -0.881781
vn 0.210757 -0.355911 -0.910444
vn 0.173937 -0.247702 -0.953095
vn 0.109878 -0.123808 -0.986204
vn 0.039587 0.018075 -0.999053
vn -0.032683 0.174112 -0.984183
vn -0.112330 0.275532 -0.954706
vn -0.177229 0.235568 -0.955561
vn -0.172783 0.078577 -0.981821
vn -0.090866 -0.037948 -0.995140
vn -0.020505 -0.076359 -0.996870
vn -0.003274 -0.101948 -0.994784
vn -0.007234 -0.133702 -0.990995
vn 0.010009 -0.147666 -0.988987
vn 0.065227 -0.115189 -0.991200
vn 0.127286 -0.052835 -0.990458
vn 0.161532 0.013329 -0.986778
vn 0.160795 0.084020 -0.983405
vn 0.138452 0.186292 -0.972690
vn 0.115101 0.340202 -0.933281
vn 0.108618 0.513945 -0.850919
vn 0.171323 0.704295 -0.688925
vn 0.269468 0.844617 -0.462612
vn 0.243528 0.874368 -0.419731
vn 0.074416 0.820596 -0.566643
vn -0.110887 0.748527 -0.653767
vn -0.238588 0.766996 -0.595645
vn 0.007086 0.997837 0.065360
vn 0.378466 0.496373 0.781267
vn -0.081330 0.881277 0.465549
vn -0.616449 0.689885 -0.379539
vn -0.580496 0.775551 -0.248082
vn -0.392922 0.909375 -0.136562
vn -0.286022 0.952400 -0.105474
vn -0.261371 0.955842 -0.134354
vn -0.158012 0.987278 -0.017741
vn 0.158856 0.878660 0.450246
vn 0.411188 0.445685 0.795166
vn 0.304164 0.880446 0.363728
vn 0.022203 0.907337 -0.419818
vn 0.175822 0.934470 -0.309601
vn 0.305052 0.935707 -0.177189
vn 0.358626 0.890056 -0.281402
vn 0.359266 0.886043 -0.293012
vn 0.380450 0.922791 0.060956
vn 0.440581 0.891012 0.109484
vn 0.422380 0.896242 0.135444
vn 0.258536 -0.254980 -0.931742
vn 0.227769 -0.264129 -0.937207
vn 0.275290 -0.307979 -0.910694
vn 0.260866 -0.401235 -0.878043
vn 0.267345 -0.439703 -0.857431
vn 0.272466 -0.434815 -0.858311
vn 0.258759 -0.388732 -0.884269
vn 0.219573 -0.306747 -0.926118
vn 0.158492 -0.193214 -0.968271
vn 0.078143 -0.048947 -0.995740
vn -0.017820 0.092637 -0.995540
vn -0.101803 0.170102 -0.980154
vn -0.139524 0.147690 -0.979143
vn -0.123018 0.075053 -0.989562
vn -0.091046 0.006937 -0.995822
vn -0.073924 -0.047689 -0.996123
vn -0.051166 -0.084025 -0.995149
vn 0.005345 -0.093759 -0.995581
vn 0.085402 -0.073125 -0.993659
vn 0.152382 -0.038196 -0.987583
vn 0.197494 -0.001672 -0.980303
vn 0.217916 0.026906 -0.975597
vn 0.200125 0.077902 -0.976668
vn 0.148709 0.211650 -0.965966
vn 0.118628 0.431500 -0.894279
vn 0.195905 0.691735 -0.695071
vn 0.311521 0.837139 -0.449615
vn 0.321257 0.815487 -0.481430
vn 0.218620 0.716442 -0.662507
vn 0.017461 0.609081 -0.792916
vn -0.157167 0.639622 -0.752451
vn 0.035225 0.995592 -0.086924
vn 0.263216 0.562469 0.783802
vn 0.187266 0.898880 0.396165
vn -0.075741 0.712311 -0.697765
vn -0.093146 0.833366 -0.544817
vn -0.161615 0.954213 -0.251712
vn -0.216184 0.963575 -0.157441
vn -0.155677 0.980812 -0.117354
vn -0.013771 0.999846 -0.010864
vn 0.166450 0.878064 0.448662
vn 0.199720 0.484296 0.851803
vn 0.214200 0.784985 0.581306
vn 0.361501 0.888431 -0.282855
vn 0.427955 0.802862 -0.415051
vn 0.264042 0.921081 -0.286166
vn -0.145444 0.969403 -0.197749
vn -0.463395 0.881317 0.092437
vn -0.508117 0.656457 0.557567
vn -0.433924 0.420237 0.796938
vn -0.398024 0.307455 0.864320
vn 0.270631 -0.220099 -0.937185
vn 0.250703 -0.228552 -0.940697
vn 0.278086 -0.267432 -0.922577
vn 0.270015 -0.358490 -0.893631
vn 0.286941 -0.414369 -0.863692
vn 0.306544 -0.445582 -0.841123
vn 0.315548 -0.452036 -0.834322
vn 0.310088 -0.426322 -0.849762
vn 0.287706 -0.368613 -0.883940
vn 0.246857 -0.279681 -0.927815
vn 0.185014 -0.164933 -0.968797
vn 0.108825 -0.045983 -0.992997
vn 0.033269 0.030958 -0.998967
vn -0.030105 0.043031 -0.998620
vn -0.083984 0.014076 -0.996368
vn -0.120791 -0.015227 -0.992561
vn -0.114087 -0.017361 -0.993319
vn -0.060855 0.001780 -0.998145
vn 0.002238 0.020468 -0.999788
vn 0.056016 0.042456 -0.997527
vn 0.116049 0.072689 -0.990580
vn 0.174497 0.074738 -0.981817
vn 0.198467 0.047222 -0.978969
vn 0.167649 0.082475 -0.982391
vn 0.142486 0.303126 -0.942238
vn 0.183560 0.659837 -0.728643
vn 0.211030 0.871307 -0.443046
vn 0.144920 0.869000 -0.473115
vn 0.085552 0.762178 -0.641690
vn 0.016338 0.539302 -0.841954
vn -0.064327 0.473161 -0.878624
vn 0.113497 0.948307 -0.296365
vn 0.195283 0.700320 0.686597
vn 0.238505 0.878143 0.414705
vn 0.256213 0.667487 -0.699153
vn 0.328919 0.578720 -0.746254
vn 0.384228 0.762974 -0.519846
vn 0.301224 0.806734 -0.508374
vn 0.270109 0.917538 -0.291830
vn 0.291523 0.946292 -0.139807
vn 0.274467 0.933757 0.229710
vn 0.077703 0.664599 0.743149
vn 0.005214 0.642431 0.766325
vn 0.201537 0.969688 0.138161
vn 0.263054 0.881940 -0.391131
vn 0.264616 0.844856 -0.464969
vn 0.132962 0.822677 -0.552741
vn -0.096416 0.887899 -0.449821
vn -0.354625 0.931276 0.083459
vn -0.502776 0.585979 0.635488
vn -0.526761 0.347973 0.775524
vn 0.239331 -0.203067 -0.949465
vn 0.244460 -0.220114 -0.944346
vn 0.212073 -0.217403 -0.952765
vn 0.188828 -0.274707 -0.942804
vn 0.196310 -0.321609 -0.926299
vn 0.216899 -0.362236 -0.906498
vn 0.243238 -0.395681 -0.885591
vn 0.271349 -0.412530 -0.869591
vn 0.292139 -0.406580 -0.865649
vn 0.294476 -0.376128 -0.878528
vn 0.270200 -0.318048 -0.908756
vn 0.214535 -0.230584 -0.949108
vn 0.122828 -0.134197 -0.983313
vn 0.002462 -0.066813 -0.997762
vn -0.115696 -0.038905 -0.992522
vn -0.198948 -0.018427 -0.979837
vn -0.241769 0.030338 -0.969860
vn -0.265576 0.100493 -0.958838
vn -0.287904 0.157190 -0.944670
vn -0.284263 0.213008 -0.934784
vn -0.221015 0.278184 -0.934754
vn -0.108178 0.295318 -0.949255
vn 0.005534 0.215188 -0.976557
vn 0.075803 0.114788 -0.990494
vn 0.134179 0.215852 -0.967163
vn 0.170852 0.554844 -0.814222
vn 0.117253 0.836937 -0.534592
vn 0.035002 0.879053 -0.475437
vn 0.112106 0.831840 -0.543575
vn 0.118009 0.540878 -0.832781
vn -0.034733 0.318938 -0.947139
vn 0.167587 0.870616 -0.462540
vn 0.238654 0.855295 0.459908
vn 0.083786 0.895145 0.437830
vn 0.061069 0.821763 -0.566548
vn 0.342378 0.641500 -0.686480
vn 0.455507 0.737997 -0.497869
vn 0.261699 0.655062 -0.708807
vn 0.276889 0.889710 -0.362971
vn 0.355776 0.921343 -0.156685
vn 0.386561 0.922152 -0.014373
vn 0.291286 0.877057 0.382000
vn 0.130362 0.635572 0.760956
vn 0.029461 0.895924 0.443230
vn -0.041507 0.970731 -0.236554
vn -0.021437 0.922048 -0.386482
vn -0.062159 0.818885 -0.570582
vn -0.124540 0.788265 -0.602601
vn -0.203531 0.913610 -0.351984
vn -0.384140 0.914690 0.125618
vn -0.507032 0.789173 0.346590
vn 0.208002 -0.201322 -0.957186
vn 0.231399 -0.226053 -0.946232
vn 0.153411 -0.190275 -0.969670
vn 0.113314 -0.219270 -0.969062
vn 0.107685 -0.251632 -0.961814
vn 0.123369 -0.287640 -0.949760
vn 0.156536 -0.326844 -0.932024
vn 0.201709 -0.361155 -0.910429
vn 0.244700 -0.381120 -0.891554
vn 0.268512 -0.380888 -0.884774
vn 0.260619 -0.353580 -0.898364
vn 0.209985 -0.290345 -0.933598
vn 0.107622 -0.200966 -0.973668
vn -0.028525 -0.121645 -0.992164
vn -0.151970 -0.073634 -0.985638
vn -0.238289 -0.034274 -0.970589
vn -0.307626 0.034523 -0.950881
vn -0.388845 0.132014 -0.911796
vn -0.467709 0.218241 -0.856516
vn -0.495316 0.299423 -0.815480
vn -0.440688 0.390646 -0.808201
vn -0.313922 0.433217 -0.844853
vn -0.167905 0.356989 -0.918894
vn -0.026875 0.201514 -0.979117
vn 0.107427 0.201326 -0.973616
vn 0.164133 0.488790 -0.856823
vn 0.081058 0.797730 -0.597542
vn 0.018797 0.878538 -0.477302
vn 0.152960 0.874836 -0.459637
vn 0.085446 0.588931 -0.803654
vn -0.136571 0.286490 -0.948300
vn 0.170716 0.844435 -0.507725
vn 0.289452 0.904302 0.313776
vn 0.065840 0.902326 0.425996
vn -0.008629 0.825447 -0.564414
vn 0.301257 0.862433 -0.406760
vn 0.211127 0.886883 -0.410930
vn -0.069380 0.722962 -0.687396
vn 0.015530 0.964562 -0.263398
vn 0.228320 0.971782 -0.059246
vn 0.387059 0.919433 -0.069483
vn 0.388768 0.901024 0.192392
vn 0.289771 0.637895 0.713528
vn 0.115569 0.840800 0.528866
vn -0.115056 0.975814 -0.185872
vn -0.229082 0.929550 -0.288892
vn -0.356983 0.817045 -0.452770
vn -0.361692 0.764748 -0.533235
vn -0.302570 0.852458 -0.426340
vn -0.410877 0.905266 -0.108045
vn -0.540565 0.838546 0.068041
vn 0.788079 -0.582984 0.197639
vn 0.818437 -0.569856 0.073653
vn 0.774260 -0.600123 0.200935
vn 0.727463 -0.624322 0.284640
vn 0.833673 -0.542165 -0.105103
vn 0.825129 -0.561665 0.060784
vn 0.824542 -0.537081 -0.177974
vn 0.833067 -0.552279 -0.031422
vn 0.818176 -0.538591 -0.201264
vn 0.829863 -0.549883 -0.094632
vn 0.821107 -0.536907 -0.193688
vn 0.827575 -0.544379 -0.137006
vn 0.830777 -0.532736 -0.161252
vn 0.828240 -0.536866 -0.160603
vn 0.841322 -0.528430 -0.113753
vn 0.831061 -0.530996 -0.165470
vn 0.848732 -0.525014 -0.063366
vn 0.834085 -0.529430 -0.154941
vn 0.850848 -0.524975 -0.021428
vn 0.833805 -0.534700 -0.137351
vn 0.850041 -0.526715 0.000980
vn 0.830430 -0.543046 -0.124451
vn 0.851945 -0.523625 -0.002598
vn 0.828257 -0.545673 -0.127403
vn 0.858690 -0.511449 -0.032727
vn 0.829889 -0.536914 -0.151683
vn 0.866375 -0.492354 -0.083560
vn 0.833716 -0.517292 -0.193201
vn 0.868179 -0.474701 -0.144652
vn 0.835577 -0.494809 -0.238695
vn 0.858272 -0.465580 -0.215879
vn 0.829416 -0.482662 -0.281259
vn 0.823882 -0.466531 -0.321819
vn 0.801605 -0.493473 -0.337511
vn 0.744604 -0.454265 -0.489090
vn 0.736128 -0.511672 -0.443066
vn 0.637505 -0.375246 -0.672888
vn 0.650732 -0.463096 -0.601738
vn 0.681723 -0.201723 -0.703251
vn 0.624510 -0.247706 -0.740694
vn 0.860298 -0.166522 -0.481827
vn 0.596183 -0.043024 -0.801695
vn 0.931646 -0.318075 -0.175681
vn 0.620811 0.044239 -0.782711
vn 0.893365 -0.447102 -0.044710
vn 0.778076 0.013360 -0.628028
vn 0.839344 -0.520037 -0.158311
vn 0.679963 -0.190105 -0.708174
vn 0.743621 -0.493213 -0.451407
vn 0.513408 -0.340906 -0.787525
vn 0.609560 -0.108385 -0.785296
vn 0.493102 -0.095363 -0.864729
vn 0.492922 0.411814 -0.766444
vn 0.521122 0.306319 -0.796618
vn 0.395313 0.721434 -0.568560
vn 0.450125 0.637872 -0.624905
vn 0.356985 0.850936 -0.385317
vn 0.357204 0.833360 -0.421802
vn 0.334663 0.549223 -0.765738
vn 0.280976 0.597377 -0.751128
vn 0.155016 0.022911 -0.987646
vn 0.139132 0.043145 -0.989333
vn 0.685711 0.339226 -0.643992
vn 0.617138 0.532111 -0.579654
vn 0.957981 0.286189 -0.019179
vn 0.676717 0.702831 0.219276
vn 0.918079 0.359422 -0.167172
vn 0.500305 0.865530 -0.023503
vn 0.362050 0.615716 -0.699867
vn 0.083321 0.877623 -0.472055
vn 0.230087 0.847667 -0.478039
vn 0.262647 0.928148 -0.263736
vn 0.469640 0.843732 -0.259913
vn 0.439281 0.854033 -0.278677
vn 0.212944 0.390779 -0.895515
vn 0.181008 0.401034 -0.898002
vn 0.570814 0.620739 -0.537452
vn 0.281346 0.660830 -0.695807
vn 0.863153 0.457955 -0.212708
vn 0.473270 0.873423 0.114666
vn 0.835442 0.385619 -0.391580
vn 0.544067 0.838887 -0.016116
vn 0.686028 0.627927 -0.367524
vn 0.519739 0.823551 -0.227236
vn 0.591135 0.748123 0.301447
vn 0.538502 0.820738 0.190801
vn 0.321346 0.877116 0.356938
vn 0.279278 0.935303 0.217282
vn 0.179010 0.961367 -0.209116
vn 0.129504 0.981496 -0.141048
vn 0.347404 0.850314 -0.395318
vn 0.215195 0.919462 -0.329060
vn 0.412951 0.665847 -0.621385
vn 0.283927 0.773945 -0.566035
vn 0.454636 0.586796 -0.670057
vn 0.388238 0.663139 -0.639935
vn 0.569251 0.596177 -0.566150
vn 0.515804 0.665094 -0.539997
vn 0.643432 0.595200 -0.481386
vn 0.569351 0.659986 -0.490162
vn 0.635816 0.588120 -0.499853
vn 0.552988 0.629386 -0.545965
vn 0.692127 -0.594506 0.409296
vn 0.651118 -0.632888 0.418925
vn 0.753579 -0.548063 0.362969
vn 0.790099 -0.543032 0.284360
vn 0.812817 -0.548554 0.196003
vn 0.826564 -0.553637 0.101380
vn 0.831453 -0.555594 0.000465
vn 0.826492 -0.554002 -0.099958
vn 0.813817 -0.550593 -0.185874
vn 0.797721 -0.551267 -0.244430
vn 0.782453 -0.558573 -0.275252
vn 0.770998 -0.565429 -0.293006
vn 0.765556 -0.561807 -0.313523
vn 0.767275 -0.543073 -0.341117
vn 0.773412 -0.515440 -0.368994
vn 0.776232 -0.498633 -0.385783
vn 0.766660 -0.515973 -0.382105
vn 0.744993 -0.562559 -0.358486
vn 0.740095 -0.571728 -0.354100
vn 0.763524 -0.439382 -0.473259
vn 0.496858 -0.221844 -0.838998
vn 0.278275 0.069586 -0.957978
vn 0.639090 0.242799 -0.729803
vn 0.621457 0.050688 -0.781807
vn 0.529124 -0.205743 -0.823224
vn 0.585426 -0.227907 -0.778033
vn 0.699755 -0.030857 -0.713717
vn 0.705728 0.274301 -0.653228
vn 0.594307 0.607633 -0.526860
vn 0.467220 0.540065 -0.700025
vn 0.424911 0.012161 -0.905153
vn 0.784073 0.515887 -0.345094
vn 0.701827 0.711231 0.039881
vn 0.567078 0.738713 -0.364315
vn 0.567889 0.570822 -0.593013
vn 0.490316 0.781234 -0.386346
vn 0.411986 0.856864 -0.309921
vn 0.239710 0.487765 -0.839419
vn 0.495372 0.524018 -0.692829
vn 0.364243 0.931159 0.016430
vn 0.298847 0.916249 0.266793
vn 0.510573 0.859515 -0.023450
vn 0.675421 0.716785 -0.173278
vn 0.609932 0.740507 -0.282191
vn 0.263103 0.933257 -0.244556
vn 0.105334 0.959410 -0.261606
vn 0.138817 0.891158 -0.431934
vn 0.277863 0.795257 -0.538850
vn 0.396230 0.774701 -0.492788
vn 0.427535 0.760309 -0.489023
vn 0.415640 0.717537 -0.558913
vn 0.662112 -0.566697 0.490369
vn 0.643657 -0.605491 0.468066
vn 0.697386 -0.519475 0.493760
vn 0.733431 -0.514647 0.444092
vn 0.766425 -0.523870 0.371689
vn 0.794614 -0.538978 0.279447
vn 0.815454 -0.555729 0.161866
vn 0.822672 -0.568191 0.019238
vn 0.812006 -0.569823 -0.126285
vn 0.789626 -0.565335 -0.238511
vn 0.766540 -0.566142 -0.303148
vn 0.749156 -0.570930 -0.335864
vn 0.740829 -0.568168 -0.358272
vn 0.742926 -0.549804 -0.381806
vn 0.750663 -0.519839 -0.407766
vn 0.754435 -0.498961 -0.426458
vn 0.754288 -0.512058 -0.410909
vn 0.765874 -0.558181 -0.319174
vn 0.799229 -0.576842 -0.168778
vn 0.846622 -0.517516 -0.124133
vn 0.691900 -0.560197 -0.455470
vn 0.518733 -0.186578 -0.834329
vn 0.730461 0.027392 -0.682404
vn 0.771439 0.058480 -0.633610
vn 0.618944 -0.144155 -0.772093
vn 0.675380 -0.291982 -0.677207
vn 0.801983 -0.268528 -0.533588
vn 0.837262 -0.059235 -0.543584
vn 0.775645 0.317426 -0.545542
vn 0.681428 0.361802 -0.636203
vn 0.610872 -0.028075 -0.791231
vn 0.942859 0.151395 -0.296810
vn 0.852547 0.294902 -0.431504
vn 0.786420 0.279133 -0.551025
vn 0.770811 0.307062 -0.558178
vn 0.633277 0.547221 -0.547275
vn 0.391799 0.827988 -0.401161
vn 0.365003 0.507706 -0.780389
vn 0.708464 0.345456 -0.615418
vn 0.783157 0.546097 -0.297394
vn 0.610679 0.780737 0.132369
vn 0.715637 0.694069 -0.078308
vn 0.800058 0.510912 -0.314445
vn 0.753274 0.520004 -0.402709
vn 0.438053 0.805062 -0.399982
vn 0.120405 0.955807 -0.268208
vn 0.131549 0.919562 -0.370271
vn 0.239579 0.848248 -0.472311
vn 0.333291 0.814497 -0.474880
vn 0.362379 0.798967 -0.479930
vn 0.362544 0.767888 -0.528120
vn -0.267432 0.306357 0.913579
vn -0.249273 0.279373 0.927261
vn -0.257937 0.237287 0.936570
vn -0.273539 0.276274 0.921330
vn -0.191429 0.226182 0.955090
vn -0.201225 0.178491 0.963146
vn -0.112684 0.200386 0.973215
vn -0.116842 0.174787 0.977649
vn -0.061547 0.216193 0.974409
vn -0.055984 0.213008 0.975445
vn -0.052612 0.243030 0.968591
vn -0.042278 0.247501 0.967965
vn -0.055852 0.251594 0.966220
vn -0.053920 0.251720 0.966297
vn -0.032422 0.205674 0.978083
vn -0.064651 0.199424 0.977778
vn 0.060241 0.103478 0.992806
vn -0.032892 0.105258 0.993901
vn 0.215098 -0.002170 0.976590
vn 0.068789 0.020389 0.997423
vn 0.361693 -0.069437 0.929708
vn 0.206887 -0.029918 0.977907
vn 0.451361 -0.081953 0.888570
vn 0.329954 -0.026572 0.943623
vn 0.472104 -0.050023 0.880122
vn 0.393461 0.016943 0.919185
vn 0.447195 -0.054435 0.892779
vn 0.374933 0.010721 0.926990
vn 0.459309 -0.126703 0.879194
vn 0.339972 -0.068330 0.937950
vn 0.537840 -0.190363 0.821274
vn 0.380135 -0.141111 0.914103
vn 0.610701 -0.199311 0.766368
vn 0.479260 -0.163084 0.862388
vn 0.626827 -0.155175 0.763550
vn 0.567283 -0.132780 0.812748
vn 0.577541 -0.090804 0.811296
vn 0.596533 -0.087353 0.797821
vn 0.491853 -0.083954 0.866621
vn 0.550928 -0.102857 0.828190
vn -0.609485 -0.783336 0.122115
vn -0.339716 -0.832659 0.437345
vn 0.128492 -0.374597 0.918241
vn -0.347855 -0.636273 0.688588
vn 0.126191 -0.162995 0.978524
vn 0.210593 -0.153802 0.965399
vn -0.590613 -0.536957 0.602373
vn -0.446438 -0.622928 0.642381
vn 0.000320 -0.224886 0.974385
vn 0.037081 -0.241084 0.969796
vn 0.282971 -0.063194 0.957044
vn 0.232861 -0.088784 0.968449
vn -0.009532 -0.479017 0.877754
vn 0.013386 -0.518003 0.855274
vn -0.104642 -0.729436 0.675998
vn -0.123507 -0.796948 0.591287
vn 0.051053 -0.862491 0.503491
vn -0.024934 -0.883296 0.468152
vn -0.178054 -0.983723 -0.024224
vn -0.277717 -0.953131 -0.120064
vn -0.331652 -0.879490 -0.341328
vn -0.264567 -0.884608 -0.384021
vn 0.139493 -0.983082 0.118712
vn 0.242884 -0.968931 0.046682
vn 0.015636 -0.997489 -0.069081
vn 0.194280 -0.980905 -0.009008
vn 0.334873 -0.863699 0.376674
vn 0.459927 -0.815243 0.351917
vn 0.430840 -0.740193 0.516228
vn 0.543248 -0.631126 0.553680
vn 0.420889 -0.864896 0.273508
vn 0.355938 -0.869959 0.341292
vn 0.426759 -0.903728 0.033934
vn 0.272733 -0.958838 0.079033
vn 0.493616 -0.869658 0.006184
vn 0.316193 -0.948613 -0.012495
vn 0.593639 -0.753618 0.282226
vn 0.548264 -0.734263 0.400330
vn 0.490071 -0.827111 0.275168
vn 0.487905 -0.844492 0.220865
vn -0.132999 -0.962635 -0.235890
vn 0.060890 -0.925210 -0.374537
vn -0.538882 -0.831202 -0.136780
vn -0.197331 -0.941004 -0.274903
vn -0.680756 -0.694728 -0.232218
vn -0.478971 -0.785749 -0.391389
vn -0.060446 -0.998122 0.009991
vn -0.159385 -0.984728 -0.070054
vn 0.633690 -0.759193 0.148537
vn 0.404849 -0.880183 0.247739
vn 0.787038 -0.580925 -0.207599
vn 0.453946 -0.884114 -0.110797
vn 0.917310 -0.327252 -0.226823
vn 0.657884 -0.743486 -0.120072
vn 0.962991 -0.195960 -0.185060
vn 0.817715 -0.568888 -0.087794
vn 0.974834 -0.201658 -0.095045
vn 0.900586 -0.434644 -0.005337
vn 0.949407 -0.313494 0.018681
vn 0.913331 -0.392833 0.107278
vn 0.918845 -0.387829 0.072892
vn 0.900311 -0.401612 0.167773
vn -0.293562 0.175255 0.939738
vn -0.300099 0.217222 0.928846
vn -0.253513 0.126536 0.959020
vn -0.163023 0.149030 0.975302
vn -0.064724 0.201298 0.977389
vn -0.012809 0.234160 0.972114
vn -0.017794 0.234244 0.972015
vn -0.074636 0.184708 0.979955
vn -0.135458 0.105067 0.985197
vn -0.131357 0.040519 0.990507
vn -0.041560 0.007148 0.999110
vn 0.112792 0.027460 0.993239
vn 0.258356 0.085789 0.962233
vn 0.288355 0.095710 0.952728
vn 0.197827 0.035411 0.979597
vn 0.118937 -0.034352 0.992307
vn 0.166252 -0.080554 0.982787
vn 0.333408 -0.092704 0.938214
vn 0.509226 -0.084151 0.856509
vn 0.575238 -0.116693 0.809619
vn 0.176963 -0.364748 0.914135
vn 0.069443 -0.375821 0.924086
vn 0.451540 0.106206 0.885907
vn -0.598091 -0.285650 0.748793
vn -0.434094 -0.287429 0.853784
vn 0.044876 -0.181327 0.982398
vn 0.089559 -0.610377 0.787032
vn -0.122535 -0.868377 0.480527
vn -0.120922 -0.903453 0.411280
vn -0.417755 -0.905424 0.075417
vn -0.594833 -0.802488 -0.046764
vn -0.586099 -0.648743 0.485407
vn -0.233804 -0.851007 0.470237
vn 0.275177 -0.689672 0.669799
vn 0.181644 -0.966128 0.183310
vn 0.055460 -0.938211 0.341590
vn 0.069881 -0.995674 0.061235
vn 0.136991 -0.985817 0.096943
vn 0.293314 -0.793076 0.533852
vn 0.108472 -0.939272 0.325579
vn -0.076504 -0.946804 -0.312584
vn 0.064704 -0.978684 -0.194913
vn -0.308913 -0.800049 -0.514290
vn -0.308788 -0.939693 -0.147063
vn 0.006889 -0.936343 0.351020
vn -0.142881 -0.988518 0.049173
vn 0.025710 -0.999660 0.004247
vn 0.287216 -0.957701 0.017743
vn 0.553804 -0.828670 0.081286
vn 0.750860 -0.627642 0.205608
vn 0.810085 -0.506489 0.295350
vn -0.344956 0.165633 0.923889
vn -0.339378 0.186378 0.922001
vn -0.335857 0.125607 0.933500
vn -0.248060 0.116953 0.961659
vn -0.095965 0.145280 0.984726
vn 0.021960 0.177519 0.983872
vn 0.055306 0.194637 0.979315
vn -0.004741 0.169870 0.985455
vn -0.113355 0.107156 0.987759
vn -0.189794 0.043761 0.980848
vn -0.181049 0.003730 0.983467
vn -0.062078 0.014777 0.997962
vn 0.127763 0.069864 0.989341
vn 0.256205 0.107376 0.960640
vn 0.224817 0.096856 0.969575
vn 0.071721 0.059282 0.995661
vn -0.057070 0.015643 0.998248
vn -0.031498 -0.031255 0.999015
vn 0.167407 -0.066994 0.983609
vn 0.383859 -0.100612 0.917894
vn 0.361515 -0.133066 0.922822
vn 0.672879 0.163689 0.721415
vn 0.169741 0.085726 0.981753
vn -0.604244 -0.349075 0.716265
vn -0.646724 -0.434727 0.626707
vn -0.010699 -0.452357 0.891773
vn 0.164847 -0.684672 0.709964
vn -0.070003 -0.885759 0.458836
vn -0.135235 -0.926196 0.351956
vn -0.313634 -0.921779 0.227940
vn -0.513887 -0.829164 0.220015
vn -0.386192 -0.848646 0.361463
vn -0.147366 -0.641574 0.752772
vn 0.595457 0.744772 0.301242
vn -0.618045 -0.589626 -0.519963
vn -0.167280 -0.971080 0.170355
vn -0.061767 -0.998087 0.002841
vn 0.142956 -0.979787 0.139935
vn 0.458662 -0.779753 0.426162
vn 0.184611 -0.979401 -0.081813
vn -0.122085 -0.948163 -0.293398
vn 0.039307 -0.993213 0.109464
vn -0.424458 -0.789979 -0.442457
vn -0.263374 -0.952866 -0.150597
vn 0.045918 -0.911927 0.407774
vn -0.286913 -0.955640 0.066579
vn -0.255622 -0.963076 -0.084509
vn -0.037711 -0.998186 -0.046930
vn 0.169149 -0.984796 0.039570
vn 0.406315 -0.893622 0.190652
vn 0.545776 -0.771349 0.327336
vn -0.376807 0.192801 0.906005
vn -0.357207 0.204780 0.911301
vn -0.408650 0.121361 0.904586
vn -0.350439 0.051949 0.935144
vn -0.178945 0.068533 0.981469
vn -0.003853 0.122191 0.992499
vn 0.091619 0.164967 0.982035
vn 0.074055 0.164739 0.983553
vn -0.035664 0.123659 0.991684
vn -0.168366 0.068959 0.983310
vn -0.249204 0.021285 0.968217
vn -0.216931 0.007814 0.976156
vn -0.056754 0.036946 0.997704
vn 0.150242 0.085896 0.984911
vn 0.254410 0.119613 0.959671
vn 0.182810 0.125262 0.975136
vn -0.016631 0.100807 0.994767
vn -0.195905 0.025574 0.980289
vn -0.189918 -0.043129 0.980852
vn 0.001878 -0.072319 0.997380
vn 0.250063 -0.081583 0.964786
vn 0.542516 0.092872 0.834896
vn 0.594040 0.090784 0.799296
vn -0.041841 -0.699916 0.712999
vn -0.376096 -0.870447 0.317605
vn 0.008779 -0.758173 0.651994
vn 0.183798 -0.733156 0.654752
vn 0.034671 -0.897640 0.439363
vn -0.082524 -0.962903 0.256919
vn -0.041053 -0.976856 0.209924
vn 0.002784 -0.997738 0.067168
vn 0.029955 -0.998935 -0.035107
vn 0.531047 -0.678169 0.508011
vn 0.409513 0.811052 0.417724
vn -0.630995 -0.536297 -0.560563
vn -0.128290 -0.991449 0.023897
vn -0.189325 -0.981879 -0.008308
vn 0.024069 -0.999568 0.016890
vn 0.528209 -0.845484 0.078434
vn 0.396685 -0.839284 -0.371811
vn 0.226475 -0.955642 -0.188301
vn 0.282813 -0.945240 0.162904
vn -0.331555 -0.800408 -0.499418
vn -0.190589 -0.962272 -0.194185
vn 0.246944 -0.872510 0.421597
vn -0.138338 -0.988832 0.055448
vn -0.286518 -0.926142 -0.245291
vn -0.112745 -0.980241 -0.162529
vn 0.025731 -0.999663 0.003555
vn 0.142513 -0.982449 0.120353
vn 0.246418 -0.941583 0.229564
vn -0.374707 0.216622 0.901482
vn -0.336143 0.247373 0.908743
vn -0.453231 0.097622 0.886031
vn -0.447537 -0.001143 0.894265
vn -0.311670 0.018587 0.950009
vn -0.112835 0.083378 0.990109
vn 0.055129 0.141909 0.988343
vn 0.113304 0.163010 0.980097
vn 0.052899 0.144180 0.988137
vn -0.081934 0.104072 0.991189
vn -0.226601 0.058157 0.972250
vn -0.301168 0.023548 0.953280
vn -0.243161 0.014220 0.969882
vn -0.044074 0.041120 0.998182
vn 0.186614 0.094553 0.977873
vn 0.282550 0.133005 0.949987
vn 0.190407 0.125981 0.973588
vn -0.049812 0.046091 0.997694
vn -0.255374 -0.019985 0.966636
vn -0.289111 -0.025024 0.956968
vn -0.153030 -0.074927 0.985377
vn 0.237445 0.022966 0.971129
vn 0.512578 0.103040 0.852436
vn -0.040325 -0.695861 0.717044
vn -0.427118 -0.877302 0.218885
vn -0.088983 -0.840397 0.534617
vn 0.141454 -0.800142 0.582892
vn 0.096388 -0.914294 0.393414
vn -0.023683 -0.982614 0.184145
vn -0.009517 -0.996903 0.078065
vn -0.004530 -0.999660 -0.025689
vn 0.005809 -0.999982 -0.001204
vn 0.452362 -0.725883 0.518133
vn 0.329282 0.844626 0.422114
vn -0.551437 -0.481445 -0.681269
vn 0.028269 -0.999406 0.019699
vn -0.132970 -0.990312 0.040023
vn -0.230177 -0.971361 -0.058966
vn 0.081647 -0.996575 -0.013148
vn 0.136460 -0.990589 -0.010579
vn -0.102667 -0.916159 0.387444
vn -0.205169 -0.896118 0.393545
vn -0.612345 -0.649451 -0.450830
vn -0.265507 -0.947600 -0.177652
vn 0.226053 -0.861955 0.453799
vn 0.022062 -0.991115 0.131164
vn -0.258629 -0.896273 -0.360286
vn -0.138416 -0.954231 -0.265112
vn 0.016624 -0.999862 -0.000540
vn 0.076486 -0.995832 0.049693
vn 0.134154 -0.986199 0.097023
vn -0.354379 0.221180 0.908567
vn -0.295745 0.281089 0.912975
vn -0.465872 0.070502 0.882039
vn -0.502072 -0.030464 0.864289
vn -0.422629 -0.022116 0.906033
vn -0.248783 0.030197 0.968088
vn -0.036999 0.099299 0.994369
vn 0.103633 0.145623 0.983897
vn 0.119839 0.145278 0.982106
vn 0.038012 0.119054 0.992160
vn -0.106319 0.086721 0.990543
vn -0.260378 0.049394 0.964242
vn -0.336691 0.011521 0.941545
vn -0.255311 -0.004388 0.966849
vn -0.005404 0.036851 0.999306
vn 0.246614 0.091008 0.964831
vn 0.329874 0.106825 0.937961
vn 0.198546 0.058581 0.978339
vn -0.043912 -0.026645 0.998680
vn -0.198943 -0.103726 0.974506
vn -0.229471 -0.183744 0.955814
vn -0.035667 -0.092151 0.995106
vn 0.285438 0.040186 0.957554
vn -0.197307 -0.672792 0.713036
vn -0.490342 -0.865124 0.105476
vn -0.160623 -0.895654 0.414733
vn 0.063193 -0.865706 0.496548
vn 0.076706 -0.936644 0.341781
vn 0.003619 -0.993585 0.113029
vn -0.012969 -0.999512 -0.028417
vn 0.013382 -0.999616 -0.024268
vn 0.016493 -0.999864 0.000980
vn 0.379137 -0.741891 0.553039
vn 0.270561 0.698026 0.662991
vn -0.448560 -0.540956 -0.711450
vn 0.104871 -0.994290 -0.019714
vn 0.121522 -0.988266 0.092533
vn -0.218387 -0.968285 -0.121376
vn -0.126553 -0.966675 -0.222540
vn 0.351148 -0.861461 0.366851
vn 0.117921 -0.813883 0.568936
vn -0.052352 -0.991970 0.115126
vn -0.164548 -0.859906 -0.483204
vn -0.188623 -0.872322 -0.451082
vn 0.199608 -0.894764 0.399443
vn 0.092326 -0.962103 0.256582
vn -0.288750 -0.871067 -0.397324
vn -0.209672 -0.911300 -0.354358
vn -0.000619 -0.999992 -0.003846
vn 0.033544 -0.999365 0.012002
vn 0.052365 -0.998481 0.017161
vn -0.336968 0.219103 0.915667
vn -0.263827 0.296880 0.917746
vn -0.465316 0.060816 0.883053
vn -0.526870 -0.037789 0.849105
vn -0.496902 -0.053771 0.866139
vn -0.374677 -0.025250 0.926812
vn -0.168900 0.043524 0.984672
vn 0.034427 0.108791 0.993468
vn 0.136139 0.118480 0.983580
vn 0.138458 0.097658 0.985542
vn 0.061882 0.084325 0.994515
vn -0.095247 0.066094 0.993257
vn -0.276646 0.026281 0.960612
vn -0.364651 -0.017126 0.930987
vn -0.252113 -0.012723 0.967614
vn 0.032240 0.036046 0.998830
vn 0.278318 0.090067 0.956257
vn 0.315003 0.086301 0.945159
vn 0.160832 -0.053602 0.985525
vn 0.017107 -0.274381 0.961469
vn 0.021144 -0.395690 0.918141
vn 0.171336 -0.295245 0.939933
vn 0.346374 -0.150431 0.925956
vn -0.147632 -0.707841 0.690772
vn -0.554698 -0.831697 0.024283
vn -0.279850 -0.926075 0.253120
vn 0.015310 -0.914302 0.404745
vn 0.044642 -0.967719 0.248044
vn 0.014547 -0.999850 0.009402
vn 0.004213 -0.997976 -0.063450
vn 0.021829 -0.999747 -0.005417
vn 0.012754 -0.999779 0.016698
vn 0.304664 -0.616365 0.726136
vn 0.214004 0.437369 0.873448
vn -0.507534 -0.669418 -0.542484
vn -0.062991 -0.992247 -0.107132
vn 0.301259 -0.944758 0.129134
vn -0.044447 -0.988196 -0.146602
vn -0.229319 -0.877173 -0.421877
vn 0.304157 -0.929879 0.206917
vn 0.622776 -0.525657 0.579512
vn 0.444921 -0.814138 -0.373129
vn 0.217169 -0.751949 -0.622423
vn 0.183508 -0.972680 -0.142188
vn 0.272913 -0.894930 0.353013
vn 0.158536 -0.914938 0.371153
vn -0.322848 -0.872924 -0.365748
vn -0.333410 -0.834668 -0.438369
vn -0.056817 -0.997468 -0.042772
vn 0.017945 -0.999839 0.000033
vn 0.015698 -0.999836 -0.009081
vn -0.324700 0.218964 0.920122
vn -0.247621 0.300818 0.920974
vn -0.457360 0.064406 0.886946
vn -0.533799 -0.035505 0.844866
vn -0.541043 -0.071527 0.837948
vn -0.473917 -0.062154 0.878373
vn -0.314181 -0.008445 0.949325
vn -0.094679 0.056434 0.993907
vn 0.078339 0.069115 0.994528
vn 0.169469 0.047731 0.984379
vn 0.194573 0.050323 0.979596
vn 0.117345 0.060786 0.991229
vn -0.073563 0.041377 0.996432
vn -0.288100 -0.009827 0.957550
vn -0.366695 -0.050284 0.928981
vn -0.218417 -0.030188 0.975388
vn 0.078621 0.059059 0.995154
vn 0.268142 0.109247 0.957165
vn 0.198015 -0.059374 0.978399
vn 0.018335 -0.362742 0.931709
vn 0.038711 -0.532533 0.845523
vn 0.313316 -0.475519 0.822018
vn 0.536256 -0.265787 0.801116
vn 0.126726 -0.722255 0.679918
vn -0.525692 -0.849718 -0.040344
vn -0.379124 -0.924716 0.034129
vn -0.009516 -0.967134 0.254089
vn 0.107385 -0.994191 -0.007269
vn 0.183411 -0.968066 -0.170903
vn 0.189176 -0.978973 -0.076318
vn 0.096648 -0.995078 0.021877
vn 0.027704 -0.999162 0.030137
vn 0.357931 -0.413790 0.837057
vn 0.374673 -0.253780 0.891749
vn -0.373713 -0.815041 -0.442772
vn -0.201950 -0.943220 -0.263726
vn 0.290798 -0.939596 0.180544
vn 0.048889 -0.995612 -0.079792
vn -0.327495 -0.842169 -0.428367
vn 0.218267 -0.919964 0.325615
vn 0.465567 -0.620855 0.630704
vn -0.161552 -0.893921 -0.418099
vn -0.161638 -0.855353 -0.492184
vn 0.186161 -0.960627 0.206251
vn 0.320620 -0.935051 0.151271
vn 0.595565 -0.799959 0.073267
vn 0.298516 -0.872416 -0.387013
vn 0.165863 -0.722694 -0.670971
vn 0.437801 -0.882681 -0.170896
vn 0.277967 -0.954885 0.104539
vn 0.019869 -0.999778 -0.007077
vn -0.312611 0.213831 0.925500
vn -0.240552 0.295707 0.924496
vn -0.437470 0.062866 0.897033
vn -0.519948 -0.036272 0.853428
vn -0.554886 -0.074962 0.828542
vn -0.538645 -0.072656 0.839394
vn -0.445567 -0.038128 0.894436
vn -0.267210 0.015849 0.963508
vn -0.075329 0.031722 0.996654
vn 0.077527 0.011974 0.996918
vn 0.200088 0.019166 0.979590
vn 0.246682 0.045579 0.968024
vn 0.155193 0.049045 0.986666
vn -0.066923 0.004832 0.997746
vn -0.292053 -0.060198 0.954506
vn -0.345452 -0.067063 0.936037
vn -0.164554 0.021865 0.986126
vn 0.100126 0.085851 0.991264
vn 0.149091 -0.116365 0.981953
vn 0.011189 -0.440262 0.897800
vn -0.054588 -0.609280 0.791074
vn 0.143653 -0.625637 0.766774
vn 0.534063 -0.306416 0.787963
vn 0.325330 -0.621641 0.712547
vn -0.453742 -0.887834 -0.076612
vn -0.445247 -0.883133 -0.147753
vn -0.117006 -0.992446 0.036894
vn -0.006955 -0.989600 -0.143676
vn 0.052083 -0.991621 -0.118220
vn 0.143678 -0.988680 0.043220
vn 0.131713 -0.985553 0.106477
vn 0.042697 -0.998938 0.017342
vn 0.431114 -0.374872 0.820738
vn 0.515423 -0.426592 0.743208
vn -0.166601 -0.896959 -0.409522
vn -0.189387 -0.920662 -0.341343
vn 0.237158 -0.949256 0.206564
vn 0.047556 -0.998670 -0.019912
vn -0.320917 -0.852536 -0.412547
vn 0.339153 -0.901138 0.270047
vn 0.551672 -0.603976 0.575214
vn -0.449636 -0.712328 -0.538903
vn -0.395200 -0.816055 -0.421748
vn 0.169419 -0.959994 0.222954
vn 0.116466 -0.961482 -0.248974
vn 0.402149 -0.888964 -0.219132
vn 0.573037 -0.778970 -0.254626
vn 0.131082 -0.691028 -0.710843
vn 0.361679 -0.921300 0.142810
vn 0.344416 -0.850515 0.397493
vn 0.016597 -0.999862 -0.000493
vn -0.295323 0.188019 0.936714
vn -0.231759 0.274701 0.933181
vn -0.400915 0.040038 0.915240
vn -0.478828 -0.042645 0.876872
vn -0.535205 -0.064683 0.842242
vn -0.564145 -0.057372 0.823680
vn -0.541571 -0.029414 0.840140
vn -0.444136 0.026070 0.895580
vn -0.308001 0.058251 0.949601
vn -0.163734 0.041459 0.985633
vn 0.013752 0.026547 0.999553
vn 0.190260 0.040434 0.980901
vn 0.258040 0.058053 0.964388
vn 0.149753 0.019279 0.988535
vn -0.070720 -0.081425 0.994167
vn -0.226264 -0.140298 0.963909
vn -0.188846 -0.083542 0.978447
vn -0.016552 -0.050990 0.998562
vn 0.065420 -0.259498 0.963525
vn 0.020763 -0.542255 0.839957
vn -0.013180 -0.710655 0.703417
vn 0.082617 -0.767717 0.635440
vn 0.476089 -0.374680 0.795584
vn 0.398825 -0.506695 0.764329
vn -0.398181 -0.916867 -0.028398
vn -0.502699 -0.820073 -0.273447
vn -0.236818 -0.955335 -0.176784
vn -0.088114 -0.990300 -0.107438
vn -0.100096 -0.994892 0.013042
vn -0.026297 -0.991600 0.126638
vn 0.071099 -0.984862 0.158088
vn -0.008495 -0.994620 0.103244
vn 0.357863 -0.442568 0.822233
vn 0.838369 -0.520037 0.163398
vn -0.009572 -0.910262 -0.413923
vn -0.053003 -0.959402 -0.277017
vn 0.196937 -0.962534 0.186398
vn 0.034921 -0.999314 -0.012329
vn -0.326436 -0.853450 -0.406278
vn 0.382073 -0.916716 0.116842
vn 0.653247 -0.597260 0.465349
vn -0.430770 -0.755074 -0.494268
vn -0.620427 -0.623903 -0.475200
vn 0.138264 -0.975604 0.170528
vn -0.170641 -0.903575 -0.392982
vn 0.016951 -0.998685 -0.048379
vn 0.039751 -0.976869 0.210112
vn -0.441832 -0.668157 -0.598624
vn -0.019018 -0.937711 0.346895
vn 0.209500 -0.806652 0.552651
vn 0.016589 -0.999862 -0.000350
vn -0.260577 0.120943 0.957848
vn -0.207058 0.218924 0.953519
vn -0.335049 -0.020491 0.941978
vn -0.389969 -0.069975 0.918165
vn -0.454147 -0.073156 0.887918
vn -0.511840 -0.057335 0.857165
vn -0.522884 -0.145686 0.839862
vn -0.360784 -0.185258 0.914065
vn -0.189850 -0.114070 0.975164
vn -0.140180 -0.005102 0.990113
vn -0.135731 0.035045 0.990126
vn -0.019467 0.014503 0.999705
vn 0.196376 0.054609 0.979007
vn 0.232940 0.039355 0.971694
vn 0.089796 -0.096609 0.991264
vn -0.044486 -0.218332 0.974860
vn -0.044788 -0.209041 0.976881
vn 0.008782 -0.229216 0.973336
vn 0.016293 -0.426383 0.904396
vn -0.005110 -0.649169 0.760627
vn -0.018156 -0.786154 0.617764
vn 0.039965 -0.850016 0.525239
vn 0.450310 -0.428996 0.783061
vn 0.448317 -0.429337 0.784016
vn -0.233089 -0.958856 -0.162066
vn -0.272299 -0.722399 -0.635605
vn 0.216687 -0.802737 -0.555571
vn 0.523632 -0.731823 -0.436170
vn 0.567323 -0.807805 -0.159982
vn 0.388020 -0.918094 0.080890
vn 0.106836 -0.984912 0.136139
vn 0.059072 -0.971486 0.229621
vn 0.630570 -0.065367 0.773375
vn -0.033541 -0.391796 -0.919441
vn -0.070472 -0.928398 -0.364844
vn 0.038450 -0.992487 -0.116149
vn 0.170098 -0.978963 0.112688
vn 0.079584 -0.995451 -0.052376
vn -0.325317 -0.901040 -0.286872
vn 0.171102 -0.948572 0.266336
vn 0.522648 -0.527359 0.669874
vn -0.692246 -0.699268 -0.178382
vn -0.728372 -0.468188 -0.500274
vn -0.077451 -0.996675 -0.025309
vn -0.175562 -0.893608 -0.413089
vn -0.017604 -0.993515 0.112332
vn 0.070921 -0.938072 0.339103
vn -0.373474 -0.728658 -0.574086
vn -0.061817 -0.968238 0.242268
vn 0.202927 -0.836581 0.508875
vn 0.016658 -0.999861 -0.000160
vn -0.192231 0.000733 0.981349
vn -0.150259 0.107532 0.982781
vn -0.230509 -0.125400 0.964956
vn -0.242440 -0.143107 0.959554
vn -0.286407 -0.143422 0.947313
vn -0.340029 -0.129166 0.931502
vn -0.453305 -0.361166 0.814907
vn -0.342421 -0.320660 0.883134
vn -0.174579 -0.116675 0.977706
vn -0.187968 0.011659 0.982106
vn -0.200518 0.115125 0.972902
vn -0.239468 -0.038908 0.970124
vn 0.010326 0.063201 0.997947
vn 0.132949 0.112395 0.984729
vn 0.034395 -0.036844 0.998729
vn -0.075759 -0.202065 0.976438
vn -0.048830 -0.256596 0.965284
vn 0.010919 -0.362145 0.932058
vn 0.009505 -0.584184 0.811565
vn 0.003929 -0.751366 0.659874
vn -0.011106 -0.845206 0.534325
vn -0.000041 -0.904434 0.426613
vn 0.432962 -0.472303 0.767772
vn 0.503237 -0.364798 0.783374
vn -0.298807 -0.852550 -0.428805
vn -0.235888 -0.702163 -0.671806
vn -0.074053 -0.822360 -0.564128
vn 0.177516 -0.874008 -0.452325
vn 0.441201 -0.890105 0.114259
vn 0.419687 -0.804090 0.421073
vn 0.089028 -0.985028 0.147627
vn 0.200615 -0.954612 0.220157
vn 0.624129 -0.253572 0.739029
vn -0.777854 -0.371914 -0.506579
vn -0.361193 -0.900379 -0.242604
vn -0.031730 -0.999493 -0.002745
vn 0.114905 -0.992783 0.034347
vn 0.093028 -0.993512 -0.065417
vn -0.159617 -0.982665 -0.094298
vn 0.153098 -0.784963 0.600328
vn 0.255684 -0.498319 0.828434
vn -0.350601 -0.931979 0.092168
vn -0.672454 -0.264444 -0.691285
vn -0.371374 -0.849101 -0.375645
vn -0.136405 -0.973421 -0.183973
vn -0.365709 -0.930606 0.015160
vn -0.227822 -0.966465 0.118504
vn -0.270925 -0.783333 -0.559454
vn 0.017944 -0.982422 0.185808
vn 0.192702 -0.860552 0.471503
vn 0.016658 -0.999861 0.000010
vn -0.118732 -0.139520 0.983075
vn -0.092570 -0.036466 0.995038
vn -0.121880 -0.241471 0.962724
vn -0.094215 -0.230445 0.968514
vn -0.113385 -0.218474 0.969233
vn -0.156492 -0.199426 0.967336
vn -0.396983 -0.441233 0.804809
vn -0.372633 -0.240037 0.896396
vn -0.274349 0.019918 0.961424
vn -0.255502 0.080099 0.963485
vn -0.185483 0.127053 0.974399
vn -0.328430 -0.110526 0.938039
vn -0.121492 0.043340 0.991646
vn 0.034130 0.136896 0.989997
vn -0.027184 -0.034305 0.999042
vn -0.106230 -0.232589 0.966756
vn -0.083102 -0.349158 0.933372
vn -0.023316 -0.513647 0.857685
vn -0.001367 -0.716523 0.697562
vn 0.017575 -0.819230 0.573196
vn -0.004117 -0.877784 0.479039
vn -0.040558 -0.937969 0.344339
vn 0.425995 -0.505985 0.750005
vn 0.551346 -0.314400 0.772767
vn -0.404405 -0.794239 -0.453477
vn -0.546323 -0.626322 -0.556104
vn -0.571634 -0.805921 -0.154032
vn -0.684900 -0.710826 -0.160119
vn -0.145156 -0.839077 0.524290
vn 0.186942 -0.815363 0.547938
vn 0.017027 -0.996717 0.079151
vn 0.198640 -0.970988 0.133130
vn 0.662248 -0.409241 0.627653
vn -0.505277 -0.747944 0.430435
vn -0.529678 -0.831307 -0.168432
vn -0.172598 -0.983766 -0.049129
vn 0.044365 -0.999013 0.002082
vn 0.044221 -0.998737 -0.023839
vn 0.019504 -0.999547 -0.022924
vn 0.408152 -0.692442 0.594926
vn 0.494850 -0.362763 0.789637
vn -0.035063 -0.998954 0.029368
vn -0.578427 -0.323386 -0.748895
vn -0.449224 -0.699929 -0.555245
vn 0.181184 -0.886457 0.425871
vn -0.312465 -0.694249 0.648371
vn -0.685932 -0.725565 0.055248
vn -0.718075 -0.600718 -0.351435
vn -0.318239 -0.945004 0.075447
vn -0.042662 -0.929519 0.366299
vn 0.015083 -0.999886 -0.000618
vn -0.121764 -0.231274 0.965239
vn -0.114185 -0.149533 0.982141
vn -0.097650 -0.296710 0.949962
vn -0.047930 -0.262426 0.963761
vn -0.035931 -0.239735 0.970173
vn -0.053600 -0.218192 0.974433
vn -0.296189 -0.465454 0.834041
vn -0.186712 -0.286652 0.939664
vn -0.066572 -0.106067 0.992128
vn -0.059988 -0.007018 0.998174
vn -0.068412 0.078137 0.994593
vn -0.302569 -0.180572 0.935866
vn -0.137044 -0.036779 0.989882
vn 0.034579 0.058112 0.997711
vn -0.006901 -0.144057 0.989545
vn -0.043361 -0.377810 0.924867
vn -0.006449 -0.514896 0.857228
vn -0.002004 -0.673769 0.738939
vn -0.009121 -0.801205 0.598321
vn 0.004301 -0.850040 0.526701
vn -0.007149 -0.908451 0.417931
vn -0.031618 -0.980518 0.193868
vn 0.468567 -0.575841 0.669965
vn 0.584967 -0.274854 0.763065
vn -0.370054 -0.799142 -0.473742
vn -0.458003 -0.709940 -0.534994
vn -0.295389 -0.952581 -0.073033
vn -0.573759 -0.801616 -0.167965
vn -0.118514 -0.896754 0.426364
vn 0.156714 -0.867168 0.472716
vn -0.055118 -0.998294 -0.019263
vn 0.127663 -0.990827 0.044325
vn 0.605213 -0.566794 0.558983
vn 0.213388 -0.724755 0.655130
vn -0.565885 -0.811947 -0.143233
vn -0.468202 -0.870252 -0.153127
vn -0.062560 -0.998040 0.001259
vn 0.017215 -0.999852 -0.000057
vn 0.016969 -0.999856 -0.000102
vn 0.461310 -0.571460 0.678694
vn 0.544931 -0.255452 0.798620
vn 0.074026 -0.996172 0.046485
vn -0.528639 -0.409185 -0.743712
vn -0.460568 -0.666556 -0.586157
vn 0.412379 -0.681358 0.604727
vn 0.278388 -0.401680 0.872441
vn -0.519414 -0.817744 0.247998
vn -0.726969 -0.646465 -0.231516
vn -0.624325 -0.629905 -0.461993
vn -0.207958 -0.978032 -0.014374
vn 0.012362 -0.999917 -0.003721
vn -0.211162 -0.250556 0.944792
vn -0.212067 -0.199188 0.956740
vn -0.173261 -0.277759 0.944897
vn -0.109721 -0.240780 0.964358
vn -0.064216 -0.227845 0.971577
vn -0.030791 -0.220134 0.974984
vn -0.232466 -0.489897 0.840215
vn -0.093503 -0.402321 0.910711
vn 0.104208 -0.196427 0.974965
vn 0.152189 -0.016798 0.988209
vn 0.084864 0.037080 0.995702
vn -0.197670 -0.232123 0.952389
vn -0.130903 -0.138036 0.981739
vn 0.035665 -0.001891 0.999362
vn 0.115844 -0.397713 0.910167
vn 0.120319 -0.530942 0.838823
vn 0.084472 -0.621639 0.778736
vn 0.006456 -0.767472 0.641049
vn -0.003335 -0.845069 0.534647
vn 0.013042 -0.887195 0.461209
vn 0.009298 -0.961879 0.273315
vn -0.009251 -0.999925 0.008067
vn 0.484439 -0.690654 0.536951
vn 0.609651 -0.246557 0.753349
vn -0.352769 -0.784621 -0.509827
vn -0.433318 -0.720420 -0.541508
vn -0.136745 -0.989747 0.041250
vn -0.398441 -0.896774 -0.192461
vn 0.029214 -0.959661 0.279636
vn 0.214489 -0.944751 0.247870
vn 0.014684 -0.974184 -0.225278
vn 0.209328 -0.976521 -0.050879
vn 0.568593 -0.685821 0.454260
vn 0.506477 -0.689654 0.517550
vn -0.376116 -0.906310 -0.192712
vn -0.561311 -0.773658 -0.293910
vn -0.179338 -0.979730 -0.089256
vn 0.017036 -0.999855 0.000142
vn 0.016950 -0.999856 -0.000013
vn 0.496856 -0.473584 0.727222
vn 0.570656 -0.147285 0.807873
vn 0.118816 -0.986949 0.108697
vn -0.502801 -0.508247 -0.699197
vn -0.467051 -0.660128 -0.588298
vn 0.444924 -0.657382 0.608187
vn 0.537610 -0.154396 0.828938
vn 0.136890 -0.924442 0.355905
vn -0.326307 -0.774028 -0.542590
vn -0.348225 -0.639634 -0.685279
vn -0.152927 -0.939779 -0.305660
vn -0.010038 -0.999781 -0.018366
vn -0.300343 -0.230956 0.925448
vn -0.291142 -0.201217 0.935280
vn -0.273283 -0.236881 0.932311
vn -0.209699 -0.204650 0.956109
vn -0.160603 -0.194644 0.967637
vn -0.089886 -0.314009 0.945156
vn -0.133336 -0.579650 0.803883
vn -0.019875 -0.472315 0.881206
vn 0.125144 -0.165204 0.978288
vn 0.183917 0.057419 0.981263
vn 0.159556 -0.025514 0.986859
vn -0.007365 -0.276900 0.960870
vn -0.071955 -0.304097 0.949920
vn 0.078401 -0.099797 0.991914
vn 0.010937 -0.338542 0.940888
vn 0.086648 -0.627334 0.773915
vn 0.099848 -0.637883 0.763633
vn -0.010300 -0.825092 0.564904
vn 0.009851 -0.884554 0.466334
vn 0.034233 -0.937743 0.345639
vn 0.008933 -0.994368 0.105608
vn -0.022034 -0.995488 -0.092298
vn 0.451155 -0.717175 0.531149
vn 0.585289 -0.238721 0.774886
vn -0.357547 -0.786068 -0.504240
vn -0.405585 -0.738067 -0.539220
vn 0.009861 -0.997759 0.066184
vn -0.225600 -0.914385 -0.336161
vn 0.125152 -0.985754 0.112362
vn 0.156448 -0.920888 0.357056
vn -0.257163 -0.942040 -0.215470
vn 0.009602 -0.999922 -0.007976
vn 0.465880 -0.776367 0.424511
vn 0.546209 -0.687096 0.479118
vn -0.056902 -0.992651 -0.106800
vn -0.477724 -0.748325 -0.460206
vn -0.208139 -0.957023 -0.201951
vn 0.016052 -0.999871 -0.000037
vn 0.016928 -0.999857 -0.000123
vn 0.537877 -0.398740 0.742762
vn 0.581682 -0.033754 0.812716
vn 0.138205 -0.973753 0.180844
vn -0.473701 -0.594556 -0.649700
vn -0.446498 -0.678562 -0.583262
vn 0.456270 -0.655530 0.601745
vn 0.568690 -0.011109 0.822477
vn 0.218243 -0.849216 0.480835
vn -0.361960 -0.795168 -0.486511
vn -0.424868 -0.576636 -0.697838
vn -0.235239 -0.892739 -0.384292
vn -0.065175 -0.995231 -0.072576
vn -0.318758 -0.225898 0.920523
vn -0.295847 -0.198698 0.934341
vn -0.315272 -0.228647 0.921045
vn -0.266847 -0.192560 0.944306
vn -0.227980 -0.174697 0.957865
vn -0.279248 -0.427866 0.859623
vn -0.244061 -0.527882 0.813495
vn -0.135352 -0.349547 0.927091
vn 0.038877 -0.046038 0.998183
vn 0.151491 0.081225 0.985116
vn 0.109728 -0.146725 0.983072
vn 0.093604 -0.273518 0.957301
vn 0.004491 -0.374616 0.927169
vn 0.144448 -0.210651 0.966830
vn -0.008279 -0.469745 0.882764
vn -0.005796 -0.682290 0.731059
vn 0.252385 -0.718032 0.648638
vn 0.136134 -0.860266 0.491334
vn 0.017427 -0.925652 0.377973
vn 0.024753 -0.976059 0.216092
vn -0.008822 -0.999670 -0.024144
vn -0.020228 -0.992906 -0.117166
vn 0.426638 -0.692096 0.582222
vn 0.554556 -0.252190 0.793012
vn -0.338218 -0.798096 -0.498649
vn -0.359526 -0.763477 -0.536512
vn 0.071708 -0.995302 0.065056
vn -0.221709 -0.880186 -0.419665
vn 0.127096 -0.975248 0.180934
vn 0.069672 -0.882758 0.464634
vn -0.457478 -0.877945 -0.141162
vn -0.270244 -0.962685 0.014364
vn 0.252700 -0.875975 0.410865
vn 0.462973 -0.716662 0.521585
vn 0.098374 -0.992840 0.067765
vn -0.418812 -0.759252 -0.498129
vn -0.233188 -0.931651 -0.278656
vn 0.016235 -0.999868 -0.001084
vn 0.016873 -0.999858 -0.000205
vn 0.580344 -0.349094 0.735754
vn 0.581673 0.073168 0.810125
vn 0.150739 -0.960515 0.233857
vn -0.425101 -0.654334 -0.625409
vn -0.401151 -0.710776 -0.577819
vn 0.446503 -0.670701 0.592280
vn 0.568895 0.103101 0.815922
vn 0.303592 -0.728848 0.613688
vn -0.354159 -0.847857 -0.394600
vn -0.495151 -0.518619 -0.697037
vn -0.348497 -0.804581 -0.480832
vn -0.164695 -0.967690 -0.190920
vn -0.273831 -0.263369 0.925016
vn -0.251642 -0.224733 0.941367
vn -0.271716 -0.269866 0.923765
vn -0.238369 -0.222508 0.945342
vn -0.218300 -0.194901 0.956221
vn -0.399659 -0.442298 0.802898
vn -0.390390 -0.391524 0.833250
vn -0.275852 -0.248139 0.928619
vn -0.040919 -0.053436 0.997733
vn 0.126288 0.066302 0.989775
vn -0.003215 -0.191297 0.981527
vn 0.020398 -0.236282 0.971470
vn -0.073316 -0.434235 0.897811
vn 0.191154 -0.378236 0.905758
vn 0.055894 -0.570979 0.819059
vn -0.106286 -0.830010 0.547528
vn 0.168038 -0.796629 0.580643
vn 0.196298 -0.826009 0.528371
vn 0.022034 -0.958154 0.285404
vn -0.000870 -0.996335 0.085531
vn -0.030928 -0.994874 -0.096282
vn -0.022444 -0.996450 -0.081142
vn 0.434469 -0.624610 0.648921
vn 0.561536 -0.271006 0.781814
vn -0.285372 -0.798345 -0.530291
vn -0.268498 -0.748564 -0.606267
vn 0.220673 -0.975244 -0.014240
vn -0.163580 -0.875931 -0.453858
vn 0.107115 -0.973942 0.199909
vn 0.311690 -0.815875 0.487029
vn -0.109175 -0.939986 -0.323277
vn -0.068416 -0.973979 -0.216064
vn 0.189223 -0.919268 0.345168
vn 0.358479 -0.779870 0.513124
vn 0.113127 -0.988210 0.103170
vn -0.393997 -0.785044 -0.477988
vn -0.280599 -0.917298 -0.282538
vn -0.014607 -0.999614 0.023637
vn -0.013064 -0.999905 -0.004480
vn 0.595590 -0.337025 0.729168
vn 0.565547 0.175536 0.805819
vn 0.179602 -0.946472 0.268204
vn -0.366018 -0.685075 -0.629844
vn -0.340577 -0.755015 -0.560321
vn 0.386956 -0.687603 0.614383
vn 0.508647 0.185886 0.840669
vn 0.332896 -0.590020 0.735565
vn -0.296167 -0.915596 -0.271973
vn -0.528551 -0.524172 -0.667740
vn -0.463636 -0.679767 -0.568294
vn -0.320192 -0.863491 -0.389693
vn -0.233990 -0.308545 0.921981
vn -0.214750 -0.266452 0.939620
vn -0.220162 -0.310547 0.924710
vn -0.181173 -0.257008 0.949275
vn -0.168977 -0.226213 0.959309
vn -0.366079 -0.461415 0.808135
vn -0.336606 -0.394081 0.855217
vn -0.257786 -0.291379 0.921219
vn -0.084274 -0.086990 0.992638
vn 0.062280 0.072542 0.995419
vn -0.084484 -0.197719 0.976611
vn -0.037274 -0.300890 0.952930
vn -0.000994 -0.667019 0.745040
vn 0.220419 -0.592892 0.774528
vn 0.193364 -0.610327 0.768187
vn -0.181881 -0.846764 0.499910
vn -0.046177 -0.822252 0.567247
vn 0.128186 -0.830404 0.542215
vn 0.004989 -0.983194 0.182498
vn -0.016279 -0.999393 -0.030816
vn -0.031003 -0.993994 -0.104953
vn -0.017819 -0.999281 -0.033478
vn 0.443124 -0.571522 0.690655
vn 0.576926 -0.289418 0.763802
vn -0.285246 -0.792894 -0.538473
vn -0.271040 -0.751008 -0.602100
vn 0.262148 -0.964762 -0.022646
vn -0.092577 -0.984968 -0.145830
vn -0.106315 -0.897888 0.427193
vn -0.064747 -0.833382 0.548892
vn -0.295878 -0.906720 -0.300523
vn -0.139479 -0.961093 -0.238424
vn 0.133501 -0.947024 0.292101
vn 0.362855 -0.875026 0.320415
vn 0.287857 -0.957634 -0.008638
vn -0.238440 -0.858050 -0.454859
vn -0.279685 -0.929288 -0.241247
vn -0.055887 -0.997028 0.053029
vn -0.071985 -0.996456 -0.043514
vn 0.570859 -0.358622 0.738587
vn 0.535467 0.270918 0.799924
vn 0.204279 -0.926731 0.315341
vn -0.361308 -0.711991 -0.602100
vn -0.342909 -0.790469 -0.507515
vn 0.330421 -0.705738 0.626703
vn 0.483727 0.250859 0.838498
vn 0.356889 -0.471928 0.806172
vn -0.182120 -0.964624 -0.190613
vn -0.386723 -0.585456 -0.712521
vn -0.338195 -0.614423 -0.712818
vn -0.265339 -0.724324 -0.636357
vn -0.225845 -0.325212 0.918276
vn -0.200046 -0.289559 0.936022
vn -0.215576 -0.324086 0.921138
vn -0.160830 -0.275989 0.947609
vn -0.128369 -0.252839 0.958954
vn -0.309844 -0.491391 0.813961
vn -0.263485 -0.423629 0.866668
vn -0.208151 -0.328609 0.921243
vn -0.045777 -0.133017 0.990056
vn 0.099580 0.015040 0.994916
vn -0.061334 -0.274635 0.959590
vn -0.121549 -0.458624 0.880278
vn -0.120777 -0.666705 0.735471
vn 0.031365 -0.653271 0.756475
vn 0.163644 -0.672007 0.722237
vn -0.055015 -0.902462 0.427243
vn -0.003064 -0.896829 0.442367
vn 0.131664 -0.879122 0.458050
vn -0.059130 -0.991593 0.115099
vn -0.113843 -0.992617 -0.041859
vn -0.093008 -0.993264 -0.069106
vn -0.026500 -0.999611 -0.008656
vn 0.463042 -0.527612 0.712192
vn 0.607535 -0.319138 0.727359
vn -0.285504 -0.809159 -0.513565
vn -0.342876 -0.766535 -0.543010
vn 0.130039 -0.991473 0.008478
vn 0.259175 -0.930172 0.260017
vn 0.120421 -0.697900 0.705999
vn -0.134802 -0.910549 0.390807
vn -0.431822 -0.857936 -0.278344
vn -0.343466 -0.899148 -0.271227
vn 0.049448 -0.982078 0.181874
vn 0.238408 -0.957243 0.163850
vn 0.235346 -0.968789 0.077843
vn -0.152457 -0.940407 -0.303960
vn -0.195731 -0.965486 -0.171829
vn -0.058421 -0.997399 0.042224
vn -0.122516 -0.985253 -0.119438
vn 0.523990 -0.380388 0.762062
vn 0.491693 0.337321 0.802778
vn 0.193191 -0.888442 0.416350
vn -0.393992 -0.752696 -0.527465
vn -0.397592 -0.795439 -0.457381
vn 0.304720 -0.728346 0.613724
vn 0.510682 0.316293 0.799476
vn 0.405341 -0.350671 0.844233
vn -0.113557 -0.984055 -0.136895
vn -0.330037 -0.597869 -0.730499
vn -0.296788 -0.561006 -0.772780
vn -0.249848 -0.608324 -0.753338
vn -0.206915 -0.329902 0.921059
vn -0.170484 -0.295277 0.940078
vn -0.215896 -0.338976 0.915688
vn -0.158142 -0.310405 0.937358
vn -0.095985 -0.306143 0.947134
vn -0.228891 -0.560215 0.796096
vn -0.113103 -0.535186 0.837128
vn -0.030704 -0.425728 0.904330
vn 0.088972 -0.183194 0.979042
vn 0.152069 -0.055733 0.986797
vn -0.020909 -0.355095 0.934596
vn -0.136046 -0.570317 0.810080
vn -0.200173 -0.672769 0.712259
vn -0.088187 -0.689924 0.718490
vn 0.078382 -0.817436 0.570661
vn 0.061252 -0.972060 0.226602
vn 0.171917 -0.921645 0.347872
vn 0.197623 -0.904721 0.377393
vn -0.034475 -0.995146 0.092168
vn -0.168464 -0.985672 0.008439
vn -0.210685 -0.976299 -0.049514
vn -0.093382 -0.995386 -0.022074
vn 0.481735 -0.501108 0.718903
vn 0.636218 -0.365749 0.679304
vn -0.248248 -0.823968 -0.509362
vn -0.310083 -0.786327 -0.534357
vn 0.082529 -0.995385 -0.048968
vn 0.395547 -0.883913 0.249480
vn 0.557785 -0.588198 0.585575
vn 0.229323 -0.934018 0.273899
vn -0.231518 -0.864254 -0.446615
vn -0.205033 -0.893159 -0.400285
vn 0.044502 -0.995652 0.081833
vn 0.094122 -0.980808 0.170752
vn 0.102779 -0.984740 0.140438
vn -0.108226 -0.976851 -0.184523
vn -0.071442 -0.995716 -0.058701
vn -0.061948 -0.998014 0.011391
vn -0.172219 -0.969489 -0.174450
vn 0.452886 -0.398448 0.797579
vn 0.447309 0.385462 0.807053
vn 0.193349 -0.859827 0.472561
vn -0.343643 -0.807102 -0.480100
vn -0.388365 -0.802447 -0.453047
vn 0.277558 -0.746058 0.605276
vn 0.496954 0.389828 0.775287
vn 0.433028 -0.195445 0.879936
vn -0.097548 -0.992935 -0.067558
vn -0.386094 -0.614786 -0.687728
vn -0.377842 -0.466299 -0.799875
vn -0.313487 -0.428204 -0.847565
vn -0.160606 -0.340068 0.926585
vn -0.113837 -0.296140 0.948337
vn -0.191451 -0.367517 0.910098
vn -0.154463 -0.357309 0.921125
vn -0.098817 -0.357751 0.928574
vn -0.260188 -0.513241 0.817855
vn -0.298791 -0.417056 0.858364
vn -0.265970 -0.244277 0.932517
vn -0.060786 -0.095405 0.993581
vn 0.096699 -0.117355 0.988371
vn 0.012322 -0.435324 0.900189
vn -0.128841 -0.688822 0.713390
vn -0.107819 -0.818375 0.564480
vn 0.013983 -0.827879 0.560733
vn 0.003071 -0.889958 0.456032
vn -0.127380 -0.906476 0.402587
vn -0.059882 -0.902665 0.426157
vn 0.129578 -0.951976 0.277400
vn 0.124310 -0.992004 0.021789
vn 0.020631 -0.999557 0.021430
vn -0.185875 -0.979710 -0.074954
vn -0.162034 -0.983590 -0.079343
vn 0.470125 -0.517244 0.715151
vn 0.653590 -0.411999 0.634884
vn -0.249156 -0.819920 -0.515414
vn -0.255449 -0.813994 -0.521689
vn 0.091347 -0.988184 -0.123075
vn 0.389160 -0.895361 0.216525
vn 0.588482 -0.470485 0.657520
vn 0.333239 -0.872135 0.358236
vn -0.184674 -0.865595 -0.465447
vn -0.175751 -0.903798 -0.390206
vn 0.053236 -0.997954 0.035407
vn 0.164391 -0.981587 0.097277
vn 0.211923 -0.977219 0.011474
vn 0.031131 -0.978994 -0.201501
vn 0.058197 -0.992198 0.110255
vn -0.100209 -0.994515 -0.029964
vn -0.219272 -0.961116 -0.167858
vn 0.391643 -0.310169 0.866263
vn 0.422553 0.433222 0.796095
vn 0.201764 -0.865770 0.457967
vn -0.254515 -0.856934 -0.448203
vn -0.331105 -0.828362 -0.451870
vn 0.256838 -0.745361 0.615200
vn 0.449795 0.457657 0.766965
vn 0.429252 -0.085463 0.899132
vn -0.118791 -0.981548 0.149839
vn -0.478148 -0.607134 -0.634636
vn -0.340301 -0.285787 -0.895835
vn -0.254501 -0.208697 -0.944286
vn -0.102524 -0.358207 0.927996
vn -0.049063 -0.298951 0.953006
vn -0.146608 -0.399521 0.904925
vn -0.140543 -0.385052 0.912131
vn -0.126412 -0.371439 0.919811
vn -0.232537 -0.377734 0.896239
vn -0.366657 -0.270928 0.890034
vn -0.355679 -0.177006 0.917693
vn -0.150974 -0.135197 0.979249
vn -0.000964 -0.283467 0.958982
vn 0.016861 -0.515604 0.856661
vn -0.144715 -0.787892 0.598568
vn -0.127686 -0.898136 0.420770
vn 0.005007 -0.891745 0.452511
vn 0.030110 -0.868563 0.494663
vn -0.090076 -0.871131 0.482719
vn -0.190488 -0.952409 0.237973
vn -0.002555 -0.998689 0.051133
vn 0.140239 -0.989970 -0.017069
vn 0.183517 -0.982255 0.038695
vn -0.018413 -0.998255 -0.056110
vn -0.182219 -0.978132 -0.100269
vn 0.239827 -0.745992 0.621272
vn 0.650292 -0.461560 0.603393
vn -0.294590 -0.819803 -0.491060
vn -0.306556 -0.817701 -0.487226
vn 0.047371 -0.987867 -0.147899
vn 0.357018 -0.903667 0.236481
vn 0.591845 -0.370126 0.716049
vn 0.429543 -0.781183 0.453040
vn -0.142875 -0.884062 -0.444995
vn -0.157832 -0.926367 -0.341956
vn 0.006784 -0.999506 0.030698
vn 0.066311 -0.993819 0.089038
vn 0.078839 -0.996454 0.029400
vn -0.003257 -0.999982 -0.005111
vn 0.062277 -0.944863 0.321491
vn -0.202252 -0.978134 -0.048461
vn -0.288853 -0.950657 -0.113203
vn 0.350969 -0.041220 0.935479
vn 0.417753 0.492769 0.763322
vn 0.224118 -0.857861 0.462435
vn -0.190061 -0.889105 -0.416375
vn -0.258677 -0.850430 -0.458100
vn 0.267930 -0.696998 0.665137
vn 0.364298 0.513764 0.776746
vn 0.380309 -0.083902 0.921046
vn -0.028706 -0.957485 0.287051
vn -0.385176 -0.741579 -0.549273
vn -0.362907 -0.219897 -0.905507
vn -0.271607 -0.105362 -0.956624
vn -0.059849 -0.373780 0.925585
vn -0.005346 -0.305187 0.952277
vn -0.103808 -0.423522 0.899919
vn -0.097046 -0.409116 0.907307
vn -0.089593 -0.408414 0.908389
vn -0.070785 -0.396600 0.915258
vn -0.078589 -0.381370 0.921076
vn -0.095628 -0.380569 0.919795
vn -0.046822 -0.378404 0.924456
vn -0.001372 -0.466078 0.884742
vn 0.015133 -0.608280 0.793578
vn -0.160628 -0.867056 0.471607
vn -0.151540 -0.943666 0.294161
vn -0.007709 -0.933248 0.359150
vn 0.169712 -0.882840 0.437940
vn 0.196204 -0.921653 0.334753
vn -0.017945 -0.997663 -0.065931
vn -0.019177 -0.997362 -0.070006
vn 0.034860 -0.999392 -0.000717
vn 0.144117 -0.988142 0.052974
vn 0.103821 -0.994507 0.013271
vn -0.084086 -0.991313 -0.101133
vn 0.176899 -0.942499 0.283555
vn 0.585500 -0.514106 0.626805
vn -0.398527 -0.795830 -0.455884
vn -0.355882 -0.836666 -0.416339
vn -0.062264 -0.989114 -0.133332
vn 0.306506 -0.916836 0.255862
vn 0.612198 -0.275520 0.741149
vn 0.508438 -0.665923 0.545928
vn -0.147752 -0.918802 -0.366022
vn -0.177707 -0.950425 -0.255171
vn -0.053641 -0.994406 0.090990
vn -0.075917 -0.978943 0.189490
vn -0.162092 -0.972798 0.165498
vn -0.190003 -0.967580 0.166396
vn 0.012869 -0.952883 0.303064
vn -0.220378 -0.956599 -0.190661
vn -0.306714 -0.946617 -0.099207
vn 0.433440 0.647377 0.626924
vn 0.343809 0.656767 0.671157
vn 0.109378 -0.879496 0.463167
vn -0.131703 -0.884290 -0.447979
vn -0.144000 -0.858843 -0.491582
vn 0.293412 -0.599661 0.744524
vn 0.249411 0.560328 0.789827
vn 0.287606 -0.124808 0.949582
vn 0.179476 -0.960815 0.211240
vn 0.029509 -0.645092 -0.763535
vn -0.118022 -0.239923 -0.963591
vn -0.264452 -0.128633 -0.955782
vn -0.051789 -0.374870 0.925630
vn -0.000099 -0.306251 0.951951
vn -0.093326 -0.428979 0.898481
vn -0.080401 -0.425534 0.901364
vn -0.067110 -0.447141 0.891942
vn -0.026809 -0.427564 0.903588
vn -0.010286 -0.396492 0.917981
vn -0.038549 -0.416379 0.908374
vn -0.031263 -0.460116 0.887308
vn -0.008159 -0.574325 0.818587
vn 0.015673 -0.701586 0.712413
vn -0.168909 -0.922679 0.346604
vn -0.159342 -0.968838 0.189637
vn -0.019334 -0.961819 0.273002
vn 0.161826 -0.919691 0.357744
vn 0.195539 -0.945171 0.261564
vn -0.017999 -0.997042 -0.074727
vn -0.019545 -0.999244 -0.033607
vn -0.008697 -0.999960 0.002212
vn 0.043261 -0.995666 0.082332
vn 0.044357 -0.994288 0.097080
vn -0.080231 -0.992015 -0.097309
vn 0.340656 -0.902129 0.264797
vn 0.301841 -0.815319 0.494112
vn -0.453346 -0.736860 -0.501513
vn -0.297964 -0.863631 -0.406644
vn -0.096633 -0.994064 -0.049988
vn 0.141685 -0.945819 0.292150
vn 0.556446 -0.177414 0.811722
vn 0.543412 -0.569342 0.616890
vn -0.055617 -0.973734 -0.220792
vn -0.189511 -0.958444 -0.213238
vn 0.000599 -0.997829 0.065863
vn 0.061686 -0.980180 0.188258
vn -0.049657 -0.981229 0.186341
vn -0.126783 -0.986947 0.099304
vn 0.085045 -0.995914 0.030359
vn -0.044305 -0.916126 -0.398434
vn 0.030854 -0.991916 0.123086
vn 0.408686 0.783201 0.468585
vn 0.330329 0.443953 0.832940
vn 0.032677 -0.948711 0.314452
vn -0.114537 -0.825257 -0.553021
vn -0.048215 -0.869389 -0.491770
vn 0.317462 -0.475716 0.820312
vn 0.202952 0.576609 0.791412
vn 0.267400 -0.193082 0.944043
vn 0.116451 -0.987508 -0.106148
vn 0.013649 -0.465364 -0.885014
vn -0.166973 -0.365542 -0.915696
vn -0.277049 -0.293342 -0.914983
vn -0.053840 -0.374938 0.925485
vn -0.008113 -0.310612 0.950502
vn -0.093426 -0.429465 0.898238
vn -0.090481 -0.429661 0.898445
vn -0.097968 -0.448130 0.888584
vn -0.059590 -0.425593 0.902951
vn -0.006952 -0.407555 0.913154
vn 0.000410 -0.457755 0.889078
vn -0.001391 -0.547697 0.836676
vn -0.001706 -0.675956 0.736940
vn 0.020147 -0.787757 0.615656
vn -0.162271 -0.962313 0.218226
vn -0.146256 -0.984440 0.097399
vn -0.016767 -0.981924 0.188529
vn 0.149969 -0.950831 0.270979
vn 0.188321 -0.955705 0.226192
vn -0.018251 -0.998701 -0.047566
vn -0.016308 -0.999811 -0.010540
vn -0.021080 -0.999286 0.031360
vn -0.008030 -0.981181 0.192923
vn -0.066783 -0.990414 0.120918
vn -0.102388 -0.983784 -0.147260
vn 0.372006 -0.837047 0.401203
vn 0.068439 -0.958196 0.277806
vn -0.456436 -0.665990 -0.590020
vn -0.212691 -0.863151 -0.457965
vn 0.090181 -0.995022 0.042406
vn 0.270009 -0.867716 0.417330
vn 0.505107 -0.038192 0.862211
vn 0.576666 0.008063 0.816940
vn 0.034937 -0.999194 0.019764
vn -0.221451 -0.951668 -0.212806
vn 0.005288 -0.998948 -0.045558
vn 0.223880 -0.970580 0.088618
vn 0.226918 -0.962369 0.149512
vn 0.065549 -0.994224 -0.084977
vn 0.115698 -0.949432 -0.291879
vn 0.145535 -0.947202 -0.285705
vn 0.463599 -0.636060 0.616850
vn 0.321889 0.768111 0.553527
vn 0.397196 0.189102 0.898040
vn 0.002422 -0.999462 0.032699
vn -0.151488 -0.742164 -0.652873
vn -0.023883 -0.900894 -0.433382
vn 0.356930 -0.354137 0.864400
vn 0.238490 0.563776 0.790746
vn 0.317011 -0.218915 0.922811
vn -0.022154 -0.961436 -0.274134
vn -0.221781 -0.442395 -0.868965
vn -0.249722 -0.558019 -0.791362
vn -0.319526 -0.503848 -0.802521
vn -0.039501 -0.388624 0.920549
vn -0.000171 -0.330916 0.943660
vn -0.074716 -0.445346 0.892235
vn -0.069008 -0.446386 0.892176
vn -0.082651 -0.452673 0.887838
vn -0.071030 -0.445337 0.892541
vn -0.021766 -0.445928 0.894804
vn 0.001119 -0.508690 0.860949
vn -0.001271 -0.627826 0.778352
vn -0.002427 -0.763468 0.645842
vn 0.021444 -0.860781 0.508523
vn -0.155215 -0.984045 0.086973
vn -0.105906 -0.994313 0.011184
vn 0.005290 -0.994756 0.102143
vn 0.144317 -0.969280 0.199170
vn 0.188196 -0.955447 0.227383
vn -0.018671 -0.999609 -0.020813
vn -0.019002 -0.999790 0.007729
vn -0.013408 -0.994351 0.105288
vn 0.018300 -0.952636 0.303562
vn -0.116771 -0.993140 0.006152
vn -0.116117 -0.957885 -0.262629
vn 0.275353 -0.871856 0.405028
vn 0.001985 -0.987463 0.157840
vn -0.541057 -0.684580 -0.488475
vn -0.509881 -0.858999 -0.046279
vn -0.322437 -0.823586 0.466628
vn -0.167535 -0.829926 0.532123
vn 0.012918 0.204054 0.978874
vn 0.564854 0.068824 0.822316
vn 0.055590 -0.977699 0.202522
vn -0.280354 -0.942649 -0.181145
vn -0.159819 -0.981922 -0.101422
vn 0.114407 -0.992350 0.046398
vn 0.277815 -0.936083 0.215793
vn 0.044760 -0.996074 -0.076370
vn -0.121642 -0.935459 -0.331842
vn 0.005864 -0.990634 -0.136416
vn 0.377288 -0.531662 0.758281
vn 0.277629 0.752059 0.597770
vn 0.399123 -0.081887 0.913233
vn -0.067697 -0.982485 -0.173611
vn -0.225360 -0.686617 -0.691208
vn -0.049569 -0.936150 -0.348091
vn 0.423242 -0.292150 0.857622
vn 0.315975 0.553480 0.770597
vn 0.382502 -0.229267 0.895058
vn -0.095718 -0.943020 -0.318670
vn -0.334590 -0.477535 -0.812410
vn -0.329848 -0.610037 -0.720455
vn -0.350507 -0.563651 -0.747959
vn -0.010714 -0.408934 0.912501
vn 0.023697 -0.361408 0.932106
vn -0.051295 -0.465906 0.883346
vn -0.044087 -0.465697 0.883845
vn -0.042454 -0.467860 0.882782
vn -0.043738 -0.484830 0.873514
vn -0.015453 -0.499681 0.866072
vn -0.000879 -0.578687 0.815549
vn -0.004207 -0.714835 0.699280
vn -0.007612 -0.837573 0.546272
vn 0.007173 -0.911538 0.411152
vn -0.187853 -0.981942 -0.022400
vn -0.099530 -0.989722 -0.102685
vn 0.062110 -0.998053 -0.005740
vn 0.192974 -0.967735 0.162022
vn 0.205881 -0.945294 0.253046
vn -0.017451 -0.999819 -0.007629
vn -0.013886 -0.999205 0.037376
vn 0.022025 -0.984994 0.171179
vn 0.088987 -0.937424 0.336626
vn -0.167920 -0.975678 -0.140908
vn -0.229322 -0.901992 -0.365817
vn 0.183889 -0.913554 0.362771
vn 0.056095 -0.993806 0.095933
vn -0.406269 -0.867824 -0.286053
vn -0.485786 -0.842034 0.234502
vn -0.363237 -0.779115 0.510919
vn -0.379194 -0.886847 0.264033
vn -0.931546 0.252301 -0.261851
vn 0.593715 0.149420 0.790680
vn 0.115496 -0.959440 0.257170
vn -0.278169 -0.954592 -0.106661
vn -0.310713 -0.944375 -0.107766
vn -0.084317 -0.996370 -0.011683
vn 0.231522 -0.926604 0.296315
vn 0.022621 -0.998461 0.050626
vn -0.246842 -0.917110 -0.313016
vn -0.093119 -0.991156 -0.094548
vn 0.380386 -0.458534 0.803152
vn 0.321334 0.728292 0.605256
vn 0.455111 -0.217957 0.863347
vn -0.150209 -0.951985 -0.266764
vn -0.333447 -0.664466 -0.668804
vn -0.099953 -0.957336 -0.271142
vn 0.495703 -0.258227 0.829215
vn 0.402524 0.560046 0.724101
vn 0.484451 -0.189780 0.853985
vn -0.117136 -0.974506 -0.191355
vn -0.468335 -0.547598 -0.693397
vn -0.463042 -0.582276 -0.668241
vn -0.456626 -0.467981 -0.756628
vn 0.016250 -0.427558 0.903842
vn 0.036877 -0.394092 0.918331
vn -0.025591 -0.475584 0.879298
vn -0.033830 -0.476119 0.878730
vn -0.027879 -0.484566 0.874310
vn -0.027033 -0.516760 0.855703
vn -0.005917 -0.556968 0.830513
vn 0.001850 -0.664999 0.746842
vn -0.002926 -0.797614 0.603161
vn -0.006655 -0.893438 0.449137
vn -0.001867 -0.942934 0.332974
vn -0.250940 -0.966389 0.055876
vn -0.313869 -0.947685 0.058138
vn -0.256332 -0.950755 0.174240
vn -0.075920 -0.959376 0.271724
vn 0.078253 -0.959841 0.269408
vn -0.018921 -0.999812 0.004242
vn -0.000596 -0.996958 0.077933
vn 0.049724 -0.979960 0.192887
vn 0.144961 -0.938028 0.314787
vn -0.159003 -0.944022 -0.289032
vn -0.289309 -0.822264 -0.490083
vn 0.129282 -0.959207 0.251412
vn 0.081511 -0.995391 0.050530
vn -0.077909 -0.979985 -0.183192
vn 0.012822 -0.997885 0.063730
vn 0.122481 -0.974217 0.189472
vn -0.121889 -0.982337 -0.141978
vn -0.600849 0.145795 -0.785954
vn 0.602713 0.169282 0.779795
vn 0.172651 -0.944093 0.280858
vn -0.180707 -0.982814 -0.037711
vn -0.343198 -0.936681 -0.069601
vn -0.299119 -0.952198 -0.062024
vn 0.139468 -0.938649 0.315416
vn 0.141844 -0.987889 0.062893
vn -0.141490 -0.920302 -0.364727
vn -0.055295 -0.991391 -0.118687
vn 0.446499 -0.470604 0.761032
vn 0.392421 0.701503 0.594894
vn 0.509262 -0.267717 0.817912
vn -0.223555 -0.936882 -0.268841
vn -0.426569 -0.646535 -0.632481
vn -0.150897 -0.955896 -0.251978
vn 0.528555 -0.293851 0.796418
vn 0.452963 0.559964 0.693732
vn 0.566373 -0.179945 0.804265
vn -0.160982 -0.975975 -0.146823
vn -0.543590 -0.619533 -0.566294
vn -0.575136 -0.489494 -0.655449
vn -0.578406 -0.243657 -0.778510
vn 0.012480 -0.449275 0.893306
vn -0.001012 -0.432166 0.901793
vn 0.007453 -0.480044 0.877213
vn -0.009919 -0.487876 0.872856
vn -0.018159 -0.506528 0.862032
vn -0.020923 -0.549214 0.835420
vn -0.008073 -0.628175 0.778030
vn 0.002386 -0.754215 0.656623
vn 0.002937 -0.866939 0.498406
vn 0.002430 -0.931605 0.363465
vn 0.004138 -0.964090 0.265543
vn -0.139932 -0.980116 0.140680
vn -0.281184 -0.957623 0.062396
vn -0.235549 -0.970810 0.045216
vn -0.013885 -0.996429 0.083281
vn 0.152679 -0.985427 0.074992
vn 0.079234 -0.996580 0.023460
vn 0.019647 -0.993547 0.111703
vn 0.058765 -0.979865 0.190819
vn 0.153405 -0.949412 0.274015
vn -0.192861 -0.891761 -0.409350
vn -0.372010 -0.749297 -0.547871
vn 0.062868 -0.986517 0.151102
vn 0.081617 -0.996638 0.007188
vn -0.004535 -0.996169 -0.087328
vn 0.011852 -0.997210 0.073705
vn 0.094718 -0.977790 0.186964
vn -0.130106 -0.980911 -0.144523
vn -0.583175 0.094982 -0.806775
vn 0.613662 0.155570 0.774091
vn 0.204286 -0.939283 0.275707
vn -0.059822 -0.997833 -0.027401
vn -0.197594 -0.980091 -0.019456
vn -0.386391 -0.922335 -0.000625
vn -0.183274 -0.958905 0.216591
vn 0.145117 -0.979988 -0.136253
vn 0.010048 -0.951196 -0.308423
vn -0.019338 -0.996573 -0.080428
vn 0.469078 -0.521292 0.712895
vn 0.447197 0.667612 0.595238
vn 0.540128 -0.282340 0.792809
vn -0.256777 -0.931200 -0.258711
vn -0.468282 -0.621563 -0.627990
vn -0.191805 -0.938734 -0.286338
vn 0.539158 -0.361093 0.760869
vn 0.483188 0.544442 0.685647
vn 0.607441 -0.204734 0.767528
vn -0.079693 -0.993122 -0.085773
vn -0.517510 -0.657768 -0.547289
vn -0.610951 -0.405268 -0.680071
vn -0.634853 -0.144602 -0.758981
vn -0.025655 -0.488879 0.871974
vn -0.075848 -0.486257 0.870517
vn 0.032726 -0.498375 0.866343
vn 0.038244 -0.510157 0.859230
vn 0.019868 -0.533663 0.845464
vn -0.002970 -0.597387 0.801948
vn -0.011056 -0.711406 0.702695
vn -0.005891 -0.830083 0.557608
vn -0.005277 -0.911028 0.412311
vn -0.004864 -0.953485 0.301401
vn 0.000670 -0.979835 0.199809
vn 0.003222 -0.995598 0.093668
vn -0.069630 -0.984858 -0.158763
vn -0.010195 -0.983443 -0.180930
vn 0.102994 -0.988539 -0.110377
vn 0.171426 -0.982085 -0.078245
vn 0.258012 -0.964370 0.058483
vn 0.148313 -0.978299 0.144690
vn 0.078821 -0.980358 0.180793
vn 0.145651 -0.972063 0.184062
vn -0.231297 -0.831921 -0.504391
vn -0.424452 -0.765455 -0.483652
vn 0.026380 -0.996645 0.077473
vn 0.042800 -0.998509 -0.033883
vn 0.065961 -0.995970 -0.060761
vn 0.108653 -0.993702 0.027421
vn 0.156583 -0.974538 0.160493
vn -0.100209 -0.980899 -0.166717
vn -0.531108 -0.082437 -0.843285
vn 0.652209 0.093250 0.752281
vn 0.217759 -0.938466 0.268073
vn -0.032086 -0.998616 -0.041663
vn -0.021164 -0.999745 0.007820
vn -0.174461 -0.980839 0.086707
vn -0.432400 -0.877210 -0.208644
vn -0.203554 -0.854738 -0.477482
vn 0.037521 -0.991678 -0.123151
vn -0.013160 -0.999514 -0.028255
vn 0.473628 -0.565210 0.675437
vn 0.481630 0.632012 0.607119
vn 0.556577 -0.290567 0.778327
vn -0.269109 -0.925393 -0.266887
vn -0.490433 -0.594640 -0.637086
vn -0.233602 -0.913852 -0.332122
vn 0.537984 -0.451786 0.711662
vn 0.511611 0.522965 0.681734
vn 0.640817 -0.194617 0.742616
vn -0.003615 -0.995821 -0.091253
vn -0.439732 -0.639593 -0.630521
vn -0.533630 -0.393122 -0.748795
vn -0.565796 -0.342802 -0.749908
vn 0.231002 -0.642967 0.730227
vn 0.206777 -0.671405 0.711659
vn 0.244134 -0.575354 0.780619
vn 0.189935 -0.537796 0.821401
vn 0.107294 -0.558715 0.822390
vn 0.039117 -0.663826 0.746863
vn 0.006277 -0.795077 0.606476
vn -0.000383 -0.886253 0.463201
vn -0.006143 -0.939957 0.341237
vn -0.006713 -0.971013 0.238932
vn -0.008174 -0.991191 0.132189
vn -0.004825 -0.999115 0.041780
vn -0.135940 -0.976157 -0.169225
vn -0.120399 -0.991529 -0.048735
vn -0.127807 -0.988476 0.081127
vn -0.116429 -0.992678 -0.032157
vn 0.167851 -0.973862 0.153035
vn 0.222146 -0.950014 0.219372
vn 0.141534 -0.985633 0.092171
vn 0.214960 -0.975334 -0.050155
vn 0.009729 -0.786195 -0.617902
vn -0.446279 -0.886230 0.124221
vn -0.188818 -0.977592 0.093069
vn -0.083584 -0.994609 -0.061379
vn 0.030636 -0.997588 -0.062287
vn 0.118623 -0.992790 0.017230
vn 0.220982 -0.970245 0.098952
vn 0.056397 -0.982885 -0.175376
vn 0.056532 -0.531793 -0.844986
vn 0.661284 0.098355 0.743660
vn 0.085938 -0.972961 0.214385
vn -0.024608 -0.996929 -0.074345
vn 0.051322 -0.998651 0.007917
vn 0.089846 -0.989267 0.115235
vn -0.354258 -0.822930 -0.444171
vn -0.405019 -0.740603 -0.536160
vn -0.012224 -0.999919 -0.003621
vn -0.015701 -0.999868 -0.004104
vn 0.471857 -0.572963 0.670122
vn 0.477887 0.609167 0.632882
vn 0.536796 -0.315584 0.782469
vn -0.264693 -0.922991 -0.279329
vn -0.508515 -0.574839 -0.641072
vn -0.286452 -0.879553 -0.379909
vn 0.502733 -0.549562 0.667264
vn 0.516152 0.499274 0.695926
vn 0.647352 -0.180777 0.740443
vn 0.024967 -0.990945 -0.131926
vn -0.429318 -0.572386 -0.698614
vn -0.499468 -0.459967 -0.734140
vn -0.438318 -0.667258 -0.602199
vn 0.023687 -0.591040 0.806294
vn -0.013688 -0.601076 0.799075
vn 0.113819 -0.537784 0.835364
vn 0.177709 -0.511982 0.840413
vn 0.165986 -0.585111 0.793784
vn 0.103964 -0.738090 0.666644
vn 0.046950 -0.860590 0.507129
vn 0.023737 -0.924273 0.380994
vn 0.009508 -0.962617 0.270700
vn 0.004997 -0.986322 0.164755
vn 0.000094 -0.997557 0.069851
vn -0.006822 -0.999973 0.002740
vn -0.108748 -0.975538 -0.191050
vn -0.000518 -0.993557 -0.113335
vn 0.060118 -0.997841 0.026446
vn -0.149537 -0.983875 -0.098121
vn 0.053116 -0.985676 0.160065
vn 0.211725 -0.947791 0.238464
vn 0.131195 -0.991125 -0.021423
vn 0.153917 -0.977350 -0.145246
vn 0.539660 -0.838983 0.069813
vn -0.010965 -0.752955 0.657980
vn -0.329650 -0.943805 0.023749
vn -0.238722 -0.964566 -0.112355
vn -0.080672 -0.994858 -0.061235
vn 0.046654 -0.998603 0.024799
vn 0.153496 -0.987992 0.017660
vn 0.109290 -0.983913 -0.141316
vn 0.702244 -0.676669 0.221298
vn 0.384445 -0.481359 0.787715
vn -0.088023 -0.996082 0.008558
vn -0.007622 -0.992253 -0.124001
vn 0.105121 -0.993691 -0.039090
vn 0.199970 -0.970661 0.133524
vn -0.288261 -0.853512 -0.434077
vn -0.420118 -0.732362 -0.535861
vn -0.019444 -0.999810 -0.001266
vn -0.016623 -0.999862 -0.000064
vn 0.421865 -0.531497 0.734535
vn 0.385904 0.606957 0.694752
vn 0.418163 -0.395407 0.817798
vn -0.228676 -0.932373 -0.279979
vn -0.499242 -0.569638 -0.652893
vn -0.325000 -0.839027 -0.436359
vn 0.452041 -0.640138 0.621195
vn 0.512861 0.476500 0.714087
vn 0.649299 -0.171317 0.740987
vn 0.019353 -0.983911 -0.177610
vn -0.461766 -0.545975 -0.699059
vn -0.505267 -0.575197 -0.643315
vn -0.342933 -0.839812 -0.420847
vn -0.107657 -0.554006 0.825523
vn -0.148004 -0.535108 0.831718
vn 0.035544 -0.576215 0.816525
vn 0.200395 -0.574977 0.793249
vn 0.256351 -0.658851 0.707248
vn 0.208282 -0.795733 0.568707
vn 0.120659 -0.897541 0.424101
vn 0.060594 -0.948736 0.310207
vn 0.029838 -0.977773 0.207534
vn 0.006081 -0.993757 0.111398
vn -0.008439 -0.999219 0.038605
vn -0.019111 -0.999773 -0.009454
vn -0.151594 -0.981408 -0.117720
vn -0.135034 -0.985826 -0.099564
vn 0.094849 -0.995019 -0.030657
vn 0.059762 -0.985255 -0.160316
vn 0.127860 -0.988048 0.086094
vn 0.183416 -0.959726 0.212801
vn 0.042812 -0.998619 -0.030445
vn 0.005141 -0.998438 -0.055640
vn 0.483349 -0.725543 0.489859
vn 0.344392 -0.802172 0.487765
vn -0.232042 -0.968357 -0.091871
vn -0.306164 -0.942847 -0.131544
vn -0.203697 -0.970170 -0.131443
vn 0.004417 -0.999977 0.005083
vn 0.027727 -0.999573 -0.009240
vn 0.014461 -0.999382 -0.032046
vn 0.462550 -0.570133 0.678967
vn 0.301073 -0.609216 0.733629
vn -0.194399 -0.975549 -0.102533
vn -0.116714 -0.978923 -0.167595
vn 0.084844 -0.994831 -0.055796
vn 0.241443 -0.948057 0.207108
vn -0.280727 -0.878792 -0.385897
vn -0.410496 -0.748900 -0.520233
vn -0.018661 -0.999821 -0.003104
vn -0.016622 -0.999862 -0.000069
vn 0.453412 -0.445751 0.771831
vn 0.371069 0.643148 0.669828
vn 0.450835 -0.418330 0.788510
vn -0.148469 -0.949819 -0.275320
vn -0.436249 -0.577135 -0.690363
vn -0.314292 -0.814125 -0.488285
vn 0.403467 -0.713958 0.572257
vn 0.513166 0.452795 0.729135
vn 0.667728 -0.160395 0.726920
vn 0.005016 -0.973017 -0.230681
vn -0.443079 -0.578107 -0.685181
vn -0.443480 -0.701191 -0.558262
vn -0.253512 -0.919580 -0.300175
vn 0.430172 -0.720656 0.543697
vn 0.434324 -0.723779 0.536196
vn 0.427909 -0.695108 0.577684
vn 0.435621 -0.657059 0.615230
vn 0.405653 -0.701175 0.586343
vn 0.316607 -0.815519 0.484447
vn 0.214544 -0.908048 0.359750
vn 0.127711 -0.961321 0.244033
vn 0.071604 -0.986751 0.145589
vn 0.032879 -0.996520 0.076598
vn -0.006697 -0.999799 0.018885
vn -0.025636 -0.999640 -0.007911
vn -0.112205 -0.993602 -0.012859
vn -0.252783 -0.966948 -0.033348
vn -0.213612 -0.976596 0.025112
vn -0.175754 -0.981836 0.071469
vn -0.052847 -0.977233 0.205482
vn 0.044320 -0.976896 0.209067
vn -0.000029 -0.999965 -0.008377
vn -0.009960 -0.999849 -0.014240
vn 0.388754 -0.801624 0.454168
vn 0.270908 -0.885669 0.377094
vn -0.126335 -0.991549 -0.029502
vn -0.258137 -0.947579 -0.188305
vn -0.287807 -0.911311 -0.294414
vn -0.016486 -0.999864 -0.000629
vn -0.016434 -0.999865 -0.000769
vn -0.016576 -0.999862 -0.000679
vn 0.388052 -0.634450 0.668498
vn 0.329266 -0.713073 0.618960
vn -0.122735 -0.959184 -0.254758
vn -0.069029 -0.957005 -0.281740
vn 0.071857 -0.997408 0.003696
vn 0.202025 -0.932219 0.300255
vn -0.293741 -0.896320 -0.332156
vn -0.395555 -0.772373 -0.496966
vn -0.024735 -0.999688 -0.003581
vn -0.019233 -0.999697 0.015369
vn 0.543290 -0.407387 0.734079
vn 0.405834 0.709106 0.576600
vn 0.521099 -0.348137 0.779267
vn -0.082407 -0.958446 -0.273113
vn -0.351109 -0.586120 -0.730195
vn -0.258030 -0.817745 -0.514503
vn 0.351691 -0.768781 0.534124
vn 0.500391 0.405641 0.764895
vn 0.670209 -0.171294 0.722135
vn -0.039575 -0.958792 -0.281340
vn -0.425445 -0.644296 -0.635515
vn -0.383568 -0.809558 -0.444399
vn -0.208787 -0.956683 -0.202893
vn 0.733585 -0.621827 0.274198
vn 0.750015 -0.630996 0.198295
vn 0.674672 -0.610021 0.415563
vn 0.599472 -0.615676 0.511446
vn 0.524299 -0.674176 0.520189
vn 0.420901 -0.806016 0.416150
vn 0.321805 -0.902145 0.287360
vn 0.229064 -0.957566 0.174919
vn 0.146872 -0.985150 0.088933
vn 0.094202 -0.994679 0.041712
vn 0.037407 -0.999294 0.003568
vn -0.005446 -0.999976 -0.004167
vn -0.022594 -0.999743 -0.001646
vn -0.110411 -0.993770 -0.015154
vn -0.225860 -0.972561 0.055782
vn -0.239883 -0.959729 0.146204
vn -0.146230 -0.973497 0.175843
vn -0.037576 -0.994530 0.097457
vn -0.018930 -0.999820 0.000860
vn -0.018738 -0.999824 -0.001312
vn 0.317060 -0.871950 0.373064
vn 0.197918 -0.945253 0.259472
vn 0.010177 -0.999948 -0.000007
vn -0.190175 -0.927310 -0.322380
vn -0.369563 -0.813649 -0.448774
vn -0.016661 -0.999861 -0.000562
vn -0.016790 -0.999859 -0.000567
vn -0.016736 -0.999860 -0.000438
vn 0.361199 -0.717555 0.595524
vn 0.408128 -0.825575 0.389689
vn -0.026803 -0.901774 -0.431377
vn 0.017875 -0.987047 -0.159432
vn -0.067088 -0.963107 0.260624
vn -0.034874 -0.913222 0.405966
vn -0.440118 -0.839450 -0.318780
vn -0.407249 -0.778679 -0.477291
vn -0.059370 -0.998146 -0.013378
vn -0.009137 -0.997587 0.068822
vn 0.596975 -0.413000 0.687788
vn 0.438545 0.781117 0.444448
vn 0.614818 -0.192933 0.764706
vn -0.011539 -0.953919 -0.299844
vn -0.246711 -0.580771 -0.775782
vn -0.143219 -0.877324 -0.458030
vn 0.275233 -0.834150 0.477954
vn 0.483242 0.295880 0.823973
vn 0.632799 -0.243247 0.735117
vn -0.093757 -0.947314 -0.306278
vn -0.399202 -0.734356 -0.548961
vn -0.338541 -0.880129 -0.332810
vn -0.212587 -0.965093 -0.152977
vn 0.763524 -0.547301 0.342771
vn 0.780208 -0.552596 0.293111
vn 0.737657 -0.544533 0.399181
vn 0.721751 -0.533864 0.440527
vn 0.657958 -0.604697 0.448813
vn 0.543729 -0.764546 0.346162
vn 0.426823 -0.878427 0.214915
vn 0.336092 -0.934934 0.113757
vn 0.249485 -0.967136 0.049051
vn 0.171438 -0.985072 0.015570
vn 0.105935 -0.994365 0.004010
vn 0.043568 -0.999044 0.003561
vn -0.002485 -0.999997 -0.000316
vn -0.019721 -0.999805 -0.000524
vn -0.021911 -0.999760 -0.000419
vn -0.020946 -0.999765 0.005512
vn -0.025071 -0.999676 0.004436
vn -0.021823 -0.999762 0.000250
vn -0.016856 -0.999857 0.001052
vn -0.020387 -0.999791 -0.001687
vn 0.265643 -0.923377 0.277144
vn 0.219917 -0.951867 0.213507
vn 0.049321 -0.998124 0.036274
vn -0.387938 -0.771003 -0.505033
vn -0.489615 -0.678319 -0.547869
vn -0.023879 -0.999587 0.015994
vn -0.040032 -0.999154 0.009459
vn -0.032933 -0.999441 -0.005762
vn 0.334014 -0.812955 0.477009
vn 0.196581 -0.970612 0.138808
vn -0.220020 -0.918839 -0.327608
vn -0.157563 -0.911073 0.380946
vn -0.334204 -0.793968 0.507861
vn -0.311561 -0.884197 0.348031
vn -0.499596 -0.818599 -0.283372
vn -0.473969 -0.766456 -0.433473
vn -0.146325 -0.987845 -0.052448
vn 0.039716 -0.986731 0.157431
vn 0.645084 -0.319748 0.693994
vn 0.394314 0.876308 0.276769
vn 0.641453 0.306388 0.703324
vn 0.019285 -0.919392 -0.392870
vn -0.245050 -0.537196 -0.807076
vn -0.097768 -0.914587 -0.392392
vn 0.194011 -0.904763 0.379161
vn 0.506258 0.086916 0.857991
vn 0.574592 -0.367130 0.731478
vn -0.150660 -0.950103 -0.273140
vn -0.388054 -0.836663 -0.386535
vn -0.363538 -0.906143 -0.216206
vn -0.307210 -0.940127 -0.147593
vn 0.797024 -0.559918 0.226372
vn 0.772153 -0.532349 0.346966
vn 0.865709 -0.479369 0.144059
vn 0.880160 -0.353371 0.316935
vn 0.789767 -0.478047 0.384368
vn 0.672694 -0.689091 0.269511
vn 0.552818 -0.820155 0.147437
vn 0.440366 -0.895317 0.066968
vn 0.351993 -0.935536 0.029560
vn 0.263323 -0.964664 0.009217
vn 0.187263 -0.982276 0.008098
vn 0.120450 -0.992695 0.006944
vn 0.054716 -0.998500 0.002066
vn 0.006955 -0.999976 0.000005
vn -0.016818 -0.999818 0.009049
vn -0.031579 -0.998826 0.036746
vn -0.061844 -0.997334 0.038744
vn -0.075748 -0.996944 0.019088
vn -0.051881 -0.998637 0.005640
vn -0.029810 -0.999547 -0.004227
vn 0.203148 -0.965854 0.160799
vn 0.287096 -0.937006 0.198985
vn 0.091702 -0.994861 -0.042924
vn -0.553603 -0.433350 -0.711148
vn -0.811815 -0.566977 -0.139617
vn -0.179202 -0.969756 0.165708
vn -0.223515 -0.974618 0.012658
vn -0.104301 -0.993951 -0.034403
vn 0.265427 -0.901112 0.342850
vn -0.002559 -0.999992 0.002918
vn -0.203968 -0.975508 -0.082347
vn 0.050743 -0.749325 0.660255
vn -0.223591 -0.883575 0.411464
vn -0.167786 -0.985776 -0.009716
vn -0.192121 -0.876134 -0.442129
vn -0.279080 -0.818811 -0.501660
vn -0.128256 -0.981045 -0.145263
vn 0.100531 -0.974002 0.203012
vn 0.575821 -0.258593 0.775603
vn 0.263264 0.923657 0.278479
vn 0.358562 0.752726 0.552120
vn -0.070811 -0.917185 -0.392118
vn -0.344668 -0.447270 -0.825320
vn -0.134050 -0.923467 -0.359498
vn 0.133270 -0.952096 0.275231
vn 0.520154 -0.195561 0.831382
vn 0.466728 -0.607539 0.642699
vn -0.188230 -0.953776 -0.234265
vn -0.325003 -0.920066 -0.218749
vn -0.401774 -0.901971 -0.158198
vn -0.445926 -0.871238 -0.205167
vn 0.865478 -0.336543 -0.371062
vn 0.874789 -0.295071 -0.384289
vn 0.970708 -0.230522 -0.067716
vn 0.915537 -0.140124 0.377038
vn 0.852500 -0.379259 0.359730
vn 0.784847 -0.592664 0.181007
vn 0.686300 -0.721235 0.093870
vn 0.560791 -0.826645 0.046595
vn 0.451125 -0.892120 0.024679
vn 0.361532 -0.932244 0.014703
vn 0.279011 -0.960193 0.013463
vn 0.202906 -0.979132 0.011414
vn 0.133906 -0.990973 0.006508
vn 0.071082 -0.997443 -0.007471
vn 0.059122 -0.992270 -0.109113
vn 0.170019 -0.973492 -0.152990
vn 0.204536 -0.978771 -0.013118
vn 0.015715 -0.998692 0.048656
vn -0.097670 -0.995064 -0.017551
vn -0.048920 -0.998705 -0.014006
vn 0.082207 -0.983695 0.159956
vn 0.167723 -0.936267 0.308662
vn -0.096042 -0.977708 -0.186717
vn -0.606465 0.132546 -0.783985
vn -0.096108 -0.236332 0.966908
vn -0.123969 -0.951465 0.281683
vn -0.378102 -0.925370 -0.026997
vn -0.296608 -0.953657 -0.050617
vn 0.089384 -0.984613 0.150162
vn 0.072344 -0.995989 -0.052658
vn 0.278791 -0.921375 0.270820
vn 0.385091 -0.620298 0.683327
vn 0.046750 -0.995059 0.087589
vn 0.100857 -0.910965 -0.399963
vn 0.161203 -0.817581 -0.552789
vn 0.050182 -0.874641 -0.482166
vn -0.024388 -0.990650 -0.134231
vn 0.087829 -0.977367 0.192455
vn 0.452291 -0.352263 0.819355
vn 0.157094 0.938482 0.307528
vn 0.232564 0.709816 0.664887
vn -0.212604 -0.850321 -0.481408
vn -0.350272 -0.392800 -0.850304
vn -0.162915 -0.914021 -0.371517
vn 0.089203 -0.975023 0.203402
vn 0.469069 -0.471676 0.746657
vn 0.325532 -0.761251 0.560826
vn -0.225353 -0.961897 -0.154821
vn -0.266689 -0.957508 -0.109800
vn -0.387415 -0.901266 -0.193982
vn -0.493193 -0.812062 -0.311954
vn 0.945408 -0.207530 -0.251267
vn 0.848495 -0.153927 -0.506323
vn 0.907120 -0.114882 0.404889
vn 0.821858 -0.126866 0.555387
vn 0.892541 -0.367425 0.261475
vn 0.874090 -0.478385 0.084349
vn 0.806755 -0.587009 0.067575
vn 0.692625 -0.720201 0.039760
vn 0.575128 -0.817599 0.027571
vn 0.467117 -0.884010 0.018097
vn 0.382720 -0.923735 0.015468
vn 0.301656 -0.953323 0.013375
vn 0.220943 -0.975156 0.015945
vn 0.136301 -0.990666 -0.001841
vn 0.019751 -0.969902 -0.242694
vn 0.137941 -0.970302 -0.198711
vn 0.348732 -0.935567 0.055676
vn 0.242448 -0.969855 0.024505
vn 0.058662 -0.996511 -0.059364
vn -0.035040 -0.999208 -0.018845
vn 0.049898 -0.958553 0.280512
vn 0.085326 -0.950729 0.298049
vn -0.092546 -0.945592 -0.311916
vn 0.088126 -0.175529 -0.980522
vn 0.500368 -0.003392 0.865806
vn -0.044500 -0.957564 0.284764
vn -0.320181 -0.947270 0.012814
vn -0.449466 -0.892808 -0.029572
vn -0.280894 -0.956887 0.073936
vn -0.136700 -0.979522 0.147816
vn 0.325146 -0.658868 0.678360
vn 0.513342 -0.453370 0.728653
vn 0.046580 -0.986859 -0.154724
vn 0.028237 -0.834084 -0.550914
vn 0.068912 -0.884099 -0.462190
vn 0.011089 -0.965317 -0.260846
vn -0.002015 -0.999435 -0.033536
vn 0.082783 -0.987499 0.134134
vn 0.395598 -0.443495 0.804248
vn 0.060619 0.941105 0.332636
vn 0.040752 0.675011 0.736682
vn -0.142761 -0.935807 -0.322313
vn -0.334118 -0.448365 -0.829056
vn -0.228814 -0.902113 -0.365837
vn 0.042310 -0.986967 0.155259
vn 0.424967 -0.652247 0.627676
vn 0.316729 -0.843997 0.432842
vn -0.172038 -0.971841 -0.161019
vn -0.185712 -0.964637 -0.187045
vn -0.283343 -0.906622 -0.312655
vn -0.404546 -0.808639 -0.427137
vn 0.920587 -0.165470 0.353751
vn 0.974777 -0.212150 0.069296
vn 0.779774 -0.080206 0.620902
vn 0.906763 -0.206488 0.367618
vn 0.952916 -0.303026 -0.011206
vn 0.953288 -0.301893 0.010099
vn 0.905077 -0.421633 0.055334
vn 0.817974 -0.573868 0.039918
vn 0.711478 -0.701687 0.037873
vn 0.590941 -0.806338 0.024661
vn 0.488451 -0.872402 0.018196
vn 0.405277 -0.914012 0.018260
vn 0.325847 -0.945135 0.023332
vn 0.225515 -0.974088 0.017194
vn -0.051306 -0.969885 -0.238099
vn -0.018104 -0.999730 -0.014562
vn 0.138048 -0.983476 0.117124
vn 0.231118 -0.972852 0.011933
vn 0.190565 -0.980076 0.056002
vn -0.005847 -0.999853 0.016149
vn 0.150273 -0.917085 0.369287
vn 0.127371 -0.988306 0.083834
vn 0.003437 -0.897058 -0.441899
vn 0.712156 -0.597830 0.368013
vn 0.168111 -0.505691 0.846177
vn -0.136701 -0.963303 0.230999
vn -0.223450 -0.965021 0.137128
vn -0.456338 -0.888561 0.047060
vn -0.479718 -0.854671 0.198517
vn -0.377167 -0.878154 0.294262
vn -0.224693 -0.356174 0.907002
vn 0.608253 -0.334995 0.719588
vn 0.034015 -0.990468 -0.133476
vn -0.269510 -0.872392 -0.407794
vn -0.286286 -0.931735 -0.223407
vn -0.210381 -0.971160 -0.112197
vn -0.060984 -0.997585 -0.033236
vn 0.089280 -0.994449 0.055672
vn 0.370562 -0.460789 0.806448
vn 0.045007 0.921995 0.384577
vn 0.090399 0.718778 0.689337
vn 0.013334 -0.975941 0.217626
vn -0.370783 -0.551410 -0.747306
vn -0.355246 -0.879026 -0.317985
vn -0.124090 -0.976489 0.176267
vn 0.314043 -0.786318 0.532054
vn 0.349318 -0.898721 0.265098
vn -0.047730 -0.944486 -0.325066
vn -0.037623 -0.922065 -0.385202
vn -0.107531 -0.925426 -0.363351
vn -0.265711 -0.877309 -0.399659
vn 0.809857 -0.063788 0.583149
vn 0.846636 -0.080370 0.526068
vn 0.882501 -0.115058 0.456020
vn 0.947594 -0.303202 -0.100668
vn 0.960623 -0.204328 -0.188289
vn 0.988831 -0.132560 0.068125
vn 0.954685 -0.295425 0.036069
vn 0.920388 -0.390077 0.026933
vn 0.846365 -0.530877 0.042853
vn 0.732835 -0.679577 0.033584
vn 0.612363 -0.790130 0.026589
vn 0.511116 -0.859216 0.022534
vn 0.432863 -0.901214 0.021027
vn 0.354070 -0.935016 0.019509
vn 0.080793 -0.970663 -0.226463
vn 0.105639 -0.991547 -0.075337
vn 0.169106 -0.985522 0.012200
vn 0.174970 -0.983592 0.043962
vn 0.182010 -0.960864 0.208836
vn 0.011736 -0.997300 0.072492
vn 0.192807 -0.892323 0.408149
vn 0.018125 -0.987308 -0.157782
vn -0.194499 -0.848939 -0.491399
vn 0.231475 -0.668678 0.706604
vn 0.128462 -0.661616 0.738757
vn -0.082182 -0.989858 0.115877
vn -0.071809 -0.989546 0.125067
vn -0.201746 -0.978858 0.033686
vn -0.228604 -0.966844 0.113814
vn -0.255164 -0.966206 -0.036578
vn -0.889378 -0.416423 -0.188674
vn 0.444796 0.296844 0.845009
vn 0.152748 -0.966466 0.206424
vn -0.407544 -0.903962 -0.129467
vn -0.487184 -0.863154 -0.132731
vn -0.335556 -0.920020 -0.202399
vn -0.115892 -0.987516 -0.106684
vn 0.024397 -0.999611 0.013506
vn 0.269007 -0.430640 0.861502
vn 0.076852 0.906754 0.414596
vn 0.199476 0.742927 0.638959
vn 0.096536 -0.780557 0.617585
vn -0.464581 -0.675243 -0.572897
vn -0.478092 -0.838975 -0.259902
vn -0.191324 -0.977673 0.086900
vn 0.227748 -0.925385 0.302976
vn 0.337869 -0.931363 0.135675
vn -0.029661 -0.896515 -0.442020
vn 0.006586 -0.893784 -0.448450
vn 0.050602 -0.960534 -0.273520
vn -0.073713 -0.958916 -0.273947
vn 0.895118 -0.045567 0.443496
vn 0.795615 0.013382 0.605655
vn 0.981191 -0.174398 -0.082761
vn 0.850039 -0.242172 -0.467746
vn 0.994531 -0.025780 -0.101207
vn 0.984936 -0.013967 0.172351
vn 0.972930 -0.224577 -0.054529
vn 0.978947 -0.201327 -0.033625
vn 0.956625 -0.288768 0.038499
vn 0.871930 -0.487926 0.040821
vn 0.758468 -0.650419 0.041009
vn 0.633072 -0.773433 0.031937
vn 0.531405 -0.846782 0.023862
vn 0.455040 -0.890294 0.017777
vn 0.206745 -0.967629 -0.144743
vn 0.099989 -0.994957 -0.007917
vn 0.026571 -0.991189 0.129762
vn 0.068964 -0.980018 0.186572
vn 0.128839 -0.970756 0.202568
vn 0.100511 -0.994313 0.035192
vn 0.284485 -0.881181 0.377610
vn 0.515823 -0.724518 -0.457165
vn -0.303627 -0.742931 -0.596543
vn 0.023960 -0.837499 0.545913
vn 0.136098 -0.868581 0.476492
vn 0.035354 -0.999322 0.010252
vn 0.075800 -0.997069 0.010347
vn 0.053278 -0.995656 -0.076361
vn 0.072198 -0.992703 -0.096583
vn -0.029731 -0.930607 -0.364810
vn -0.526029 0.022405 -0.850172
vn 0.720619 0.176532 0.670481
vn 0.492701 -0.851724 0.178359
vn 0.083012 -0.982296 -0.167938
vn -0.171230 -0.896054 -0.409594
vn -0.126536 -0.912731 -0.388473
vn -0.065830 -0.984280 -0.163886
vn -0.021510 -0.999746 0.006725
vn 0.234200 -0.262460 0.936090
vn 0.103308 0.912596 0.395595
vn 0.241539 0.691452 0.680847
vn 0.144700 -0.758428 0.635491
vn -0.436562 -0.812304 -0.386750
vn -0.459634 -0.817267 -0.347580
vn -0.113358 -0.970013 -0.214999
vn 0.257129 -0.962195 0.089803
vn 0.312317 -0.949790 0.018895
vn -0.010361 -0.870662 -0.491772
vn 0.013946 -0.926827 -0.375230
vn 0.090986 -0.980462 -0.174403
vn 0.021505 -0.972920 -0.230138
vn 0.985748 -0.086360 -0.144370
vn 0.977731 0.004645 0.209809
vn 0.737857 -0.131138 -0.662095
vn 0.799667 -0.001842 -0.600441
vn 0.961023 0.258581 0.097828
vn 0.980960 0.106257 0.162562
vn 0.971720 -0.152786 -0.180048
vn 0.994522 -0.083939 -0.062293
vn 0.992135 -0.097927 0.077960
vn 0.959516 -0.277234 0.049703
vn 0.893555 -0.446572 0.046197
vn 0.784292 -0.618549 0.047791
vn 0.651877 -0.757515 0.035025
vn 0.546102 -0.837313 0.026062
vn 0.378650 -0.925460 0.012126
vn 0.194739 -0.976201 0.095435
vn 0.078471 -0.983400 0.163605
vn 0.081480 -0.979030 0.186712
vn 0.117588 -0.988691 0.093071
vn 0.133052 -0.991086 -0.006698
vn 0.363382 -0.798918 0.479253
vn 0.756829 0.651079 -0.057498
vn -0.134981 -0.399799 -0.906610
vn 0.215630 -0.950195 0.225017
vn 0.382578 -0.920143 0.083489
vn 0.296158 -0.947091 -0.123725
vn 0.219684 -0.972755 -0.074075
vn 0.139382 -0.975654 -0.169330
vn 0.188505 -0.926289 -0.326274
vn 0.150038 -0.871726 -0.466457
vn 0.380381 0.053827 -0.923262
vn 0.779569 0.341955 0.524727
vn 0.401287 -0.892468 0.206083
vn 0.311299 -0.906621 -0.284835
vn 0.100098 -0.815391 -0.570191
vn 0.105499 -0.930745 -0.350118
vn -0.051812 -0.998398 -0.022747
vn -0.193079 -0.977548 0.084384
vn -0.405107 -0.328986 0.853028
vn -0.007505 0.928756 0.370615
vn 0.194583 0.550667 0.811729
vn 0.222781 -0.799588 0.557699
vn -0.228473 -0.917359 -0.325965
vn -0.329553 -0.777480 -0.535649
vn -0.135859 -0.914357 -0.381436
vn 0.187919 -0.979753 0.069076
vn 0.212446 -0.973961 -0.079162
vn -0.005496 -0.908245 -0.418403
vn 0.007994 -0.984623 -0.174510
vn -0.006316 -0.993239 -0.115917
vn -0.081793 -0.961180 -0.263520
vn 0.661040 -0.163019 -0.732428
vn 0.873940 -0.058909 -0.482450
vn 0.543291 -0.089217 -0.834791
vn 0.909006 0.195913 -0.367866
vn 0.897709 0.337003 0.283808
vn 0.984052 0.142248 0.106809
vn 0.967550 -0.095867 -0.233786
vn 0.999836 -0.010603 0.014671
vn 0.989304 -0.036624 0.141193
vn 0.987408 -0.153338 0.038904
vn 0.971953 -0.233244 0.030067
vn 0.922105 -0.383864 0.048697
vn 0.813890 -0.579572 0.040978
vn 0.682680 -0.730147 0.028864
vn 0.577888 -0.815364 0.035029
vn 0.483614 -0.874987 0.022689
vn 0.403383 -0.914815 0.019886
vn 0.326034 -0.945058 0.023835
vn 0.225416 -0.974204 0.010676
vn 0.121689 -0.991325 0.049660
vn 0.229109 -0.708370 0.667624
vn -0.037921 0.986435 0.159711
vn 0.008630 -0.721200 -0.692673
vn 0.329309 -0.944222 -0.000171
vn 0.409172 -0.910304 -0.062647
vn 0.377522 -0.924897 -0.045202
vn 0.286244 -0.954496 -0.083673
vn 0.208251 -0.934212 -0.289619
vn 0.177198 -0.879150 -0.442375
vn 0.151982 -0.946500 -0.284675
vn 0.906475 -0.302483 0.294631
vn 0.680693 -0.237451 -0.693018
vn 0.167913 -0.961565 0.217251
vn 0.275704 -0.957656 -0.082958
vn 0.077550 -0.800553 -0.594222
vn 0.057996 -0.995594 -0.073679
vn -0.090415 -0.967894 0.234532
vn -0.249741 -0.957040 0.147323
vn -0.831257 -0.236771 -0.502942
vn 0.000823 0.971783 0.235874
vn 0.267563 0.342243 0.900711
vn 0.277263 -0.843269 0.460459
vn -0.116624 -0.931116 -0.345574
vn -0.274418 -0.742354 -0.611233
vn -0.164003 -0.919684 -0.356768
vn 0.075575 -0.995073 0.064167
vn 0.062210 -0.992272 -0.107364
vn -0.052254 -0.970633 -0.234821
vn -0.002681 -0.999673 -0.025414
vn -0.077579 -0.981673 -0.174069
vn -0.176939 -0.906496 -0.383350
vn 0.356934 -0.126726 -0.925494
vn 0.428383 -0.058709 -0.901688
vn 0.659119 0.028203 -0.751509
vn 0.947635 0.317915 0.030313
vn 0.864395 0.319844 0.387970
vn 0.992895 0.115767 0.027519
vn 0.977633 -0.042644 -0.205951
vn 0.989994 0.075068 0.119485
vn 0.991129 0.011595 0.132396
vn 0.995369 -0.087746 -0.039249
vn 0.997667 -0.068238 -0.001757
vn 0.987318 -0.152385 0.044517
vn 0.941823 -0.332712 0.047661
vn 0.842553 -0.537889 0.027929
vn 0.728998 -0.683884 0.029417
vn 0.613386 -0.789414 0.024153
vn 0.513200 -0.858050 0.019401
vn 0.435569 -0.899923 0.020459
vn 0.355993 -0.934395 0.013225
vn 0.239490 -0.955573 0.171829
vn 0.169948 -0.290074 0.941794
vn -0.201421 0.841241 -0.501740
vn 0.091185 -0.847964 -0.522152
vn 0.204960 -0.978688 0.012669
vn 0.210695 -0.976372 0.048006
vn 0.269938 -0.962003 0.041041
vn 0.285446 -0.948510 -0.137291
vn 0.203398 -0.932934 -0.297093
vn 0.054222 -0.962701 -0.265078
vn -0.004623 -0.926964 0.375121
vn 0.215533 0.687867 0.693098
vn 0.114467 -0.383355 -0.916480
vn 0.144559 -0.978038 0.150151
vn 0.009743 -0.999444 -0.031895
vn -0.042315 -0.857459 -0.512810
vn -0.025697 -0.979076 0.201866
vn -0.035263 -0.964490 0.261756
vn -0.034029 -0.989412 0.141092
vn -0.137501 -0.483408 -0.864529
vn 0.182929 0.980244 0.075220
vn 0.421539 0.174121 0.889937
vn 0.222279 -0.891186 0.395449
vn -0.150093 -0.928733 -0.339008
vn -0.323767 -0.743665 -0.584925
vn -0.164657 -0.937518 -0.306509
vn 0.063676 -0.997273 -0.037307
vn 0.055223 -0.989862 -0.130859
vn -0.011142 -0.987747 -0.155662
vn 0.045246 -0.996945 -0.063667
vn -0.064710 -0.955354 -0.288290
vn -0.206915 -0.839660 -0.502153
vn 0.367468 0.013862 -0.929933
vn 0.164513 -0.008127 -0.986341
vn 0.883466 0.229466 -0.408452
vn 0.876667 0.361526 0.317417
vn 0.883488 0.323015 0.339280
vn 0.984984 0.139586 -0.101599
vn 0.990101 0.062186 -0.125825
vn 0.971068 0.143475 0.190895
vn 0.997437 0.035195 0.062291
vn 0.992373 -0.047253 -0.113851
vn 0.999807 0.015791 0.011667
vn 0.995482 -0.029799 0.090158
vn 0.981982 -0.162490 0.096484
vn 0.937062 -0.344209 0.058607
vn 0.858690 -0.511242 0.035806
vn 0.756508 -0.652608 0.042409
vn 0.630962 -0.775023 0.035034
vn 0.528397 -0.847994 0.041255
vn 0.393596 -0.901409 0.180400
vn 0.159822 -0.874576 0.457792
vn -0.469406 -0.108306 0.876315
vn -0.277317 0.225111 -0.934034
vn 0.208087 -0.930346 -0.301921
vn 0.233300 -0.971371 0.044827
vn 0.206093 -0.978282 0.022154
vn 0.245710 -0.968116 -0.048759
vn 0.226067 -0.965756 -0.127311
vn 0.119701 -0.984891 -0.125147
vn 0.009334 -0.998211 -0.059053
vn 0.002131 -0.565350 0.824848
vn -0.049943 0.972640 0.226887
vn 0.000387 -0.755673 -0.654949
vn 0.199079 -0.962414 0.184737
vn 0.160455 -0.980025 -0.117496
vn -0.397510 -0.807391 -0.436010
vn -0.045446 -0.948622 0.313132
vn -0.032305 -0.983890 0.175831
vn -0.014688 -0.987063 0.159660
vn -0.164475 -0.877034 -0.451397
vn 0.247342 0.966883 -0.062920
vn 0.398692 0.070140 0.914399
vn 0.077685 -0.928349 0.363501
vn -0.230559 -0.929111 -0.289130
vn -0.391760 -0.773685 -0.497932
vn -0.243149 -0.923809 -0.295730
vn 0.008178 -0.994027 -0.108831
vn 0.054673 -0.992549 -0.108887
vn 0.015083 -0.992167 -0.124002
vn 0.028676 -0.996368 -0.080184
vn -0.109600 -0.943442 -0.312898
vn -0.263150 -0.795313 -0.546104
vn 0.680896 0.129619 -0.720818
vn 0.375299 0.058274 -0.925070
vn 0.954174 0.297479 0.032523
vn 0.837699 0.357037 0.413262
vn 0.931519 0.316941 0.178382
vn 0.975814 0.169825 -0.137646
vn 0.987293 0.156393 0.028173
vn 0.960401 0.181007 0.211819
vn 0.999260 0.036996 -0.010490
vn 0.995858 -0.038889 -0.082184
vn 0.992917 0.010908 0.118309
vn 0.980267 -0.028700 0.195583
vn 0.980441 -0.118695 0.156992
vn 0.972778 -0.221595 0.067820
vn 0.943803 -0.329182 0.029567
vn 0.887941 -0.457329 0.049100
vn 0.787472 -0.615766 0.026817
vn 0.675029 -0.734881 0.065468
vn 0.527377 -0.684026 0.503966
vn 0.223395 -0.751655 0.620572
vn -0.628233 -0.765731 -0.137769
vn -0.193449 -0.417844 -0.887685
vn 0.282991 -0.953435 -0.104296
vn 0.289314 -0.956513 0.037143
vn 0.261427 -0.963829 -0.051870
vn 0.233394 -0.971313 -0.045587
vn 0.164013 -0.986199 -0.022616
vn 0.102800 -0.994599 -0.014285
vn 0.025195 -0.997503 0.065972
vn 0.237260 -0.454370 0.858636
vn -0.171094 0.692196 0.701136
vn -0.426371 -0.904410 -0.015817
vn -0.109221 -0.949419 0.294407
vn -0.124099 -0.577378 -0.806991
vn -0.740986 -0.621396 -0.254572
vn -0.368206 -0.831047 0.416876
vn -0.316754 -0.948226 0.023110
vn -0.261781 -0.941027 0.214334
vn -0.417644 -0.884947 -0.206013
vn 0.274432 0.889169 -0.366149
vn 0.517308 -0.095042 0.850505
vn 0.162339 -0.974703 0.153626
vn -0.130258 -0.950149 -0.283285
vn -0.383484 -0.829473 -0.406097
vn -0.273940 -0.794692 -0.541684
vn 0.187732 -0.786220 -0.588740
vn 0.492047 -0.752304 -0.438097
vn 0.501322 -0.747027 -0.436608
vn 0.481301 -0.738128 -0.472775
vn 0.367835 -0.779133 -0.507592
vn 0.262790 -0.847702 -0.460806
vn 0.923161 0.240259 -0.300082
vn 0.756591 0.216214 -0.617107
vn 0.919585 0.325014 0.220746
vn 0.864681 0.417618 0.279145
vn 0.933635 0.357660 0.020114
vn 0.971806 0.227400 -0.062308
vn 0.965798 0.233462 0.112824
vn 0.961291 0.244559 0.126930
vn 0.994157 0.101910 -0.035584
vn 0.999648 0.004344 0.026189
vn 0.980391 0.020130 0.196033
vn 0.978691 0.004446 0.205291
vn 0.991623 -0.052770 0.117898
vn 0.990462 -0.131081 0.042451
vn 0.976654 -0.207044 0.057276
vn 0.943079 -0.312173 0.114670
vn 0.857782 -0.493710 0.143042
vn 0.698180 -0.641298 0.318248
vn 0.525090 -0.464919 0.712833
vn 0.482828 -0.646205 0.591013
vn 0.003972 -0.732781 -0.680453
vn -0.304018 -0.477977 -0.824082
vn 0.253370 -0.967175 0.019399
vn 0.276334 -0.961020 0.008990
vn 0.258447 -0.964833 -0.047978
vn 0.249076 -0.967884 0.034077
vn 0.180462 -0.983318 0.022807
vn 0.103890 -0.988763 0.107492
vn -0.076665 -0.869642 0.487694
vn 0.158529 -0.245184 0.956427
vn 0.158862 0.107507 0.981430
vn -0.727961 -0.460366 0.508071
vn -0.744726 -0.647860 0.160189
vn 0.565229 -0.822866 0.058378
vn -0.061733 0.745146 0.664038
vn -0.612580 -0.741049 0.274941
vn -0.244647 -0.954621 -0.169842
vn -0.247244 -0.904970 0.346265
vn -0.411703 -0.911296 0.006383
vn 0.541592 -0.332523 -0.772080
vn 0.513890 -0.106235 0.851253
vn -0.035743 -0.998367 0.044557
vn -0.076882 -0.978635 -0.190690
vn -0.310309 -0.904406 -0.292844
vn -0.500139 -0.643930 -0.578978
vn -0.083972 -0.859209 -0.504686
vn 0.425328 -0.827747 -0.365966
vn 0.428090 -0.751519 -0.501954
vn 0.430760 -0.610000 -0.665090
vn 0.640454 -0.767887 0.012972
vn 0.628981 -0.642812 0.437237
vn 0.954538 0.287618 -0.078314
vn 0.879478 0.310168 -0.360991
vn 0.910342 0.339789 0.236266
vn 0.874349 0.461362 0.150527
vn 0.912902 0.406163 -0.040506
vn 0.957448 0.287917 -0.019915
vn 0.952422 0.288653 0.097838
vn 0.955710 0.289834 0.051132
vn 0.987217 0.157391 -0.025125
vn 0.995241 0.042767 0.087559
vn 0.977860 0.045461 0.204263
vn 0.986034 0.057713 0.156226
vn 0.998148 0.012965 0.059437
vn 0.996168 -0.081754 0.031089
vn 0.980607 -0.172433 0.093148
vn 0.947481 -0.269370 0.172393
vn 0.846254 -0.461933 0.265466
vn 0.592854 -0.601710 0.535228
vn 0.371821 -0.406996 0.834328
vn 0.461637 -0.674373 0.576292
vn 0.079543 -0.789082 -0.609116
vn -0.443464 -0.318959 -0.837618
vn 0.215850 -0.975632 0.039391
vn 0.242799 -0.970076 -0.001111
vn 0.241102 -0.970239 -0.022477
vn 0.239872 -0.967110 0.084619
vn 0.147430 -0.986940 0.064918
vn 0.025686 -0.974088 0.224705
vn -0.210177 -0.621113 0.755013
vn 0.033116 -0.005642 0.999436
vn 0.110273 0.013180 0.993814
vn -0.341863 -0.528052 0.777361
vn -0.505258 -0.835902 -0.214434
vn 0.511717 -0.666725 0.541870
vn 0.435707 0.340089 0.833366
vn -0.550365 -0.831858 0.071491
vn 0.108347 -0.958879 -0.262322
vn -0.048638 -0.924539 0.377970
vn -0.274635 -0.950324 0.146492
vn 0.425655 -0.872633 -0.239435
vn -0.300423 -0.618562 0.726035
vn -0.432222 -0.898570 0.075870
vn -0.149272 -0.984142 -0.095820
vn -0.270003 -0.937623 -0.219001
vn -0.646171 -0.632110 -0.427667
vn -0.754191 -0.602703 -0.260664
vn -0.385335 -0.872251 0.301156
vn -0.238903 -0.947948 -0.210525
vn -0.022380 -0.784353 -0.619911
vn 0.375557 -0.918718 -0.122125
vn 0.397847 -0.475863 0.784393
vn 0.149336 0.355041 0.922846
vn 0.272611 0.396873 0.876456
vn 0.272827 0.420175 0.865458
vn 0.145092 0.309523 0.939757
vn -0.164857 0.417717 0.893496
vn -0.160284 0.237007 0.958194
vn -0.020896 0.731815 0.681183
vn -0.057529 0.702681 0.709175
vn 0.449245 0.628827 0.634630
vn 0.399481 0.834557 0.379380
vn 0.470054 0.185030 0.863025
vn 0.420845 0.581565 0.696184
vn 0.422099 -0.047536 0.905303
vn 0.250774 0.452827 0.855605
vn 0.426169 -0.205297 0.881041
vn 0.218314 0.559706 0.799417
vn 0.410105 -0.374746 0.831492
vn 0.270451 0.632821 0.725530
vn 0.383811 -0.531127 0.755377
vn 0.408477 0.497061 0.765557
vn 0.344095 -0.657892 0.669908
vn 0.406591 0.326684 0.853207
vn 0.306468 -0.755185 0.579459
vn 0.383613 0.207893 0.899790
vn 0.258583 -0.835487 0.484866
vn 0.405534 0.086407 0.909987
vn 0.198682 -0.887298 0.416206
vn 0.434547 -0.092911 0.895844
vn 0.142525 -0.890949 0.431157
vn 0.416925 -0.270730 0.867686
vn 0.119917 -0.835425 0.536363
vn 0.319558 -0.360472 0.876323
vn 0.129802 -0.699780 0.702466
vn 0.208572 -0.380432 0.900983
vn 0.215580 -0.510058 0.832686
vn 0.198590 -0.328059 0.923547
vn 0.327412 -0.423643 0.844587
vn 0.323900 -0.246365 0.913451
vn 0.311328 -0.502317 0.806692
vn 0.381115 -0.265165 0.885686
vn 0.247794 -0.625183 0.740097
vn 0.316687 -0.365470 0.875295
vn 0.192832 -0.729419 0.656326
vn 0.221758 -0.419370 0.880314
vn 0.152201 -0.818694 0.553692
vn 0.188113 -0.432106 0.881985
vn 0.179465 -0.894625 0.409193
vn 0.287063 -0.482411 0.827571
vn 0.188866 -0.957967 0.215937
vn 0.439861 -0.634133 0.635923
vn 0.091743 -0.994298 0.054362
vn 0.397612 -0.818239 0.415198
vn -0.006254 -0.999872 -0.014697
vn 0.230758 -0.930135 0.285655
vn -0.022596 -0.999663 -0.012747
vn 0.117998 -0.959885 0.254358
vn -0.052356 -0.989548 0.134362
vn -0.052252 -0.897213 0.438495
vn 0.067088 -0.944428 0.321798
vn 0.095112 -0.770751 0.629998
vn 0.264168 -0.924828 0.273693
vn 0.493272 -0.685142 0.535970
vn 0.238204 -0.966016 0.100362
vn 0.601834 -0.718234 0.349194
vn 0.084431 -0.996396 0.008171
vn 0.489150 -0.842784 0.224605
vn -0.005806 -0.999983 -0.000184
vn 0.310600 -0.933843 0.177382
vn -0.016757 -0.999860 0.000123
vn 0.203922 -0.964730 0.166469
vn -0.016295 -0.999859 0.004039
vn 0.185648 -0.961483 0.202695
vn -0.012293 -0.999911 0.005147
vn 0.236085 -0.936882 0.257908
vn -0.011883 -0.999927 0.002429
vn 0.301262 -0.905441 0.299028
vn -0.046800 -0.998874 0.007711
vn 0.317059 -0.890653 0.325900
vn -0.094923 -0.995293 -0.019546
vn 0.298682 -0.895672 0.329487
vn -0.082834 -0.993800 -0.074160
vn 0.303371 -0.896179 0.323772
vn -0.102752 -0.992736 -0.062585
vn 0.284073 -0.887485 0.362867
vn -0.076607 -0.986380 -0.145552
vn 0.337751 -0.858815 0.385178
vn 0.009948 -0.972305 -0.233504
vn 0.424836 -0.820756 0.381934
vn 0.048071 -0.990286 -0.130475
vn 0.443092 -0.740918 0.504688
vn 0.133308 -0.988937 0.065054
vn 0.458849 -0.610639 0.645429
vn 0.261446 -0.909518 0.323144
vn 0.459128 -0.453437 0.763934
vn 0.358891 -0.727916 0.584239
vn 0.431049 -0.292001 0.853776
vn 0.403256 -0.475190 0.782035
vn 0.395297 -0.124727 0.910046
vn 0.356942 -0.160655 0.920208
vn 0.312644 0.027520 0.949472
vn 0.294877 0.002153 0.955533
vn 0.245320 0.098882 0.964386
vn 0.219851 0.447444 0.866868
vn 0.081277 0.280404 0.956435
vn -0.197027 0.009700 0.980350
vn -0.144804 0.535316 0.832147
vn 0.366424 0.927693 0.071550
vn 0.382762 0.887728 0.255799
vn 0.029004 0.760865 0.648261
vn -0.120689 0.860240 0.495400
vn -0.080409 0.984862 0.153560
vn 0.070454 0.997387 0.015952
vn 0.116034 0.983974 0.135390
vn 0.144634 0.942674 0.300742
vn 0.224034 0.876710 0.425662
vn 0.306593 0.801263 0.513788
vn 0.419035 0.710335 0.565539
vn 0.462123 0.564163 0.684224
vn 0.375095 0.346830 0.859658
vn 0.272252 0.117372 0.955041
vn 0.333742 -0.009100 0.942621
vn 0.424059 -0.035630 0.904933
vn 0.365199 -0.054498 0.929333
vn 0.244092 -0.103729 0.964189
vn 0.234671 -0.169533 0.957177
vn 0.357151 -0.233935 0.904277
vn 0.554278 -0.240909 0.796705
vn 0.618777 -0.222769 0.753318
vn 0.525262 -0.282053 0.802836
vn 0.444388 -0.433718 0.783842
vn 0.133120 -0.485948 0.863790
vn 0.125312 -0.572672 0.810150
vn 0.509873 -0.624431 0.591706
vn 0.718923 -0.523314 0.457485
vn 0.779656 -0.414987 0.468959
vn 0.724402 -0.328830 0.605899
vn 0.667161 -0.212735 0.713891
vn 0.780063 -0.097665 0.618032
vn 0.801136 -0.093887 0.591073
vn 0.735989 -0.093533 0.670501
vn 0.716932 -0.040565 0.695962
vn 0.691917 0.046884 0.720453
vn 0.645194 0.165872 0.745796
vn 0.601210 0.306275 0.738067
vn 0.544989 0.432106 0.718521
vn 0.473631 0.478447 0.739433
vn 0.474303 0.494402 0.728425
vn 0.483902 0.480370 0.731494
vn 0.437969 0.459803 0.772505
vn 0.382154 0.442194 0.811432
vn 0.347086 0.402470 0.847083
vn 0.296544 0.321682 0.899212
vn 0.249222 0.265525 0.931335
vn 0.164868 0.449533 0.877917
vn 0.027508 0.301799 0.952975
vn -0.243060 -0.038510 0.969246
vn -0.186685 0.366104 0.911656
vn 0.453275 0.889609 0.056010
vn 0.487332 0.859699 0.153056
vn 0.065209 0.651040 0.756237
vn -0.093989 0.664084 0.741726
vn -0.041851 0.932509 0.358714
vn 0.126852 0.991214 0.037472
vn 0.169457 0.982102 0.082221
vn 0.216705 0.932052 0.290376
vn 0.312256 0.835296 0.452523
vn 0.359705 0.781081 0.510416
vn 0.422366 0.801325 0.423656
vn 0.467253 0.786191 0.404447
vn 0.436032 0.663806 0.607649
vn 0.348069 0.368723 0.861912
vn 0.354416 0.043163 0.934091
vn 0.425086 -0.043599 0.904102
vn 0.373128 -0.020561 0.927552
vn 0.267159 -0.143558 0.952899
vn 0.283039 -0.386707 0.877694
vn 0.381127 -0.535224 0.753842
vn 0.549636 -0.424729 0.719379
vn 0.606337 -0.075870 0.791580
vn 0.477116 0.205745 0.854417
vn 0.508403 0.223493 0.831611
vn 0.309821 -0.146795 0.939395
vn 0.113932 -0.677336 0.726798
vn 0.327991 -0.846383 0.419593
vn 0.574608 -0.727128 0.375647
vn 0.759711 -0.356604 0.543759
vn 0.658791 0.198284 0.725726
vn 0.447869 0.656179 0.607324
vn 0.550010 0.765857 0.333096
vn 0.707621 0.591477 0.386559
vn 0.672837 0.454732 0.583532
vn 0.615652 0.488232 0.618548
vn 0.514641 0.628117 0.583621
vn 0.369307 0.786110 0.495624
vn 0.263361 0.893410 0.363950
vn 0.205365 0.923569 0.323799
vn 0.147397 0.914990 0.375590
vn 0.231167 0.888071 0.397357
vn 0.358049 0.805500 0.472197
vn 0.365713 0.723217 0.585842
vn 0.346062 0.658733 0.668066
vn 0.346875 0.561696 0.751116
vn 0.333395 0.420602 0.843766
vn 0.304265 0.334284 0.892007
vn -0.682520 -0.730609 -0.019412
vn -0.648751 -0.759713 -0.044257
vn -0.680940 -0.726828 0.089681
vn -0.707071 -0.704743 0.058212
vn -0.608419 -0.791249 -0.061253
vn -0.651277 -0.741513 0.161236
vn -0.611921 -0.790483 -0.026257
vn -0.652644 -0.717586 0.243158
vn -0.630371 -0.775281 0.039646
vn -0.656603 -0.677778 0.330891
vn -0.651618 -0.747481 0.129096
vn -0.653026 -0.625794 0.426542
vn -0.668779 -0.703119 0.241576
vn -0.638609 -0.558640 0.529244
vn -0.674112 -0.638064 0.372086
vn -0.613136 -0.478359 0.628678
vn -0.664561 -0.551834 0.503824
vn -0.583175 -0.393175 0.710859
vn -0.643302 -0.454558 0.616068
vn -0.555315 -0.312175 0.770826
vn -0.611074 -0.369492 0.700046
vn -0.524875 -0.246149 0.814811
vn -0.556848 -0.320931 0.766110
vn -0.474881 -0.211771 0.854190
vn -0.463618 -0.324894 0.824319
vn -0.399138 -0.229295 0.887757
vn -0.384005 -0.360090 0.850221
vn -0.349129 -0.279725 0.894350
vn -0.388684 -0.390604 0.834478
vn -0.361500 -0.318162 0.876408
vn -0.433079 -0.404790 0.805350
vn -0.386594 -0.331054 0.860784
vn -0.448538 -0.407755 0.795330
vn -0.379579 -0.328061 0.865041
vn -0.424512 -0.409152 0.807703
vn -0.340695 -0.320304 0.883930
vn -0.378331 -0.414831 0.827515
vn -0.286095 -0.315544 0.904755
vn -0.327558 -0.420516 0.846092
vn -0.231337 -0.313586 0.920949
vn -0.278681 -0.419576 0.863882
vn -0.183255 -0.311642 0.932361
vn -0.225926 -0.417139 0.880314
vn -0.138900 -0.314360 0.939087
vn -0.172538 -0.422738 0.889676
vn -0.100066 -0.328099 0.939328
vn -0.133438 -0.437518 0.889254
vn -0.074397 -0.351142 0.933362
vn -0.118342 -0.453889 0.883165
vn -0.066066 -0.373857 0.925131
vn -0.125032 -0.461351 0.878364
vn -0.073064 -0.385970 0.919614
vn -0.135817 -0.463264 0.875751
vn -0.084683 -0.390388 0.916747
vn -0.140523 -0.480917 0.865432
vn -0.094281 -0.403830 0.909963
vn -0.146513 -0.527282 0.836963
vn -0.104886 -0.440174 0.891765
vn -0.180050 -0.584479 0.791181
vn -0.145245 -0.488273 0.860519
vn -0.268520 -0.624700 0.733244
vn -0.244310 -0.525909 0.814698
vn -0.269991 -0.657653 0.703276
vn -0.230094 -0.599206 0.766818
vn 0.156904 -0.789285 0.593642
vn 0.194654 -0.771403 0.605845
vn -0.032639 -0.664794 0.746313
vn -0.020950 -0.664525 0.746972
vn -0.241359 -0.565807 0.788421
vn -0.221829 -0.563455 0.795808
vn 0.321319 -0.828119 0.459319
vn 0.325443 -0.812234 0.484111
vn 0.550303 -0.833406 0.051004
vn 0.559532 -0.820618 0.116234
vn 0.517830 -0.850364 -0.093454
vn 0.564464 -0.825099 -0.024325
vn 0.491237 -0.870887 0.015549
vn 0.585268 -0.810557 0.021416
vn 0.698845 -0.572915 -0.428234
vn 0.756435 -0.531951 -0.380570
vn 0.651491 -0.216544 -0.727096
vn 0.675496 -0.218602 -0.704215
vn 0.804179 -0.317810 -0.502288
vn 0.767132 -0.274994 -0.579557
vn 0.944602 -0.324593 -0.048657
vn 0.921517 -0.325255 -0.212169
vn 0.909653 -0.227008 0.347848
vn 0.947583 -0.273145 0.165763
vn 0.900984 -0.103593 0.421303
vn 0.931596 -0.144766 0.333423
vn 0.998001 -0.053811 0.033146
vn 0.991231 -0.041652 0.125401
vn 0.802341 -0.077813 -0.591772
vn 0.923672 0.012472 -0.382980
vn 0.263092 -0.183806 -0.947100
vn 0.567657 -0.046564 -0.821947
vn -0.131711 -0.354729 -0.925645
vn 0.171370 -0.206168 -0.963394
vn -0.160987 -0.437687 -0.884598
vn 0.009338 -0.307574 -0.951478
vn -0.097733 -0.431766 -0.896675
vn -0.011492 -0.326404 -0.945161
vn -0.655351 -0.698703 0.286932
vn -0.676741 -0.710817 0.191729
vn -0.621725 -0.650782 0.435822
vn -0.606547 -0.587908 0.535224
vn -0.588977 -0.525223 0.614205
vn -0.563377 -0.467872 0.680956
vn -0.534504 -0.416390 0.735475
vn -0.509872 -0.370360 0.776443
vn -0.493866 -0.327462 0.805521
vn -0.482551 -0.283053 0.828870
vn -0.463807 -0.237237 0.853582
vn -0.425415 -0.205944 0.881254
vn -0.376459 -0.210861 0.902118
vn -0.347879 -0.238855 0.906603
vn -0.338972 -0.255226 0.905515
vn -0.317224 -0.250729 0.914606
vn -0.272900 -0.234550 0.933012
vn -0.216634 -0.215684 0.952129
vn -0.159053 -0.200846 0.966625
vn -0.109024 -0.192350 0.975251
vn -0.070533 -0.190582 0.979134
vn -0.042716 -0.198085 0.979254
vn -0.024822 -0.217296 0.975790
vn -0.016497 -0.246126 0.969098
vn -0.017445 -0.276778 0.960776
vn -0.027199 -0.300148 0.953505
vn -0.043170 -0.314491 0.948278
vn -0.061911 -0.327046 0.942978
vn -0.082091 -0.348934 0.933545
vn -0.121944 -0.369544 0.921177
vn -0.185124 -0.363794 0.912898
vn -0.130706 -0.435557 0.890621
vn 0.214483 -0.677872 0.703198
vn 0.022797 -0.649189 0.760285
vn -0.086867 -0.509540 0.856051
vn 0.440437 -0.642992 0.626559
vn 0.690199 -0.632106 0.352231
vn 0.762357 -0.608460 0.220429
vn 0.822777 -0.544357 0.163443
vn 0.930920 -0.329036 -0.158503
vn 0.846263 -0.127167 -0.517366
vn 0.783273 -0.199066 -0.588945
vn 0.822378 -0.348712 -0.449548
vn 0.896861 -0.383147 -0.220994
vn 0.961459 -0.273705 0.026116
vn 0.990746 -0.068651 0.117087
vn 0.988847 0.130057 -0.072567
vn 0.896162 0.187046 -0.402377
vn 0.687388 0.084071 -0.721408
vn 0.402954 -0.122760 -0.906950
vn 0.256482 -0.239218 -0.936478
vn -0.606773 -0.714481 0.348344
vn -0.620003 -0.744325 0.248146
vn -0.581550 -0.647102 0.493010
vn -0.570028 -0.586429 0.575472
vn -0.556694 -0.533254 0.636972
vn -0.539215 -0.494911 0.681403
vn -0.524743 -0.473297 0.707555
vn -0.518450 -0.459348 0.721255
vn -0.517817 -0.438673 0.734460
vn -0.514034 -0.401771 0.757858
vn -0.496928 -0.351572 0.793385
vn -0.461900 -0.307070 0.832080
vn -0.419494 -0.285427 0.861717
vn -0.382684 -0.277955 0.881075
vn -0.345589 -0.266278 0.899814
vn -0.297201 -0.247038 0.922304
vn -0.240155 -0.225294 0.944229
vn -0.182569 -0.205727 0.961429
vn -0.130504 -0.192279 0.972624
vn -0.088501 -0.185651 0.978622
vn -0.057555 -0.184899 0.981071
vn -0.036384 -0.190866 0.980941
vn -0.023648 -0.206040 0.978258
vn -0.018527 -0.231444 0.972672
vn -0.021624 -0.263239 0.964488
vn -0.033708 -0.293140 0.955475
vn -0.053220 -0.314606 0.947729
vn -0.076226 -0.330173 0.940838
vn -0.101719 -0.348602 0.931735
vn -0.135275 -0.354377 0.925266
vn -0.154829 -0.310131 0.938002
vn -0.066314 -0.326165 0.942984
vn 0.206664 -0.596132 0.775833
vn 0.043130 -0.628340 0.776742
vn 0.066127 -0.444875 0.893148
vn 0.544325 -0.435729 0.716834
vn 0.768632 -0.401697 0.497841
vn 0.850207 -0.365142 0.379236
vn 0.911032 -0.290183 0.292941
vn 0.992021 -0.120391 0.037425
vn 0.950832 -0.020229 -0.309045
vn 0.839479 -0.166394 -0.517289
vn 0.765376 -0.376390 -0.522044
vn 0.803138 -0.438004 -0.403882
vn 0.917581 -0.344763 -0.197947
vn 0.994428 -0.105385 -0.002587
vn 0.986668 0.162735 -0.002112
vn 0.944916 0.269079 -0.186359
vn 0.850124 0.185547 -0.492810
vn 0.611288 -0.081085 -0.787244
vn 0.433299 -0.255963 -0.864138
s 1
g pasted__blanket bed interiorDecoration _LadyBeetle
usemtl pasted__lambert2SG
f 1/1/1 2/2/2 53/53/3 52/52/4
f 2/2/2 3/3/5 54/54/6 53/53/3
f 3/3/5 4/4/7 55/55/8 54/54/6
f 4/4/7 5/5/9 56/56/10 55/55/8
f 5/5/9 6/6/11 57/57/12 56/56/10
f 6/6/11 7/7/13 58/58/14 57/57/12
f 7/7/13 8/8/15 59/59/16 58/58/14
f 8/8/15 9/9/17 60/60/18 59/59/16
f 9/9/17 10/10/19 61/61/20 60/60/18
f 10/10/19 11/11/21 62/62/22 61/61/20
f 11/11/21 12/12/23 63/63/24 62/62/22
f 12/12/23 13/13/25 64/64/26 63/63/24
f 13/13/25 14/14/27 65/65/28 64/64/26
f 14/14/27 15/15/29 66/66/30 65/65/28
f 15/15/29 16/16/31 67/67/32 66/66/30
f 16/16/31 17/17/33 68/68/34 67/67/32
f 17/17/33 18/18/35 69/69/36 68/68/34
f 18/18/35 19/19/37 70/70/38 69/69/36
f 19/19/37 20/20/39 71/71/40 70/70/38
f 20/20/39 21/21/41 72/72/42 71/71/40
f 21/21/41 22/22/43 73/73/44 72/72/42
f 22/22/43 23/23/45 74/74/46 73/73/44
f 23/23/45 24/24/47 75/75/48 74/74/46
f 24/24/47 25/25/49 76/76/50 75/75/48
f 25/25/49 26/26/51 77/77/52 76/76/50
f 26/26/51 27/27/53 78/78/54 77/77/52
f 27/27/53 28/28/55 79/79/56 78/78/54
f 28/28/55 29/29/57 80/80/58 79/79/56
f 29/29/57 30/30/59 81/81/60 80/80/58
f 30/30/59 31/31/61 82/82/62 81/81/60
f 31/31/61 32/32/63 83/83/64 82/82/62
f 32/32/63 33/33/65 84/84/66 83/83/64
f 33/33/65 34/34/67 85/85/68 84/84/66
f 34/34/67 35/35/69 86/86/70 85/85/68
f 35/35/69 36/36/71 87/87/72 86/86/70
f 36/36/71 37/37/73 88/88/74 87/87/72
f 37/37/73 38/38/75 89/89/76 88/88/74
f 38/38/75 39/39/77 90/90/78 89/89/76
f 39/39/77 40/40/79 91/91/80 90/90/78
f 40/40/79 41/41/81 92/92/82 91/91/80
f 41/41/81 42/42/83 93/93/84 92/92/82
f 42/42/83 43/43/85 94/94/86 93/93/84
f 43/43/85 44/44/87 95/95/88 94/94/86
f 44/44/87 45/45/89 96/96/90 95/95/88
f 45/45/89 46/46/91 97/97/92 96/96/90
f 46/46/91 47/47/93 98/98/94 97/97/92
f 47/47/93 48/48/95 99/99/96 98/98/94
f 48/48/95 49/49/97 100/100/98 99/99/96
f 49/49/97 50/50/99 101/101/100 100/100/98
f 50/50/99 51/51/101 102/102/102 101/101/100
f 52/52/4 53/53/3 104/104/103 103/103/104
f 53/53/3 54/54/6 105/105/105 104/104/103
f 54/54/6 55/55/8 106/106/106 105/105/105
f 55/55/8 56/56/10 107/107/107 106/106/106
f 56/56/10 57/57/12 108/108/108 107/107/107
f 57/57/12 58/58/14 109/109/109 108/108/108
f 58/58/14 59/59/16 110/110/110 109/109/109
f 59/59/16 60/60/18 111/111/111 110/110/110
f 60/60/18 61/61/20 112/112/112 111/111/111
f 61/61/20 62/62/22 113/113/113 112/112/112
f 62/62/22 63/63/24 114/114/114 113/113/113
f 63/63/24 64/64/26 115/115/115 114/114/114
f 64/64/26 65/65/28 116/116/116 115/115/115
f 65/65/28 66/66/30 117/117/117 116/116/116
f 66/66/30 67/67/32 118/118/118 117/117/117
f 67/67/32 68/68/34 119/119/119 118/118/118
f 68/68/34 69/69/36 120/120/120 119/119/119
f 69/69/36 70/70/38 121/121/121 120/120/120
f 70/70/38 71/71/40 122/122/122 121/121/121
f 71/71/40 72/72/42 123/123/123 122/122/122
f 72/72/42 73/73/44 124/124/124 123/123/123
f 73/73/44 74/74/46 125/125/125 124/124/124
f 74/74/46 75/75/48 126/126/126 125/125/125
f 75/75/48 76/76/50 127/127/127 126/126/126
f 76/76/50 77/77/52 128/128/128 127/127/127
f 77/77/52 78/78/54 129/129/129 128/128/128
f 78/78/54 79/79/56 130/130/130 129/129/129
f 79/79/56 80/80/58 131/131/131 130/130/130
f 80/80/58 81/81/60 132/132/132 131/131/131
f 81/81/60 82/82/62 133/133/133 132/132/132
f 82/82/62 83/83/64 134/134/134 133/133/133
f 83/83/64 84/84/66 135/135/135 134/134/134
f 84/84/66 85/85/68 136/136/136 135/135/135
f 85/85/68 86/86/70 137/137/137 136/136/136
f 86/86/70 87/87/72 138/138/138 137/137/137
f 87/87/72 88/88/74 139/139/139 138/138/138
f 88/88/74 89/89/76 140/140/140 139/139/139
f 89/89/76 90/90/78 141/141/141 140/140/140
f 90/90/78 91/91/80 142/142/142 141/141/141
f 91/91/80 92/92/82 143/143/143 142/142/142
f 92/92/82 93/93/84 144/144/144 143/143/143
f 93/93/84 94/94/86 145/145/145 144/144/144
f 94/94/86 95/95/88 146/146/146 145/145/145
f 95/95/88 96/96/90 147/147/147 146/146/146
f 96/96/90 97/97/92 148/148/148 147/147/147
f 97/97/92 98/98/94 149/149/149 148/148/148
f 98/98/94 99/99/96 150/150/150 149/149/149
f 99/99/96 100/100/98 151/151/151 150/150/150
f 100/100/98 101/101/100 152/152/152 151/151/151
f 101/101/100 102/102/102 153/153/153 152/152/152
f 103/103/104 104/104/103 155/155/154 154/154/155
f 104/104/103 105/105/105 156/156/156 155/155/154
f 105/105/105 106/106/106 157/157/157 156/156/156
f 106/106/106 107/107/107 158/158/158 157/157/157
f 107/107/107 108/108/108 159/159/159 158/158/158
f 108/108/108 109/109/109 160/160/160 159/159/159
f 109/109/109 110/110/110 161/161/161 160/160/160
f 110/110/110 111/111/111 162/162/162 161/161/161
f 111/111/111 112/112/112 163/163/163 162/162/162
f 112/112/112 113/113/113 164/164/164 163/163/163
f 113/113/113 114/114/114 165/165/165 164/164/164
f 114/114/114 115/115/115 166/166/166 165/165/165
f 115/115/115 116/116/116 167/167/167 166/166/166
f 116/116/116 117/117/117 168/168/168 167/167/167
f 117/117/117 118/118/118 169/169/169 168/168/168
f 118/118/118 119/119/119 170/170/170 169/169/169
f 119/119/119 120/120/120 171/171/171 170/170/170
f 120/120/120 121/121/121 172/172/172 171/171/171
f 121/121/121 122/122/122 173/173/173 172/172/172
f 122/122/122 123/123/123 174/174/174 173/173/173
f 123/123/123 124/124/124 175/175/175 174/174/174
f 124/124/124 125/125/125 176/176/176 175/175/175
f 125/125/125 126/126/126 177/177/177 176/176/176
f 126/126/126 127/127/127 178/178/178 177/177/177
f 127/127/127 128/128/128 179/179/179 178/178/178
f 128/128/128 129/129/129 180/180/180 179/179/179
f 129/129/129 130/130/130 181/181/181 180/180/180
f 130/130/130 131/131/131 182/182/182 181/181/181
f 131/131/131 132/132/132 183/183/183 182/182/182
f 132/132/132 133/133/133 184/184/184 183/183/183
f 133/133/133 134/134/134 185/185/185 184/184/184
f 134/134/134 135/135/135 186/186/186 185/185/185
f 135/135/135 136/136/136 187/187/187 186/186/186
f 136/136/136 137/137/137 188/188/188 187/187/187
f 137/137/137 138/138/138 189/189/189 188/188/188
f 138/138/138 139/139/139 190/190/190 189/189/189
f 139/139/139 140/140/140 191/191/191 190/190/190
f 140/140/140 141/141/141 192/192/192 191/191/191
f 141/141/141 142/142/142 193/193/193 192/192/192
f 142/142/142 143/143/143 194/194/194 193/193/193
f 143/143/143 144/144/144 195/195/195 194/194/194
f 144/144/144 145/145/145 196/196/196 195/195/195
f 145/145/145 146/146/146 197/197/197 196/196/196
f 146/146/146 147/147/147 198/198/198 197/197/197
f 147/147/147 148/148/148 199/199/199 198/198/198
f 148/148/148 149/149/149 200/200/200 199/199/199
f 149/149/149 150/150/150 201/201/201 200/200/200
f 150/150/150 151/151/151 202/202/202 201/201/201
f 151/151/151 152/152/152 203/203/203 202/202/202
f 152/152/152 153/153/153 204/204/204 203/203/203
s 2
f 154/154/205 155/155/206 206/206/207 205/205/208
f 155/155/206 156/156/209 207/207/210 206/206/207
f 156/156/209 157/157/211 208/208/212 207/207/210
f 157/157/211 158/158/213 209/209/214 208/208/212
f 158/158/213 159/159/215 210/210/216 209/209/214
f 159/159/215 160/160/217 211/211/218 210/210/216
f 160/160/217 161/161/219 212/212/220 211/211/218
f 161/161/219 162/162/221 213/213/222 212/212/220
f 162/162/221 163/163/223 214/214/224 213/213/222
f 163/163/223 164/164/225 215/215/226 214/214/224
f 164/164/225 165/165/227 216/216/228 215/215/226
f 165/165/227 166/166/229 217/217/230 216/216/228
f 166/166/229 167/167/231 218/218/232 217/217/230
f 167/167/231 168/168/233 219/219/234 218/218/232
f 168/168/233 169/169/235 220/220/236 219/219/234
f 169/169/235 170/170/237 221/221/238 220/220/236
f 170/170/237 171/171/239 222/222/240 221/221/238
f 171/171/239 172/172/241 223/223/242 222/222/240
f 172/172/241 173/173/243 224/224/244 223/223/242
f 173/173/243 174/174/245 225/225/246 224/224/244
f 174/174/245 175/175/247 226/226/248 225/225/246
f 175/175/247 176/176/249 227/227/250 226/226/248
f 176/176/249 177/177/251 228/228/252 227/227/250
f 177/177/251 178/178/253 229/229/254 228/228/252
f 178/178/253 179/179/255 230/230/256 229/229/254
f 179/179/255 180/180/257 231/231/258 230/230/256
f 180/180/257 181/181/259 232/232/260 231/231/258
f 181/181/259 182/182/261 233/233/262 232/232/260
f 182/182/261 183/183/263 234/234/264 233/233/262
f 183/183/263 184/184/265 235/235/266 234/234/264
f 184/184/265 185/185/267 236/236/268 235/235/266
f 185/185/267 186/186/269 237/237/270 236/236/268
f 186/186/269 187/187/271 238/238/272 237/237/270
f 187/187/271 188/188/273 239/239/274 238/238/272
f 188/188/273 189/189/275 240/240/276 239/239/274
f 189/189/275 190/190/277 241/241/278 240/240/276
f 190/190/277 191/191/279 242/242/280 241/241/278
f 191/191/279 192/192/281 243/243/282 242/242/280
f 192/192/281 193/193/283 244/244/284 243/243/282
f 193/193/283 194/194/285 245/245/286 244/244/284
f 194/194/285 195/195/287 246/246/288 245/245/286
f 195/195/287 196/196/289 247/247/290 246/246/288
f 196/196/289 197/197/291 248/248/292 247/247/290
f 197/197/291 198/198/293 249/249/294 248/248/292
f 198/198/293 199/199/295 250/250/296 249/249/294
f 199/199/295 200/200/297 251/251/298 250/250/296
f 200/200/297 201/201/299 252/252/300 251/251/298
f 201/201/299 202/202/301 253/253/302 252/252/300
f 202/202/301 203/203/303 254/254/304 253/253/302
f 203/203/303 204/204/305 255/255/306 254/254/304
f 205/205/208 206/206/207 257/257/307 256/256/308
f 206/206/207 207/207/210 258/258/309 257/257/307
f 207/207/210 208/208/212 259/259/310 258/258/309
f 208/208/212 209/209/214 260/260/311 259/259/310
f 209/209/214 210/210/216 261/261/312 260/260/311
f 210/210/216 211/211/218 262/262/313 261/261/312
f 211/211/218 212/212/220 263/263/314 262/262/313
f 212/212/220 213/213/222 264/264/315 263/263/314
f 213/213/222 214/214/224 265/265/316 264/264/315
f 214/214/224 215/215/226 266/266/317 265/265/316
f 215/215/226 216/216/228 267/267/318 266/266/317
f 216/216/228 217/217/230 268/268/319 267/267/318
f 217/217/230 218/218/232 269/269/320 268/268/319
f 218/218/232 219/219/234 270/270/321 269/269/320
f 219/219/234 220/220/236 271/271/322 270/270/321
f 220/220/236 221/221/238 272/272/323 271/271/322
f 221/221/238 222/222/240 273/273/324 272/272/323
f 222/222/240 223/223/242 274/274/325 273/273/324
f 223/223/242 224/224/244 275/275/326 274/274/325
f 224/224/244 225/225/246 276/276/327 275/275/326
f 225/225/246 226/226/248 277/277/328 276/276/327
f 226/226/248 227/227/250 278/278/329 277/277/328
f 227/227/250 228/228/252 279/279/330 278/278/329
f 228/228/252 229/229/254 280/280/331 279/279/330
f 229/229/254 230/230/256 281/281/332 280/280/331
f 230/230/256 231/231/258 282/282/333 281/281/332
f 231/231/258 232/232/260 283/283/334 282/282/333
f 232/232/260 233/233/262 284/284/335 283/283/334
f 233/233/262 234/234/264 285/285/336 284/284/335
f 234/234/264 235/235/266 286/286/337 285/285/336
f 235/235/266 236/236/268 287/287/338 286/286/337
f 236/236/268 237/237/270 288/288/339 287/287/338
f 237/237/270 238/238/272 289/289/340 288/288/339
f 238/238/272 239/239/274 290/290/341 289/289/340
f 239/239/274 240/240/276 291/291/342 290/290/341
f 240/240/276 241/241/278 292/292/343 291/291/342
f 241/241/278 242/242/280 293/293/344 292/292/343
f 242/242/280 243/243/282 294/294/345 293/293/344
f 243/243/282 244/244/284 295/295/346 294/294/345
f 244/244/284 245/245/286 296/296/347 295/295/346
f 245/245/286 246/246/288 297/297/348 296/296/347
f 246/246/288 247/247/290 298/298/349 297/297/348
f 247/247/290 248/248/292 299/299/350 298/298/349
f 248/248/292 249/249/294 300/300/351 299/299/350
f 249/249/294 250/250/296 301/301/352 300/300/351
f 250/250/296 251/251/298 302/302/353 301/301/352
f 251/251/298 252/252/300 303/303/354 302/302/353
f 252/252/300 253/253/302 304/304/355 303/303/354
f 253/253/302 254/254/304 305/305/356 304/304/355
f 254/254/304 255/255/306 306/306/357 305/305/356
f 256/256/308 257/257/307 308/308/358 307/307/359
f 257/257/307 258/258/309 309/309/360 308/308/358
f 258/258/309 259/259/310 310/310/361 309/309/360
f 259/259/310 260/260/311 311/311/362 310/310/361
f 260/260/311 261/261/312 312/312/363 311/311/362
f 261/261/312 262/262/313 313/313/364 312/312/363
f 262/262/313 263/263/314 314/314/365 313/313/364
f 263/263/314 264/264/315 315/315/366 314/314/365
f 264/264/315 265/265/316 316/316/367 315/315/366
f 265/265/316 266/266/317 317/317/368 316/316/367
f 266/266/317 267/267/318 318/318/369 317/317/368
f 267/267/318 268/268/319 319/319/370 318/318/369
f 268/268/319 269/269/320 320/320/371 319/319/370
f 269/269/320 270/270/321 321/321/372 320/320/371
f 270/270/321 271/271/322 322/322/373 321/321/372
f 271/271/322 272/272/323 323/323/374 322/322/373
f 272/272/323 273/273/324 324/324/375 323/323/374
f 273/273/324 274/274/325 325/325/376 324/324/375
f 274/274/325 275/275/326 326/326/377 325/325/376
f 275/275/326 276/276/327 327/327/378 326/326/377
f 276/276/327 277/277/328 328/328/379 327/327/378
f 277/277/328 278/278/329 329/329/380 328/328/379
f 278/278/329 279/279/330 330/330/381 329/329/380
f 279/279/330 280/280/331 331/331/382 330/330/381
f 280/280/331 281/281/332 332/332/383 331/331/382
f 281/281/332 282/282/333 333/333/384 332/332/383
f 282/282/333 283/283/334 334/334/385 333/333/384
f 283/283/334 284/284/335 335/335/386 334/334/385
f 284/284/335 285/285/336 336/336/387 335/335/386
f 285/285/336 286/286/337 337/337/388 336/336/387
f 286/286/337 287/287/338 338/338/389 337/337/388
f 287/287/338 288/288/339 339/339/390 338/338/389
f 288/288/339 289/289/340 340/340/391 339/339/390
f 289/289/340 290/290/341 341/341/392 340/340/391
f 290/290/341 291/291/342 342/342/393 341/341/392
f 291/291/342 292/292/343 343/343/394 342/342/393
f 292/292/343 293/293/344 344/344/395 343/343/394
f 293/293/344 294/294/345 345/345/396 344/344/395
f 294/294/345 295/295/346 346/346/397 345/345/396
f 295/295/346 296/296/347 347/347/398 346/346/397
f 296/296/347 297/297/348 348/348/399 347/347/398
f 297/297/348 298/298/349 349/349/400 348/348/399
f 298/298/349 299/299/350 350/350/401 349/349/400
f 299/299/350 300/300/351 351/351/402 350/350/401
f 300/300/351 301/301/352 352/352/403 351/351/402
f 301/301/352 302/302/353 353/353/404 352/352/403
f 302/302/353 303/303/354 354/354/405 353/353/404
f 303/303/354 304/304/355 355/355/406 354/354/405
f 304/304/355 305/305/356 356/356/407 355/355/406
f 305/305/356 306/306/357 357/357/408 356/356/407
f 307/307/359 308/308/358 359/359/409 358/358/410
f 308/308/358 309/309/360 360/360/411 359/359/409
f 309/309/360 310/310/361 361/361/412 360/360/411
f 310/310/361 311/311/362 362/362/413 361/361/412
f 311/311/362 312/312/363 363/363/414 362/362/413
f 312/312/363 313/313/364 364/364/415 363/363/414
f 313/313/364 314/314/365 365/365/416 364/364/415
f 314/314/365 315/315/366 366/366/417 365/365/416
f 315/315/366 316/316/367 367/367/418 366/366/417
f 316/316/367 317/317/368 368/368/419 367/367/418
f 317/317/368 318/318/369 369/369/420 368/368/419
f 318/318/369 319/319/370 370/370/421 369/369/420
f 319/319/370 320/320/371 371/371/422 370/370/421
f 320/320/371 321/321/372 372/372/423 371/371/422
f 321/321/372 322/322/373 373/373/424 372/372/423
f 322/322/373 323/323/374 374/374/425 373/373/424
f 323/323/374 324/324/375 375/375/426 374/374/425
f 324/324/375 325/325/376 376/376/427 375/375/426
f 325/325/376 326/326/377 377/377/428 376/376/427
f 326/326/377 327/327/378 378/378/429 377/377/428
f 327/327/378 328/328/379 379/379/430 378/378/429
f 328/328/379 329/329/380 380/380/431 379/379/430
f 329/329/380 330/330/381 381/381/432 380/380/431
f 330/330/381 331/331/382 382/382/433 381/381/432
f 331/331/382 332/332/383 383/383/434 382/382/433
f 332/332/383 333/333/384 384/384/435 383/383/434
f 333/333/384 334/334/385 385/385/436 384/384/435
f 334/334/385 335/335/386 386/386/437 385/385/436
f 335/335/386 336/336/387 387/387/438 386/386/437
f 336/336/387 337/337/388 388/388/439 387/387/438
f 337/337/388 338/338/389 389/389/440 388/388/439
f 338/338/389 339/339/390 390/390/441 389/389/440
f 339/339/390 340/340/391 391/391/442 390/390/441
f 340/340/391 341/341/392 392/392/443 391/391/442
f 341/341/392 342/342/393 393/393/444 392/392/443
f 342/342/393 343/343/394 394/394/445 393/393/444
f 343/343/394 344/344/395 395/395/446 394/394/445
f 344/344/395 345/345/396 396/396/447 395/395/446
f 345/345/396 346/346/397 397/397/448 396/396/447
f 346/346/397 347/347/398 398/398/449 397/397/448
f 347/347/398 348/348/399 399/399/450 398/398/449
f 348/348/399 349/349/400 400/400/451 399/399/450
f 349/349/400 350/350/401 401/401/452 400/400/451
f 350/350/401 351/351/402 402/402/453 401/401/452
f 351/351/402 352/352/403 403/403/454 402/402/453
f 352/352/403 353/353/404 404/404/455 403/403/454
f 353/353/404 354/354/405 405/405/456 404/404/455
f 354/354/405 355/355/406 406/406/457 405/405/456
f 355/355/406 356/356/407 407/407/458 406/406/457
f 356/356/407 357/357/408 408/408/459 407/407/458
f 358/358/410 359/359/409 410/410/460 409/409/461
f 359/359/409 360/360/411 411/411/462 410/410/460
f 360/360/411 361/361/412 412/412/463 411/411/462
f 361/361/412 362/362/413 413/413/464 412/412/463
f 362/362/413 363/363/414 414/414/465 413/413/464
f 363/363/414 364/364/415 415/415/466 414/414/465
f 364/364/415 365/365/416 416/416/467 415/415/466
f 365/365/416 366/366/417 417/417/468 416/416/467
f 366/366/417 367/367/418 418/418/469 417/417/468
f 367/367/418 368/368/419 419/419/470 418/418/469
f 368/368/419 369/369/420 420/420/471 419/419/470
f 369/369/420 370/370/421 421/421/472 420/420/471
f 370/370/421 371/371/422 422/422/473 421/421/472
f 371/371/422 372/372/423 423/423/474 422/422/473
f 372/372/423 373/373/424 424/424/475 423/423/474
f 373/373/424 374/374/425 425/425/476 424/424/475
f 374/374/425 375/375/426 426/426/477 425/425/476
f 375/375/426 376/376/427 427/427/478 426/426/477
f 376/376/427 377/377/428 428/428/479 427/427/478
f 377/377/428 378/378/429 429/429/480 428/428/479
f 378/378/429 379/379/430 430/430/481 429/429/480
f 379/379/430 380/380/431 431/431/482 430/430/481
f 380/380/431 381/381/432 432/432/483 431/431/482
f 381/381/432 382/382/433 433/433/484 432/432/483
f 382/382/433 383/383/434 434/434/485 433/433/484
f 383/383/434 384/384/435 435/435/486 434/434/485
f 384/384/435 385/385/436 436/436/487 435/435/486
f 385/385/436 386/386/437 437/437/488 436/436/487
f 386/386/437 387/387/438 438/438/489 437/437/488
f 387/387/438 388/388/439 439/439/490 438/438/489
f 388/388/439 389/389/440 440/440/491 439/439/490
f 389/389/440 390/390/441 441/441/492 440/440/491
f 390/390/441 391/391/442 442/442/493 441/441/492
f 391/391/442 392/392/443 443/443/494 442/442/493
f 392/392/443 393/393/444 444/444/495 443/443/494
f 393/393/444 394/394/445 445/445/496 444/444/495
f 394/394/445 395/395/446 446/446/497 445/445/496
f 395/395/446 396/396/447 447/447/498 446/446/497
f 396/396/447 397/397/448 448/448/499 447/447/498
f 397/397/448 398/398/449 449/449/500 448/448/499
f 398/398/449 399/399/450 450/450/501 449/449/500
f 399/399/450 400/400/451 451/451/502 450/450/501
f 400/400/451 401/401/452 452/452/503 451/451/502
f 401/401/452 402/402/453 453/453/504 452/452/503
f 402/402/453 403/403/454 454/454/505 453/453/504
f 403/403/454 404/404/455 455/455/506 454/454/505
f 404/404/455 405/405/456 456/456/507 455/455/506
f 405/405/456 406/406/457 457/457/508 456/456/507
f 406/406/457 407/407/458 458/458/509 457/457/508
f 407/407/458 408/408/459 459/459/510 458/458/509
f 409/409/461 410/410/460 461/461/511 460/460/512
f 410/410/460 411/411/462 462/462/513 461/461/511
f 411/411/462 412/412/463 463/463/514 462/462/513
f 412/412/463 413/413/464 464/464/515 463/463/514
f 413/413/464 414/414/465 465/465/516 464/464/515
f 414/414/465 415/415/466 466/466/517 465/465/516
f 415/415/466 416/416/467 467/467/518 466/466/517
f 416/416/467 417/417/468 468/468/519 467/467/518
f 417/417/468 418/418/469 469/469/520 468/468/519
f 418/418/469 419/419/470 470/470/521 469/469/520
f 419/419/470 420/420/471 471/471/522 470/470/521
f 420/420/471 421/421/472 472/472/523 471/471/522
f 421/421/472 422/422/473 473/473/524 472/472/523
f 422/422/473 423/423/474 474/474/525 473/473/524
f 423/423/474 424/424/475 475/475/526 474/474/525
f 424/424/475 425/425/476 476/476/527 475/475/526
f 425/425/476 426/426/477 477/477/528 476/476/527
f 426/426/477 427/427/478 478/478/529 477/477/528
f 427/427/478 428/428/479 479/479/530 478/478/529
f 428/428/479 429/429/480 480/480/531 479/479/530
f 429/429/480 430/430/481 481/481/532 480/480/531
f 430/430/481 431/431/482 482/482/533 481/481/532
f 431/431/482 432/432/483 483/483/534 482/482/533
f 432/432/483 433/433/484 484/484/535 483/483/534
f 433/433/484 434/434/485 485/485/536 484/484/535
f 434/434/485 435/435/486 486/486/537 485/485/536
f 435/435/486 436/436/487 487/487/538 486/486/537
f 436/436/487 437/437/488 488/488/539 487/487/538
f 437/437/488 438/438/489 489/489/540 488/488/539
f 438/438/489 439/439/490 490/490/541 489/489/540
f 439/439/490 440/440/491 491/491/542 490/490/541
f 440/440/491 441/441/492 492/492/543 491/491/542
f 441/441/492 442/442/493 493/493/544 492/492/543
f 442/442/493 443/443/494 494/494/545 493/493/544
f 443/443/494 444/444/495 495/495/546 494/494/545
f 444/444/495 445/445/496 496/496/547 495/495/546
f 445/445/496 446/446/497 497/497/548 496/496/547
f 446/446/497 447/447/498 498/498/549 497/497/548
f 447/447/498 448/448/499 499/499/550 498/498/549
f 448/448/499 449/449/500 500/500/551 499/499/550
f 449/449/500 450/450/501 501/501/552 500/500/551
f 450/450/501 451/451/502 502/502/553 501/501/552
f 451/451/502 452/452/503 503/503/554 502/502/553
f 452/452/503 453/453/504 504/504/555 503/503/554
f 453/453/504 454/454/505 505/505/556 504/504/555
f 454/454/505 455/455/506 506/506/557 505/505/556
f 455/455/506 456/456/507 507/507/558 506/506/557
f 456/456/507 457/457/508 508/508/559 507/507/558
f 457/457/508 458/458/509 509/509/560 508/508/559
f 458/458/509 459/459/510 510/510/561 509/509/560
f 460/460/512 461/461/511 512/512/562 511/511/563
f 461/461/511 462/462/513 513/513/564 512/512/562
f 462/462/513 463/463/514 514/514/565 513/513/564
f 463/463/514 464/464/515 515/515/566 514/514/565
f 464/464/515 465/465/516 516/516/567 515/515/566
f 465/465/516 466/466/517 517/517/568 516/516/567
f 466/466/517 467/467/518 518/518/569 517/517/568
f 467/467/518 468/468/519 519/519/570 518/518/569
f 468/468/519 469/469/520 520/520/571 519/519/570
f 469/469/520 470/470/521 521/521/572 520/520/571
f 470/470/521 471/471/522 522/522/573 521/521/572
f 471/471/522 472/472/523 523/523/574 522/522/573
f 472/472/523 473/473/524 524/524/575 523/523/574
f 473/473/524 474/474/525 525/525/576 524/524/575
f 474/474/525 475/475/526 526/526/577 525/525/576
f 475/475/526 476/476/527 527/527/578 526/526/577
f 476/476/527 477/477/528 528/528/579 527/527/578
f 477/477/528 478/478/529 529/529/580 528/528/579
f 478/478/529 479/479/530 530/530/581 529/529/580
f 479/479/530 480/480/531 531/531/582 530/530/581
f 480/480/531 481/481/532 532/532/583 531/531/582
f 481/481/532 482/482/533 533/533/584 532/532/583
f 482/482/533 483/483/534 534/534/585 533/533/584
f 483/483/534 484/484/535 535/535/586 534/534/585
f 484/484/535 485/485/536 536/536/587 535/535/586
f 485/485/536 486/486/537 537/537/588 536/536/587
f 486/486/537 487/487/538 538/538/589 537/537/588
f 487/487/538 488/488/539 539/539/590 538/538/589
f 488/488/539 489/489/540 540/540/591 539/539/590
f 489/489/540 490/490/541 541/541/592 540/540/591
f 490/490/541 491/491/542 542/542/593 541/541/592
f 491/491/542 492/492/543 543/543/594 542/542/593
f 492/492/543 493/493/544 544/544/595 543/543/594
f 493/493/544 494/494/545 545/545/596 544/544/595
f 494/494/545 495/495/546 546/546/597 545/545/596
f 495/495/546 496/496/547 547/547/598 546/546/597
f 496/496/547 497/497/548 548/548/599 547/547/598
f 497/497/548 498/498/549 549/549/600 548/548/599
f 498/498/549 499/499/550 550/550/601 549/549/600
f 499/499/550 500/500/551 551/551/602 550/550/601
f 500/500/551 501/501/552 552/552/603 551/551/602
f 501/501/552 502/502/553 553/553/604 552/552/603
f 502/502/553 503/503/554 554/554/605 553/553/604
f 503/503/554 504/504/555 555/555/606 554/554/605
f 504/504/555 505/505/556 556/556/607 555/555/606
f 505/505/556 506/506/557 557/557/608 556/556/607
f 506/506/557 507/507/558 558/558/609 557/557/608
f 507/507/558 508/508/559 559/559/610 558/558/609
f 508/508/559 509/509/560 560/560/611 559/559/610
f 509/509/560 510/510/561 561/561/612 560/560/611
f 511/511/563 512/512/562 563/563/613 562/562/614
f 512/512/562 513/513/564 564/564/615 563/563/613
f 513/513/564 514/514/565 565/565/616 564/564/615
f 514/514/565 515/515/566 566/566/617 565/565/616
f 515/515/566 516/516/567 567/567/618 566/566/617
f 516/516/567 517/517/568 568/568/619 567/567/618
f 517/517/568 518/518/569 569/569/620 568/568/619
f 518/518/569 519/519/570 570/570/621 569/569/620
f 519/519/570 520/520/571 571/571/622 570/570/621
f 520/520/571 521/521/572 572/572/623 571/571/622
f 521/521/572 522/522/573 573/573/624 572/572/623
f 522/522/573 523/523/574 574/574/625 573/573/624
f 523/523/574 524/524/575 575/575/626 574/574/625
f 524/524/575 525/525/576 576/576/627 575/575/626
f 525/525/576 526/526/577 577/577/628 576/576/627
f 526/526/577 527/527/578 578/578/629 577/577/628
f 527/527/578 528/528/579 579/579/630 578/578/629
f 528/528/579 529/529/580 580/580/631 579/579/630
f 529/529/580 530/530/581 581/581/632 580/580/631
f 530/530/581 531/531/582 582/582/633 581/581/632
f 531/531/582 532/532/583 583/583/634 582/582/633
f 532/532/583 533/533/584 584/584/635 583/583/634
f 533/533/584 534/534/585 585/585/636 584/584/635
f 534/534/585 535/535/586 586/586/637 585/585/636
f 535/535/586 536/536/587 587/587/638 586/586/637
f 536/536/587 537/537/588 588/588/639 587/587/638
f 537/537/588 538/538/589 589/589/640 588/588/639
f 538/538/589 539/539/590 590/590/641 589/589/640
f 539/539/590 540/540/591 591/591/642 590/590/641
f 540/540/591 541/541/592 592/592/643 591/591/642
f 541/541/592 542/542/593 593/593/644 592/592/643
f 542/542/593 543/543/594 594/594/645 593/593/644
f 543/543/594 544/544/595 595/595/646 594/594/645
f 544/544/595 545/545/596 596/596/647 595/595/646
f 545/545/596 546/546/597 597/597/648 596/596/647
f 546/546/597 547/547/598 598/598/649 597/597/648
f 547/547/598 548/548/599 599/599/650 598/598/649
f 548/548/599 549/549/600 600/600/651 599/599/650
f 549/549/600 550/550/601 601/601/652 600/600/651
f 550/550/601 551/551/602 602/602/653 601/601/652
f 551/551/602 552/552/603 603/603/654 602/602/653
f 552/552/603 553/553/604 604/604/655 603/603/654
f 553/553/604 554/554/605 605/605/656 604/604/655
f 554/554/605 555/555/606 606/606/657 605/605/656
f 555/555/606 556/556/607 607/607/658 606/606/657
f 556/556/607 557/557/608 608/608/659 607/607/658
f 557/557/608 558/558/609 609/609/660 608/608/659
f 558/558/609 559/559/610 610/610/661 609/609/660
f 559/559/610 560/560/611 611/611/662 610/610/661
f 560/560/611 561/561/612 612/612/663 611/611/662
f 562/562/614 563/563/613 614/614/664 613/613/665
f 563/563/613 564/564/615 615/615/666 614/614/664
f 564/564/615 565/565/616 616/616/667 615/615/666
f 565/565/616 566/566/617 617/617/668 616/616/667
f 566/566/617 567/567/618 618/618/669 617/617/668
f 567/567/618 568/568/619 619/619/670 618/618/669
f 568/568/619 569/569/620 620/620/671 619/619/670
f 569/569/620 570/570/621 621/621/672 620/620/671
f 570/570/621 571/571/622 622/622/673 621/621/672
f 571/571/622 572/572/623 623/623/674 622/622/673
f 572/572/623 573/573/624 624/624/675 623/623/674
f 573/573/624 574/574/625 625/625/676 624/624/675
f 574/574/625 575/575/626 626/626/677 625/625/676
f 575/575/626 576/576/627 627/627/678 626/626/677
f 576/576/627 577/577/628 628/628/679 627/627/678
f 577/577/628 578/578/629 629/629/680 628/628/679
f 578/578/629 579/579/630 630/630/681 629/629/680
f 579/579/630 580/580/631 631/631/682 630/630/681
f 580/580/631 581/581/632 632/632/683 631/631/682
f 581/581/632 582/582/633 633/633/684 632/632/683
f 582/582/633 583/583/634 634/634/685 633/633/684
f 583/583/634 584/584/635 635/635/686 634/634/685
f 584/584/635 585/585/636 636/636/687 635/635/686
f 585/585/636 586/586/637 637/637/688 636/636/687
f 586/586/637 587/587/638 638/638/689 637/637/688
f 587/587/638 588/588/639 639/639/690 638/638/689
f 588/588/639 589/589/640 640/640/691 639/639/690
f 589/589/640 590/590/641 641/641/692 640/640/691
f 590/590/641 591/591/642 642/642/693 641/641/692
f 591/591/642 592/592/643 643/643/694 642/642/693
f 592/592/643 593/593/644 644/644/695 643/643/694
f 593/593/644 594/594/645 645/645/696 644/644/695
f 594/594/645 595/595/646 646/646/697 645/645/696
f 595/595/646 596/596/647 647/647/698 646/646/697
f 596/596/647 597/597/648 648/648/699 647/647/698
f 597/597/648 598/598/649 649/649/700 648/648/699
f 598/598/649 599/599/650 650/650/701 649/649/700
f 599/599/650 600/600/651 651/651/702 650/650/701
f 600/600/651 601/601/652 652/652/703 651/651/702
f 601/601/652 602/602/653 653/653/704 652/652/703
f 602/602/653 603/603/654 654/654/705 653/653/704
f 603/603/654 604/604/655 655/655/706 654/654/705
f 604/604/655 605/605/656 656/656/707 655/655/706
f 605/605/656 606/606/657 657/657/708 656/656/707
f 606/606/657 607/607/658 658/658/709 657/657/708
f 607/607/658 608/608/659 659/659/710 658/658/709
f 608/608/659 609/609/660 660/660/711 659/659/710
f 609/609/660 610/610/661 661/661/712 660/660/711
f 610/610/661 611/611/662 662/662/713 661/661/712
f 611/611/662 612/612/663 663/663/714 662/662/713
f 613/613/665 614/614/664 665/665/715 664/664/716
f 614/614/664 615/615/666 666/666/717 665/665/715
f 615/615/666 616/616/667 667/667/718 666/666/717
f 616/616/667 617/617/668 668/668/719 667/667/718
f 617/617/668 618/618/669 669/669/720 668/668/719
f 618/618/669 619/619/670 670/670/721 669/669/720
f 619/619/670 620/620/671 671/671/722 670/670/721
f 620/620/671 621/621/672 672/672/723 671/671/722
f 621/621/672 622/622/673 673/673/724 672/672/723
f 622/622/673 623/623/674 674/674/725 673/673/724
f 623/623/674 624/624/675 675/675/726 674/674/725
f 624/624/675 625/625/676 676/676/727 675/675/726
f 625/625/676 626/626/677 677/677/728 676/676/727
f 626/626/677 627/627/678 678/678/729 677/677/728
f 627/627/678 628/628/679 679/679/730 678/678/729
f 628/628/679 629/629/680 680/680/731 679/679/730
f 629/629/680 630/630/681 681/681/732 680/680/731
f 630/630/681 631/631/682 682/682/733 681/681/732
f 631/631/682 632/632/683 683/683/734 682/682/733
f 632/632/683 633/633/684 684/684/735 683/683/734
f 633/633/684 634/634/685 685/685/736 684/684/735
f 634/634/685 635/635/686 686/686/737 685/685/736
f 635/635/686 636/636/687 687/687/738 686/686/737
f 636/636/687 637/637/688 688/688/739 687/687/738
f 637/637/688 638/638/689 689/689/740 688/688/739
f 638/638/689 639/639/690 690/690/741 689/689/740
f 639/639/690 640/640/691 691/691/742 690/690/741
f 640/640/691 641/641/692 692/692/743 691/691/742
f 641/641/692 642/642/693 693/693/744 692/692/743
f 642/642/693 643/643/694 694/694/745 693/693/744
f 643/643/694 644/644/695 695/695/746 694/694/745
f 644/644/695 645/645/696 696/696/747 695/695/746
f 645/645/696 646/646/697 697/697/748 696/696/747
f 646/646/697 647/647/698 698/698/749 697/697/748
f 647/647/698 648/648/699 699/699/750 698/698/749
f 648/648/699 649/649/700 700/700/751 699/699/750
f 649/649/700 650/650/701 701/701/752 700/700/751
f 650/650/701 651/651/702 702/702/753 701/701/752
f 651/651/702 652/652/703 703/703/754 702/702/753
f 652/652/703 653/653/704 704/704/755 703/703/754
f 653/653/704 654/654/705 705/705/756 704/704/755
f 654/654/705 655/655/706 706/706/757 705/705/756
f 655/655/706 656/656/707 707/707/758 706/706/757
f 656/656/707 657/657/708 708/708/759 707/707/758
f 657/657/708 658/658/709 709/709/760 708/708/759
f 658/658/709 659/659/710 710/710/761 709/709/760
f 659/659/710 660/660/711 711/711/762 710/710/761
f 660/660/711 661/661/712 712/712/763 711/711/762
f 661/661/712 662/662/713 713/713/764 712/712/763
f 662/662/713 663/663/714 714/714/765 713/713/764
f 664/664/716 665/665/715 716/716/766 715/715/767
f 665/665/715 666/666/717 717/717/768 716/716/766
f 666/666/717 667/667/718 718/718/769 717/717/768
f 667/667/718 668/668/719 719/719/770 718/718/769
f 668/668/719 669/669/720 720/720/771 719/719/770
f 669/669/720 670/670/721 721/721/772 720/720/771
f 670/670/721 671/671/722 722/722/773 721/721/772
f 671/671/722 672/672/723 723/723/774 722/722/773
f 672/672/723 673/673/724 724/724/775 723/723/774
f 673/673/724 674/674/725 725/725/776 724/724/775
f 674/674/725 675/675/726 726/726/777 725/725/776
f 675/675/726 676/676/727 727/727/778 726/726/777
f 676/676/727 677/677/728 728/728/779 727/727/778
f 677/677/728 678/678/729 729/729/780 728/728/779
f 678/678/729 679/679/730 730/730/781 729/729/780
f 679/679/730 680/680/731 731/731/782 730/730/781
f 680/680/731 681/681/732 732/732/783 731/731/782
f 681/681/732 682/682/733 733/733/784 732/732/783
f 682/682/733 683/683/734 734/734/785 733/733/784
f 683/683/734 684/684/735 735/735/786 734/734/785
f 684/684/735 685/685/736 736/736/787 735/735/786
f 685/685/736 686/686/737 737/737/788 736/736/787
f 686/686/737 687/687/738 738/738/789 737/737/788
f 687/687/738 688/688/739 739/739/790 738/738/789
f 688/688/739 689/689/740 740/740/791 739/739/790
f 689/689/740 690/690/741 741/741/792 740/740/791
f 690/690/741 691/691/742 742/742/793 741/741/792
f 691/691/742 692/692/743 743/743/794 742/742/793
f 692/692/743 693/693/744 744/744/795 743/743/794
f 693/693/744 694/694/745 745/745/796 744/744/795
f 694/694/745 695/695/746 746/746/797 745/745/796
f 695/695/746 696/696/747 747/747/798 746/746/797
f 696/696/747 697/697/748 748/748/799 747/747/798
f 697/697/748 698/698/749 749/749/800 748/748/799
f 698/698/749 699/699/750 750/750/801 749/749/800
f 699/699/750 700/700/751 751/751/802 750/750/801
f 700/700/751 701/701/752 752/752/803 751/751/802
f 701/701/752 702/702/753 753/753/804 752/752/803
f 702/702/753 703/703/754 754/754/805 753/753/804
f 703/703/754 704/704/755 755/755/806 754/754/805
f 704/704/755 705/705/756 756/756/807 755/755/806
f 705/705/756 706/706/757 757/757/808 756/756/807
f 706/706/757 707/707/758 758/758/809 757/757/808
f 707/707/758 708/708/759 759/759/810 758/758/809
f 708/708/759 709/709/760 760/760/811 759/759/810
f 709/709/760 710/710/761 761/761/812 760/760/811
f 710/710/761 711/711/762 762/762/813 761/761/812
f 711/711/762 712/712/763 763/763/814 762/762/813
f 712/712/763 713/713/764 764/764/815 763/763/814
f 713/713/764 714/714/765 765/765/816 764/764/815
f 715/715/767 716/716/766 767/767/817 766/766/818
f 716/716/766 717/717/768 768/768/819 767/767/817
f 717/717/768 718/718/769 769/769/820 768/768/819
f 718/718/769 719/719/770 770/770/821 769/769/820
f 719/719/770 720/720/771 771/771/822 770/770/821
f 720/720/771 721/721/772 772/772/823 771/771/822
f 721/721/772 722/722/773 773/773/824 772/772/823
f 722/722/773 723/723/774 774/774/825 773/773/824
f 723/723/774 724/724/775 775/775/826 774/774/825
f 724/724/775 725/725/776 776/776/827 775/775/826
f 725/725/776 726/726/777 777/777/828 776/776/827
f 726/726/777 727/727/778 778/778/829 777/777/828
f 727/727/778 728/728/779 779/779/830 778/778/829
f 728/728/779 729/729/780 780/780/831 779/779/830
f 729/729/780 730/730/781 781/781/832 780/780/831
f 730/730/781 731/731/782 782/782/833 781/781/832
f 731/731/782 732/732/783 783/783/834 782/782/833
f 732/732/783 733/733/784 784/784/835 783/783/834
f 733/733/784 734/734/785 785/785/836 784/784/835
f 734/734/785 735/735/786 786/786/837 785/785/836
f 735/735/786 736/736/787 787/787/838 786/786/837
f 736/736/787 737/737/788 788/788/839 787/787/838
f 737/737/788 738/738/789 789/789/840 788/788/839
f 738/738/789 739/739/790 790/790/841 789/789/840
f 739/739/790 740/740/791 791/791/842 790/790/841
f 740/740/791 741/741/792 792/792/843 791/791/842
f 741/741/792 742/742/793 793/793/844 792/792/843
f 742/742/793 743/743/794 794/794/845 793/793/844
f 743/743/794 744/744/795 795/795/846 794/794/845
f 744/744/795 745/745/796 796/796/847 795/795/846
f 745/745/796 746/746/797 797/797/848 796/796/847
f 746/746/797 747/747/798 798/798/849 797/797/848
f 747/747/798 748/748/799 799/799/850 798/798/849
f 748/748/799 749/749/800 800/800/851 799/799/850
f 749/749/800 750/750/801 801/801/852 800/800/851
f 750/750/801 751/751/802 802/802/853 801/801/852
f 751/751/802 752/752/803 803/803/854 802/802/853
f 752/752/803 753/753/804 804/804/855 803/803/854
f 753/753/804 754/754/805 805/805/856 804/804/855
f 754/754/805 755/755/806 806/806/857 805/805/856
f 755/755/806 756/756/807 807/807/858 806/806/857
f 756/756/807 757/757/808 808/808/859 807/807/858
f 757/757/808 758/758/809 809/809/860 808/808/859
f 758/758/809 759/759/810 810/810/861 809/809/860
f 759/759/810 760/760/811 811/811/862 810/810/861
f 760/760/811 761/761/812 812/812/863 811/811/862
f 761/761/812 762/762/813 813/813/864 812/812/863
f 762/762/813 763/763/814 814/814/865 813/813/864
f 763/763/814 764/764/815 815/815/866 814/814/865
f 764/764/815 765/765/816 816/816/867 815/815/866
f 766/766/818 767/767/817 818/818/868 817/817/869
f 767/767/817 768/768/819 819/819/870 818/818/868
f 768/768/819 769/769/820 820/820/871 819/819/870
f 769/769/820 770/770/821 821/821/872 820/820/871
f 770/770/821 771/771/822 822/822/873 821/821/872
f 771/771/822 772/772/823 823/823/874 822/822/873
f 772/772/823 773/773/824 824/824/875 823/823/874
f 773/773/824 774/774/825 825/825/876 824/824/875
f 774/774/825 775/775/826 826/826/877 825/825/876
f 775/775/826 776/776/827 827/827/878 826/826/877
f 776/776/827 777/777/828 828/828/879 827/827/878
f 777/777/828 778/778/829 829/829/880 828/828/879
f 778/778/829 779/779/830 830/830/881 829/829/880
f 779/779/830 780/780/831 831/831/882 830/830/881
f 780/780/831 781/781/832 832/832/883 831/831/882
f 781/781/832 782/782/833 833/833/884 832/832/883
f 782/782/833 783/783/834 834/834/885 833/833/884
f 783/783/834 784/784/835 835/835/886 834/834/885
f 784/784/835 785/785/836 836/836/887 835/835/886
f 785/785/836 786/786/837 837/837/888 836/836/887
f 786/786/837 787/787/838 838/838/889 837/837/888
f 787/787/838 788/788/839 839/839/890 838/838/889
f 788/788/839 789/789/840 840/840/891 839/839/890
f 789/789/840 790/790/841 841/841/892 840/840/891
f 790/790/841 791/791/842 842/842/893 841/841/892
f 791/791/842 792/792/843 843/843/894 842/842/893
f 792/792/843 793/793/844 844/844/895 843/843/894
f 793/793/844 794/794/845 845/845/896 844/844/895
f 794/794/845 795/795/846 846/846/897 845/845/896
f 795/795/846 796/796/847 847/847/898 846/846/897
f 796/796/847 797/797/848 848/848/899 847/847/898
f 797/797/848 798/798/849 849/849/900 848/848/899
f 798/798/849 799/799/850 850/850/901 849/849/900
f 799/799/850 800/800/851 851/851/902 850/850/901
f 800/800/851 801/801/852 852/852/903 851/851/902
f 801/801/852 802/802/853 853/853/904 852/852/903
f 802/802/853 803/803/854 854/854/905 853/853/904
f 803/803/854 804/804/855 855/855/906 854/854/905
f 804/804/855 805/805/856 856/856/907 855/855/906
f 805/805/856 806/806/857 857/857/908 856/856/907
f 806/806/857 807/807/858 858/858/909 857/857/908
f 807/807/858 808/808/859 859/859/910 858/858/909
f 808/808/859 809/809/860 860/860/911 859/859/910
f 809/809/860 810/810/861 861/861/912 860/860/911
f 810/810/861 811/811/862 862/862/913 861/861/912
f 811/811/862 812/812/863 863/863/914 862/862/913
f 812/812/863 813/813/864 864/864/915 863/863/914
f 813/813/864 814/814/865 865/865/916 864/864/915
f 814/814/865 815/815/866 866/866/917 865/865/916
f 815/815/866 816/816/867 867/867/918 866/866/917
f 817/817/869 818/818/868 869/869/919 868/868/920
f 818/818/868 819/819/870 870/870/921 869/869/919
f 819/819/870 820/820/871 871/871/922 870/870/921
f 820/820/871 821/821/872 872/872/923 871/871/922
f 821/821/872 822/822/873 873/873/924 872/872/923
f 822/822/873 823/823/874 874/874/925 873/873/924
f 823/823/874 824/824/875 875/875/926 874/874/925
f 824/824/875 825/825/876 876/876/927 875/875/926
f 825/825/876 826/826/877 877/877/928 876/876/927
f 826/826/877 827/827/878 878/878/929 877/877/928
f 827/827/878 828/828/879 879/879/930 878/878/929
f 828/828/879 829/829/880 880/880/931 879/879/930
f 829/829/880 830/830/881 881/881/932 880/880/931
f 830/830/881 831/831/882 882/882/933 881/881/932
f 831/831/882 832/832/883 883/883/934 882/882/933
f 832/832/883 833/833/884 884/884/935 883/883/934
f 833/833/884 834/834/885 885/885/936 884/884/935
f 834/834/885 835/835/886 886/886/937 885/885/936
f 835/835/886 836/836/887 887/887/938 886/886/937
f 836/836/887 837/837/888 888/888/939 887/887/938
f 837/837/888 838/838/889 889/889/940 888/888/939
f 838/838/889 839/839/890 890/890/941 889/889/940
f 839/839/890 840/840/891 891/891/942 890/890/941
f 840/840/891 841/841/892 892/892/943 891/891/942
f 841/841/892 842/842/893 893/893/944 892/892/943
f 842/842/893 843/843/894 894/894/945 893/893/944
f 843/843/894 844/844/895 895/895/946 894/894/945
f 844/844/895 845/845/896 896/896/947 895/895/946
f 845/845/896 846/846/897 897/897/948 896/896/947
f 846/846/897 847/847/898 898/898/949 897/897/948
f 847/847/898 848/848/899 899/899/950 898/898/949
f 848/848/899 849/849/900 900/900/951 899/899/950
f 849/849/900 850/850/901 901/901/952 900/900/951
f 850/850/901 851/851/902 902/902/953 901/901/952
f 851/851/902 852/852/903 903/903/954 902/902/953
f 852/852/903 853/853/904 904/904/955 903/903/954
f 853/853/904 854/854/905 905/905/956 904/904/955
f 854/854/905 855/855/906 906/906/957 905/905/956
f 855/855/906 856/856/907 907/907/958 906/906/957
f 856/856/907 857/857/908 908/908/959 907/907/958
f 857/857/908 858/858/909 909/909/960 908/908/959
f 858/858/909 859/859/910 910/910/961 909/909/960
f 859/859/910 860/860/911 911/911/962 910/910/961
f 860/860/911 861/861/912 912/912/963 911/911/962
f 861/861/912 862/862/913 913/913/964 912/912/963
f 862/862/913 863/863/914 914/914/965 913/913/964
f 863/863/914 864/864/915 915/915/966 914/914/965
f 864/864/915 865/865/916 916/916/967 915/915/966
f 865/865/916 866/866/917 917/917/968 916/916/967
f 866/866/917 867/867/918 918/918/969 917/917/968
f 868/868/920 869/869/919 920/920/970 919/919/971
f 869/869/919 870/870/921 921/921/972 920/920/970
f 870/870/921 871/871/922 922/922/973 921/921/972
f 871/871/922 872/872/923 923/923/974 922/922/973
f 872/872/923 873/873/924 924/924/975 923/923/974
f 873/873/924 874/874/925 925/925/976 924/924/975
f 874/874/925 875/875/926 926/926/977 925/925/976
f 875/875/926 876/876/927 927/927/978 926/926/977
f 876/876/927 877/877/928 928/928/979 927/927/978
f 877/877/928 878/878/929 929/929/980 928/928/979
f 878/878/929 879/879/930 930/930/981 929/929/980
f 879/879/930 880/880/931 931/931/982 930/930/981
f 880/880/931 881/881/932 932/932/983 931/931/982
f 881/881/932 882/882/933 933/933/984 932/932/983
f 882/882/933 883/883/934 934/934/985 933/933/984
f 883/883/934 884/884/935 935/935/986 934/934/985
f 884/884/935 885/885/936 936/936/987 935/935/986
f 885/885/936 886/886/937 937/937/988 936/936/987
f 886/886/937 887/887/938 938/938/989 937/937/988
f 887/887/938 888/888/939 939/939/990 938/938/989
f 888/888/939 889/889/940 940/940/991 939/939/990
f 889/889/940 890/890/941 941/941/992 940/940/991
f 890/890/941 891/891/942 942/942/993 941/941/992
f 891/891/942 892/892/943 943/943/994 942/942/993
f 892/892/943 893/893/944 944/944/995 943/943/994
f 893/893/944 894/894/945 945/945/996 944/944/995
f 894/894/945 895/895/946 946/946/997 945/945/996
f 895/895/946 896/896/947 947/947/998 946/946/997
f 896/896/947 897/897/948 948/948/999 947/947/998
f 897/897/948 898/898/949 949/949/1000 948/948/999
f 898/898/949 899/899/950 950/950/1001 949/949/1000
f 899/899/950 900/900/951 951/951/1002 950/950/1001
f 900/900/951 901/901/952 952/952/1003 951/951/1002
f 901/901/952 902/902/953 953/953/1004 952/952/1003
f 902/902/953 903/903/954 954/954/1005 953/953/1004
f 903/903/954 904/904/955 955/955/1006 954/954/1005
f 904/904/955 905/905/956 956/956/1007 955/955/1006
f 905/905/956 906/906/957 957/957/1008 956/956/1007
f 906/906/957 907/907/958 958/958/1009 957/957/1008
f 907/907/958 908/908/959 959/959/1010 958/958/1009
f 908/908/959 909/909/960 960/960/1011 959/959/1010
f 909/909/960 910/910/961 961/961/1012 960/960/1011
f 910/910/961 911/911/962 962/962/1013 961/961/1012
f 911/911/962 912/912/963 963/963/1014 962/962/1013
f 912/912/963 913/913/964 964/964/1015 963/963/1014
f 913/913/964 914/914/965 965/965/1016 964/964/1015
f 914/914/965 915/915/966 966/966/1017 965/965/1016
f 915/915/966 916/916/967 967/967/1018 966/966/1017
f 916/916/967 917/917/968 968/968/1019 967/967/1018
f 917/917/968 918/918/969 969/969/1020 968/968/1019
f 919/919/971 920/920/970 971/971/1021 970/970/1022
f 920/920/970 921/921/972 972/972/1023 971/971/1021
f 921/921/972 922/922/973 973/973/1024 972/972/1023
f 922/922/973 923/923/974 974/974/1025 973/973/1024
f 923/923/974 924/924/975 975/975/1026 974/974/1025
f 924/924/975 925/925/976 976/976/1027 975/975/1026
f 925/925/976 926/926/977 977/977/1028 976/976/1027
f 926/926/977 927/927/978 978/978/1029 977/977/1028
f 927/927/978 928/928/979 979/979/1030 978/978/1029
f 928/928/979 929/929/980 980/980/1031 979/979/1030
f 929/929/980 930/930/981 981/981/1032 980/980/1031
f 930/930/981 931/931/982 982/982/1033 981/981/1032
f 931/931/982 932/932/983 983/983/1034 982/982/1033
f 932/932/983 933/933/984 984/984/1035 983/983/1034
f 933/933/984 934/934/985 985/985/1036 984/984/1035
f 934/934/985 935/935/986 986/986/1037 985/985/1036
f 935/935/986 936/936/987 987/987/1038 986/986/1037
f 936/936/987 937/937/988 988/988/1039 987/987/1038
f 937/937/988 938/938/989 989/989/1040 988/988/1039
f 938/938/989 939/939/990 990/990/1041 989/989/1040
f 939/939/990 940/940/991 991/991/1042 990/990/1041
f 940/940/991 941/941/992 992/992/1043 991/991/1042
f 941/941/992 942/942/993 993/993/1044 992/992/1043
f 942/942/993 943/943/994 994/994/1045 993/993/1044
f 943/943/994 944/944/995 995/995/1046 994/994/1045
f 944/944/995 945/945/996 996/996/1047 995/995/1046
f 945/945/996 946/946/997 997/997/1048 996/996/1047
f 946/946/997 947/947/998 998/998/1049 997/997/1048
f 947/947/998 948/948/999 999/999/1050 998/998/1049
f 948/948/999 949/949/1000 1000/1000/1051 999/999/1050
f 949/949/1000 950/950/1001 1001/1001/1052 1000/1000/1051
f 950/950/1001 951/951/1002 1002/1002/1053 1001/1001/1052
f 951/951/1002 952/952/1003 1003/1003/1054 1002/1002/1053
f 952/952/1003 953/953/1004 1004/1004/1055 1003/1003/1054
f 953/953/1004 954/954/1005 1005/1005/1056 1004/1004/1055
f 954/954/1005 955/955/1006 1006/1006/1057 1005/1005/1056
f 955/955/1006 956/956/1007 1007/1007/1058 1006/1006/1057
f 956/956/1007 957/957/1008 1008/1008/1059 1007/1007/1058
f 957/957/1008 958/958/1009 1009/1009/1060 1008/1008/1059
f 958/958/1009 959/959/1010 1010/1010/1061 1009/1009/1060
f 959/959/1010 960/960/1011 1011/1011/1062 1010/1010/1061
f 960/960/1011 961/961/1012 1012/1012/1063 1011/1011/1062
f 961/961/1012 962/962/1013 1013/1013/1064 1012/1012/1063
f 962/962/1013 963/963/1014 1014/1014/1065 1013/1013/1064
f 963/963/1014 964/964/1015 1015/1015/1066 1014/1014/1065
f 964/964/1015 965/965/1016 1016/1016/1067 1015/1015/1066
f 965/965/1016 966/966/1017 1017/1017/1068 1016/1016/1067
f 966/966/1017 967/967/1018 1018/1018/1069 1017/1017/1068
f 967/967/1018 968/968/1019 1019/1019/1070 1018/1018/1069
f 968/968/1019 969/969/1020 1020/1020/1071 1019/1019/1070
f 970/970/1022 971/971/1021 1022/1022/1072 1021/1021/1073
f 971/971/1021 972/972/1023 1023/1023/1074 1022/1022/1072
f 972/972/1023 973/973/1024 1024/1024/1075 1023/1023/1074
f 973/973/1024 974/974/1025 1025/1025/1076 1024/1024/1075
f 974/974/1025 975/975/1026 1026/1026/1077 1025/1025/1076
f 975/975/1026 976/976/1027 1027/1027/1078 1026/1026/1077
f 976/976/1027 977/977/1028 1028/1028/1079 1027/1027/1078
f 977/977/1028 978/978/1029 1029/1029/1080 1028/1028/1079
f 978/978/1029 979/979/1030 1030/1030/1081 1029/1029/1080
f 979/979/1030 980/980/1031 1031/1031/1082 1030/1030/1081
f 980/980/1031 981/981/1032 1032/1032/1083 1031/1031/1082
f 981/981/1032 982/982/1033 1033/1033/1084 1032/1032/1083
f 982/982/1033 983/983/1034 1034/1034/1085 1033/1033/1084
f 983/983/1034 984/984/1035 1035/1035/1086 1034/1034/1085
f 984/984/1035 985/985/1036 1036/1036/1087 1035/1035/1086
f 985/985/1036 986/986/1037 1037/1037/1088 1036/1036/1087
f 986/986/1037 987/987/1038 1038/1038/1089 1037/1037/1088
f 987/987/1038 988/988/1039 1039/1039/1090 1038/1038/1089
f 988/988/1039 989/989/1040 1040/1040/1091 1039/1039/1090
f 989/989/1040 990/990/1041 1041/1041/1092 1040/1040/1091
f 990/990/1041 991/991/1042 1042/1042/1093 1041/1041/1092
f 991/991/1042 992/992/1043 1043/1043/1094 1042/1042/1093
f 992/992/1043 993/993/1044 1044/1044/1095 1043/1043/1094
f 993/993/1044 994/994/1045 1045/1045/1096 1044/1044/1095
f 994/994/1045 995/995/1046 1046/1046/1097 1045/1045/1096
f 995/995/1046 996/996/1047 1047/1047/1098 1046/1046/1097
f 996/996/1047 997/997/1048 1048/1048/1099 1047/1047/1098
f 997/997/1048 998/998/1049 1049/1049/1100 1048/1048/1099
f 998/998/1049 999/999/1050 1050/1050/1101 1049/1049/1100
f 999/999/1050 1000/1000/1051 1051/1051/1102 1050/1050/1101
f 1000/1000/1051 1001/1001/1052 1052/1052/1103 1051/1051/1102
f 1001/1001/1052 1002/1002/1053 1053/1053/1104 1052/1052/1103
f 1002/1002/1053 1003/1003/1054 1054/1054/1105 1053/1053/1104
f 1003/1003/1054 1004/1004/1055 1055/1055/1106 1054/1054/1105
f 1004/1004/1055 1005/1005/1056 1056/1056/1107 1055/1055/1106
f 1005/1005/1056 1006/1006/1057 1057/1057/1108 1056/1056/1107
f 1006/1006/1057 1007/1007/1058 1058/1058/1109 1057/1057/1108
f 1007/1007/1058 1008/1008/1059 1059/1059/1110 1058/1058/1109
f 1008/1008/1059 1009/1009/1060 1060/1060/1111 1059/1059/1110
f 1009/1009/1060 1010/1010/1061 1061/1061/1112 1060/1060/1111
f 1010/1010/1061 1011/1011/1062 1062/1062/1113 1061/1061/1112
f 1011/1011/1062 1012/1012/1063 1063/1063/1114 1062/1062/1113
f 1012/1012/1063 1013/1013/1064 1064/1064/1115 1063/1063/1114
f 1013/1013/1064 1014/1014/1065 1065/1065/1116 1064/1064/1115
f 1014/1014/1065 1015/1015/1066 1066/1066/1117 1065/1065/1116
f 1015/1015/1066 1016/1016/1067 1067/1067/1118 1066/1066/1117
f 1016/1016/1067 1017/1017/1068 1068/1068/1119 1067/1067/1118
f 1017/1017/1068 1018/1018/1069 1069/1069/1120 1068/1068/1119
f 1018/1018/1069 1019/1019/1070 1070/1070/1121 1069/1069/1120
f 1019/1019/1070 1020/1020/1071 1071/1071/1122 1070/1070/1121
f 1021/1021/1073 1022/1022/1072 1073/1073/1123 1072/1072/1124
f 1022/1022/1072 1023/1023/1074 1074/1074/1125 1073/1073/1123
f 1023/1023/1074 1024/1024/1075 1075/1075/1126 1074/1074/1125
f 1024/1024/1075 1025/1025/1076 1076/1076/1127 1075/1075/1126
f 1025/1025/1076 1026/1026/1077 1077/1077/1128 1076/1076/1127
f 1026/1026/1077 1027/1027/1078 1078/1078/1129 1077/1077/1128
f 1027/1027/1078 1028/1028/1079 1079/1079/1130 1078/1078/1129
f 1028/1028/1079 1029/1029/1080 1080/1080/1131 1079/1079/1130
f 1029/1029/1080 1030/1030/1081 1081/1081/1132 1080/1080/1131
f 1030/1030/1081 1031/1031/1082 1082/1082/1133 1081/1081/1132
f 1031/1031/1082 1032/1032/1083 1083/1083/1134 1082/1082/1133
f 1032/1032/1083 1033/1033/1084 1084/1084/1135 1083/1083/1134
f 1033/1033/1084 1034/1034/1085 1085/1085/1136 1084/1084/1135
f 1034/1034/1085 1035/1035/1086 1086/1086/1137 1085/1085/1136
f 1035/1035/1086 1036/1036/1087 1087/1087/1138 1086/1086/1137
f 1036/1036/1087 1037/1037/1088 1088/1088/1139 1087/1087/1138
f 1037/1037/1088 1038/1038/1089 1089/1089/1140 1088/1088/1139
f 1038/1038/1089 1039/1039/1090 1090/1090/1141 1089/1089/1140
f 1039/1039/1090 1040/1040/1091 1091/1091/1142 1090/1090/1141
f 1040/1040/1091 1041/1041/1092 1092/1092/1143 1091/1091/1142
f 1041/1041/1092 1042/1042/1093 1093/1093/1144 1092/1092/1143
f 1042/1042/1093 1043/1043/1094 1094/1094/1145 1093/1093/1144
f 1043/1043/1094 1044/1044/1095 1095/1095/1146 1094/1094/1145
f 1044/1044/1095 1045/1045/1096 1096/1096/1147 1095/1095/1146
f 1045/1045/1096 1046/1046/1097 1097/1097/1148 1096/1096/1147
f 1046/1046/1097 1047/1047/1098 1098/1098/1149 1097/1097/1148
f 1047/1047/1098 1048/1048/1099 1099/1099/1150 1098/1098/1149
f 1048/1048/1099 1049/1049/1100 1100/1100/1151 1099/1099/1150
f 1049/1049/1100 1050/1050/1101 1101/1101/1152 1100/1100/1151
f 1050/1050/1101 1051/1051/1102 1102/1102/1153 1101/1101/1152
f 1051/1051/1102 1052/1052/1103 1103/1103/1154 1102/1102/1153
f 1052/1052/1103 1053/1053/1104 1104/1104/1155 1103/1103/1154
f 1053/1053/1104 1054/1054/1105 1105/1105/1156 1104/1104/1155
f 1054/1054/1105 1055/1055/1106 1106/1106/1157 1105/1105/1156
f 1055/1055/1106 1056/1056/1107 1107/1107/1158 1106/1106/1157
f 1056/1056/1107 1057/1057/1108 1108/1108/1159 1107/1107/1158
f 1057/1057/1108 1058/1058/1109 1109/1109/1160 1108/1108/1159
f 1058/1058/1109 1059/1059/1110 1110/1110/1161 1109/1109/1160
f 1059/1059/1110 1060/1060/1111 1111/1111/1162 1110/1110/1161
f 1060/1060/1111 1061/1061/1112 1112/1112/1163 1111/1111/1162
f 1061/1061/1112 1062/1062/1113 1113/1113/1164 1112/1112/1163
f 1062/1062/1113 1063/1063/1114 1114/1114/1165 1113/1113/1164
f 1063/1063/1114 1064/1064/1115 1115/1115/1166 1114/1114/1165
f 1064/1064/1115 1065/1065/1116 1116/1116/1167 1115/1115/1166
f 1065/1065/1116 1066/1066/1117 1117/1117/1168 1116/1116/1167
f 1066/1066/1117 1067/1067/1118 1118/1118/1169 1117/1117/1168
f 1067/1067/1118 1068/1068/1119 1119/1119/1170 1118/1118/1169
f 1068/1068/1119 1069/1069/1120 1120/1120/1171 1119/1119/1170
f 1069/1069/1120 1070/1070/1121 1121/1121/1172 1120/1120/1171
f 1070/1070/1121 1071/1071/1122 1122/1122/1173 1121/1121/1172
f 1072/1072/1124 1073/1073/1123 1124/1124/1174 1123/1123/1175
f 1073/1073/1123 1074/1074/1125 1125/1125/1176 1124/1124/1174
f 1074/1074/1125 1075/1075/1126 1126/1126/1177 1125/1125/1176
f 1075/1075/1126 1076/1076/1127 1127/1127/1178 1126/1126/1177
f 1076/1076/1127 1077/1077/1128 1128/1128/1179 1127/1127/1178
f 1077/1077/1128 1078/1078/1129 1129/1129/1180 1128/1128/1179
f 1078/1078/1129 1079/1079/1130 1130/1130/1181 1129/1129/1180
f 1079/1079/1130 1080/1080/1131 1131/1131/1182 1130/1130/1181
f 1080/1080/1131 1081/1081/1132 1132/1132/1183 1131/1131/1182
f 1081/1081/1132 1082/1082/1133 1133/1133/1184 1132/1132/1183
f 1082/1082/1133 1083/1083/1134 1134/1134/1185 1133/1133/1184
f 1083/1083/1134 1084/1084/1135 1135/1135/1186 1134/1134/1185
f 1084/1084/1135 1085/1085/1136 1136/1136/1187 1135/1135/1186
f 1085/1085/1136 1086/1086/1137 1137/1137/1188 1136/1136/1187
f 1086/1086/1137 1087/1087/1138 1138/1138/1189 1137/1137/1188
f 1087/1087/1138 1088/1088/1139 1139/1139/1190 1138/1138/1189
f 1088/1088/1139 1089/1089/1140 1140/1140/1191 1139/1139/1190
f 1089/1089/1140 1090/1090/1141 1141/1141/1192 1140/1140/1191
f 1090/1090/1141 1091/1091/1142 1142/1142/1193 1141/1141/1192
f 1091/1091/1142 1092/1092/1143 1143/1143/1194 1142/1142/1193
f 1092/1092/1143 1093/1093/1144 1144/1144/1195 1143/1143/1194
f 1093/1093/1144 1094/1094/1145 1145/1145/1196 1144/1144/1195
f 1094/1094/1145 1095/1095/1146 1146/1146/1197 1145/1145/1196
f 1095/1095/1146 1096/1096/1147 1147/1147/1198 1146/1146/1197
f 1096/1096/1147 1097/1097/1148 1148/1148/1199 1147/1147/1198
f 1097/1097/1148 1098/1098/1149 1149/1149/1200 1148/1148/1199
f 1098/1098/1149 1099/1099/1150 1150/1150/1201 1149/1149/1200
f 1099/1099/1150 1100/1100/1151 1151/1151/1202 1150/1150/1201
f 1100/1100/1151 1101/1101/1152 1152/1152/1203 1151/1151/1202
f 1101/1101/1152 1102/1102/1153 1153/1153/1204 1152/1152/1203
f 1102/1102/1153 1103/1103/1154 1154/1154/1205 1153/1153/1204
f 1103/1103/1154 1104/1104/1155 1155/1155/1206 1154/1154/1205
f 1104/1104/1155 1105/1105/1156 1156/1156/1207 1155/1155/1206
f 1105/1105/1156 1106/1106/1157 1157/1157/1208 1156/1156/1207
f 1106/1106/1157 1107/1107/1158 1158/1158/1209 1157/1157/1208
f 1107/1107/1158 1108/1108/1159 1159/1159/1210 1158/1158/1209
f 1108/1108/1159 1109/1109/1160 1160/1160/1211 1159/1159/1210
f 1109/1109/1160 1110/1110/1161 1161/1161/1212 1160/1160/1211
f 1110/1110/1161 1111/1111/1162 1162/1162/1213 1161/1161/1212
f 1111/1111/1162 1112/1112/1163 1163/1163/1214 1162/1162/1213
f 1112/1112/1163 1113/1113/1164 1164/1164/1215 1163/1163/1214
f 1113/1113/1164 1114/1114/1165 1165/1165/1216 1164/1164/1215
f 1114/1114/1165 1115/1115/1166 1166/1166/1217 1165/1165/1216
f 1115/1115/1166 1116/1116/1167 1167/1167/1218 1166/1166/1217
f 1116/1116/1167 1117/1117/1168 1168/1168/1219 1167/1167/1218
f 1117/1117/1168 1118/1118/1169 1169/1169/1220 1168/1168/1219
f 1118/1118/1169 1119/1119/1170 1170/1170/1221 1169/1169/1220
f 1119/1119/1170 1120/1120/1171 1171/1171/1222 1170/1170/1221
f 1120/1120/1171 1121/1121/1172 1172/1172/1223 1171/1171/1222
f 1121/1121/1172 1122/1122/1173 1173/1173/1224 1172/1172/1223
f 1123/1123/1175 1124/1124/1174 1175/1175/1225 1174/1174/1226
f 1124/1124/1174 1125/1125/1176 1176/1176/1227 1175/1175/1225
f 1125/1125/1176 1126/1126/1177 1177/1177/1228 1176/1176/1227
f 1126/1126/1177 1127/1127/1178 1178/1178/1229 1177/1177/1228
f 1127/1127/1178 1128/1128/1179 1179/1179/1230 1178/1178/1229
f 1128/1128/1179 1129/1129/1180 1180/1180/1231 1179/1179/1230
f 1129/1129/1180 1130/1130/1181 1181/1181/1232 1180/1180/1231
f 1130/1130/1181 1131/1131/1182 1182/1182/1233 1181/1181/1232
f 1131/1131/1182 1132/1132/1183 1183/1183/1234 1182/1182/1233
f 1132/1132/1183 1133/1133/1184 1184/1184/1235 1183/1183/1234
f 1133/1133/1184 1134/1134/1185 1185/1185/1236 1184/1184/1235
f 1134/1134/1185 1135/1135/1186 1186/1186/1237 1185/1185/1236
f 1135/1135/1186 1136/1136/1187 1187/1187/1238 1186/1186/1237
f 1136/1136/1187 1137/1137/1188 1188/1188/1239 1187/1187/1238
f 1137/1137/1188 1138/1138/1189 1189/1189/1240 1188/1188/1239
f 1138/1138/1189 1139/1139/1190 1190/1190/1241 1189/1189/1240
f 1139/1139/1190 1140/1140/1191 1191/1191/1242 1190/1190/1241
f 1140/1140/1191 1141/1141/1192 1192/1192/1243 1191/1191/1242
f 1141/1141/1192 1142/1142/1193 1193/1193/1244 1192/1192/1243
f 1142/1142/1193 1143/1143/1194 1194/1194/1245 1193/1193/1244
f 1143/1143/1194 1144/1144/1195 1195/1195/1246 1194/1194/1245
f 1144/1144/1195 1145/1145/1196 1196/1196/1247 1195/1195/1246
f 1145/1145/1196 1146/1146/1197 1197/1197/1248 1196/1196/1247
f 1146/1146/1197 1147/1147/1198 1198/1198/1249 1197/1197/1248
f 1147/1147/1198 1148/1148/1199 1199/1199/1250 1198/1198/1249
f 1148/1148/1199 1149/1149/1200 1200/1200/1251 1199/1199/1250
f 1149/1149/1200 1150/1150/1201 1201/1201/1252 1200/1200/1251
f 1150/1150/1201 1151/1151/1202 1202/1202/1253 1201/1201/1252
f 1151/1151/1202 1152/1152/1203 1203/1203/1254 1202/1202/1253
f 1152/1152/1203 1153/1153/1204 1204/1204/1255 1203/1203/1254
f 1153/1153/1204 1154/1154/1205 1205/1205/1256 1204/1204/1255
f 1154/1154/1205 1155/1155/1206 1206/1206/1257 1205/1205/1256
f 1155/1155/1206 1156/1156/1207 1207/1207/1258 1206/1206/1257
f 1156/1156/1207 1157/1157/1208 1208/1208/1259 1207/1207/1258
f 1157/1157/1208 1158/1158/1209 1209/1209/1260 1208/1208/1259
f 1158/1158/1209 1159/1159/1210 1210/1210/1261 1209/1209/1260
f 1159/1159/1210 1160/1160/1211 1211/1211/1262 1210/1210/1261
f 1160/1160/1211 1161/1161/1212 1212/1212/1263 1211/1211/1262
f 1161/1161/1212 1162/1162/1213 1213/1213/1264 1212/1212/1263
f 1162/1162/1213 1163/1163/1214 1214/1214/1265 1213/1213/1264
f 1163/1163/1214 1164/1164/1215 1215/1215/1266 1214/1214/1265
f 1164/1164/1215 1165/1165/1216 1216/1216/1267 1215/1215/1266
f 1165/1165/1216 1166/1166/1217 1217/1217/1268 1216/1216/1267
f 1166/1166/1217 1167/1167/1218 1218/1218/1269 1217/1217/1268
f 1167/1167/1218 1168/1168/1219 1219/1219/1270 1218/1218/1269
f 1168/1168/1219 1169/1169/1220 1220/1220/1271 1219/1219/1270
f 1169/1169/1220 1170/1170/1221 1221/1221/1272 1220/1220/1271
f 1170/1170/1221 1171/1171/1222 1222/1222/1273 1221/1221/1272
f 1171/1171/1222 1172/1172/1223 1223/1223/1274 1222/1222/1273
f 1172/1172/1223 1173/1173/1224 1224/1224/1275 1223/1223/1274
f 1174/1174/1226 1175/1175/1225 1226/1226/1276 1225/1225/1277
f 1175/1175/1225 1176/1176/1227 1227/1227/1278 1226/1226/1276
f 1176/1176/1227 1177/1177/1228 1228/1228/1279 1227/1227/1278
f 1177/1177/1228 1178/1178/1229 1229/1229/1280 1228/1228/1279
f 1178/1178/1229 1179/1179/1230 1230/1230/1281 1229/1229/1280
f 1179/1179/1230 1180/1180/1231 1231/1231/1282 1230/1230/1281
f 1180/1180/1231 1181/1181/1232 1232/1232/1283 1231/1231/1282
f 1181/1181/1232 1182/1182/1233 1233/1233/1284 1232/1232/1283
f 1182/1182/1233 1183/1183/1234 1234/1234/1285 1233/1233/1284
f 1183/1183/1234 1184/1184/1235 1235/1235/1286 1234/1234/1285
f 1184/1184/1235 1185/1185/1236 1236/1236/1287 1235/1235/1286
f 1185/1185/1236 1186/1186/1237 1237/1237/1288 1236/1236/1287
f 1186/1186/1237 1187/1187/1238 1238/1238/1289 1237/1237/1288
f 1187/1187/1238 1188/1188/1239 1239/1239/1290 1238/1238/1289
f 1188/1188/1239 1189/1189/1240 1240/1240/1291 1239/1239/1290
f 1189/1189/1240 1190/1190/1241 1241/1241/1292 1240/1240/1291
f 1190/1190/1241 1191/1191/1242 1242/1242/1293 1241/1241/1292
f 1191/1191/1242 1192/1192/1243 1243/1243/1294 1242/1242/1293
f 1192/1192/1243 1193/1193/1244 1244/1244/1295 1243/1243/1294
f 1193/1193/1244 1194/1194/1245 1245/1245/1296 1244/1244/1295
f 1194/1194/1245 1195/1195/1246 1246/1246/1297 1245/1245/1296
f 1195/1195/1246 1196/1196/1247 1247/1247/1298 1246/1246/1297
f 1196/1196/1247 1197/1197/1248 1248/1248/1299 1247/1247/1298
f 1197/1197/1248 1198/1198/1249 1249/1249/1300 1248/1248/1299
f 1198/1198/1249 1199/1199/1250 1250/1250/1301 1249/1249/1300
f 1199/1199/1250 1200/1200/1251 1251/1251/1302 1250/1250/1301
f 1200/1200/1251 1201/1201/1252 1252/1252/1303 1251/1251/1302
f 1201/1201/1252 1202/1202/1253 1253/1253/1304 1252/1252/1303
f 1202/1202/1253 1203/1203/1254 1254/1254/1305 1253/1253/1304
f 1203/1203/1254 1204/1204/1255 1255/1255/1306 1254/1254/1305
f 1204/1204/1255 1205/1205/1256 1256/1256/1307 1255/1255/1306
f 1205/1205/1256 1206/1206/1257 1257/1257/1308 1256/1256/1307
f 1206/1206/1257 1207/1207/1258 1258/1258/1309 1257/1257/1308
f 1207/1207/1258 1208/1208/1259 1259/1259/1310 1258/1258/1309
f 1208/1208/1259 1209/1209/1260 1260/1260/1311 1259/1259/1310
f 1209/1209/1260 1210/1210/1261 1261/1261/1312 1260/1260/1311
f 1210/1210/1261 1211/1211/1262 1262/1262/1313 1261/1261/1312
f 1211/1211/1262 1212/1212/1263 1263/1263/1314 1262/1262/1313
f 1212/1212/1263 1213/1213/1264 1264/1264/1315 1263/1263/1314
f 1213/1213/1264 1214/1214/1265 1265/1265/1316 1264/1264/1315
f 1214/1214/1265 1215/1215/1266 1266/1266/1317 1265/1265/1316
f 1215/1215/1266 1216/1216/1267 1267/1267/1318 1266/1266/1317
f 1216/1216/1267 1217/1217/1268 1268/1268/1319 1267/1267/1318
f 1217/1217/1268 1218/1218/1269 1269/1269/1320 1268/1268/1319
f 1218/1218/1269 1219/1219/1270 1270/1270/1321 1269/1269/1320
f 1219/1219/1270 1220/1220/1271 1271/1271/1322 1270/1270/1321
f 1220/1220/1271 1221/1221/1272 1272/1272/1323 1271/1271/1322
f 1221/1221/1272 1222/1222/1273 1273/1273/1324 1272/1272/1323
f 1222/1222/1273 1223/1223/1274 1274/1274/1325 1273/1273/1324
f 1223/1223/1274 1224/1224/1275 1275/1275/1326 1274/1274/1325
f 1225/1225/1277 1226/1226/1276 1277/1277/1327 1276/1276/1328
f 1226/1226/1276 1227/1227/1278 1278/1278/1329 1277/1277/1327
f 1227/1227/1278 1228/1228/1279 1279/1279/1330 1278/1278/1329
f 1228/1228/1279 1229/1229/1280 1280/1280/1331 1279/1279/1330
f 1229/1229/1280 1230/1230/1281 1281/1281/1332 1280/1280/1331
f 1230/1230/1281 1231/1231/1282 1282/1282/1333 1281/1281/1332
f 1231/1231/1282 1232/1232/1283 1283/1283/1334 1282/1282/1333
f 1232/1232/1283 1233/1233/1284 1284/1284/1335 1283/1283/1334
f 1233/1233/1284 1234/1234/1285 1285/1285/1336 1284/1284/1335
f 1234/1234/1285 1235/1235/1286 1286/1286/1337 1285/1285/1336
f 1235/1235/1286 1236/1236/1287 1287/1287/1338 1286/1286/1337
f 1236/1236/1287 1237/1237/1288 1288/1288/1339 1287/1287/1338
f 1237/1237/1288 1238/1238/1289 1289/1289/1340 1288/1288/1339
f 1238/1238/1289 1239/1239/1290 1290/1290/1341 1289/1289/1340
f 1239/1239/1290 1240/1240/1291 1291/1291/1342 1290/1290/1341
f 1240/1240/1291 1241/1241/1292 1292/1292/1343 1291/1291/1342
f 1241/1241/1292 1242/1242/1293 1293/1293/1344 1292/1292/1343
f 1242/1242/1293 1243/1243/1294 1294/1294/1345 1293/1293/1344
f 1243/1243/1294 1244/1244/1295 1295/1295/1346 1294/1294/1345
f 1244/1244/1295 1245/1245/1296 1296/1296/1347 1295/1295/1346
f 1245/1245/1296 1246/1246/1297 1297/1297/1348 1296/1296/1347
f 1246/1246/1297 1247/1247/1298 1298/1298/1349 1297/1297/1348
f 1247/1247/1298 1248/1248/1299 1299/1299/1350 1298/1298/1349
f 1248/1248/1299 1249/1249/1300 1300/1300/1351 1299/1299/1350
f 1249/1249/1300 1250/1250/1301 1301/1301/1352 1300/1300/1351
f 1250/1250/1301 1251/1251/1302 1302/1302/1353 1301/1301/1352
f 1251/1251/1302 1252/1252/1303 1303/1303/1354 1302/1302/1353
f 1252/1252/1303 1253/1253/1304 1304/1304/1355 1303/1303/1354
f 1253/1253/1304 1254/1254/1305 1305/1305/1356 1304/1304/1355
f 1254/1254/1305 1255/1255/1306 1306/1306/1357 1305/1305/1356
f 1255/1255/1306 1256/1256/1307 1307/1307/1358 1306/1306/1357
f 1256/1256/1307 1257/1257/1308 1308/1308/1359 1307/1307/1358
f 1257/1257/1308 1258/1258/1309 1309/1309/1360 1308/1308/1359
f 1258/1258/1309 1259/1259/1310 1310/1310/1361 1309/1309/1360
f 1259/1259/1310 1260/1260/1311 1311/1311/1362 1310/1310/1361
f 1260/1260/1311 1261/1261/1312 1312/1312/1363 1311/1311/1362
f 1261/1261/1312 1262/1262/1313 1313/1313/1364 1312/1312/1363
f 1262/1262/1313 1263/1263/1314 1314/1314/1365 1313/1313/1364
f 1263/1263/1314 1264/1264/1315 1315/1315/1366 1314/1314/1365
f 1264/1264/1315 1265/1265/1316 1316/1316/1367 1315/1315/1366
f 1265/1265/1316 1266/1266/1317 1317/1317/1368 1316/1316/1367
f 1266/1266/1317 1267/1267/1318 1318/1318/1369 1317/1317/1368
f 1267/1267/1318 1268/1268/1319 1319/1319/1370 1318/1318/1369
f 1268/1268/1319 1269/1269/1320 1320/1320/1371 1319/1319/1370
f 1269/1269/1320 1270/1270/1321 1321/1321/1372 1320/1320/1371
f 1270/1270/1321 1271/1271/1322 1322/1322/1373 1321/1321/1372
f 1271/1271/1322 1272/1272/1323 1323/1323/1374 1322/1322/1373
f 1272/1272/1323 1273/1273/1324 1324/1324/1375 1323/1323/1374
f 1273/1273/1324 1274/1274/1325 1325/1325/1376 1324/1324/1375
f 1274/1274/1325 1275/1275/1326 1326/1326/1377 1325/1325/1376
f 1276/1276/1328 1277/1277/1327 1328/1328/1378 1327/1327/1379
f 1277/1277/1327 1278/1278/1329 1329/1329/1380 1328/1328/1378
f 1278/1278/1329 1279/1279/1330 1330/1330/1381 1329/1329/1380
f 1279/1279/1330 1280/1280/1331 1331/1331/1382 1330/1330/1381
f 1280/1280/1331 1281/1281/1332 1332/1332/1383 1331/1331/1382
f 1281/1281/1332 1282/1282/1333 1333/1333/1384 1332/1332/1383
f 1282/1282/1333 1283/1283/1334 1334/1334/1385 1333/1333/1384
f 1283/1283/1334 1284/1284/1335 1335/1335/1386 1334/1334/1385
f 1284/1284/1335 1285/1285/1336 1336/1336/1387 1335/1335/1386
f 1285/1285/1336 1286/1286/1337 1337/1337/1388 1336/1336/1387
f 1286/1286/1337 1287/1287/1338 1338/1338/1389 1337/1337/1388
f 1287/1287/1338 1288/1288/1339 1339/1339/1390 1338/1338/1389
f 1288/1288/1339 1289/1289/1340 1340/1340/1391 1339/1339/1390
f 1289/1289/1340 1290/1290/1341 1341/1341/1392 1340/1340/1391
f 1290/1290/1341 1291/1291/1342 1342/1342/1393 1341/1341/1392
f 1291/1291/1342 1292/1292/1343 1343/1343/1394 1342/1342/1393
f 1292/1292/1343 1293/1293/1344 1344/1344/1395 1343/1343/1394
f 1293/1293/1344 1294/1294/1345 1345/1345/1396 1344/1344/1395
f 1294/1294/1345 1295/1295/1346 1346/1346/1397 1345/1345/1396
f 1295/1295/1346 1296/1296/1347 1347/1347/1398 1346/1346/1397
f 1296/1296/1347 1297/1297/1348 1348/1348/1399 1347/1347/1398
f 1297/1297/1348 1298/1298/1349 1349/1349/1400 1348/1348/1399
f 1298/1298/1349 1299/1299/1350 1350/1350/1401 1349/1349/1400
f 1299/1299/1350 1300/1300/1351 1351/1351/1402 1350/1350/1401
f 1300/1300/1351 1301/1301/1352 1352/1352/1403 1351/1351/1402
f 1301/1301/1352 1302/1302/1353 1353/1353/1404 1352/1352/1403
f 1302/1302/1353 1303/1303/1354 1354/1354/1405 1353/1353/1404
f 1303/1303/1354 1304/1304/1355 1355/1355/1406 1354/1354/1405
f 1304/1304/1355 1305/1305/1356 1356/1356/1407 1355/1355/1406
f 1305/1305/1356 1306/1306/1357 1357/1357/1408 1356/1356/1407
f 1306/1306/1357 1307/1307/1358 1358/1358/1409 1357/1357/1408
f 1307/1307/1358 1308/1308/1359 1359/1359/1410 1358/1358/1409
f 1308/1308/1359 1309/1309/1360 1360/1360/1411 1359/1359/1410
f 1309/1309/1360 1310/1310/1361 1361/1361/1412 1360/1360/1411
f 1310/1310/1361 1311/1311/1362 1362/1362/1413 1361/1361/1412
f 1311/1311/1362 1312/1312/1363 1363/1363/1414 1362/1362/1413
f 1312/1312/1363 1313/1313/1364 1364/1364/1415 1363/1363/1414
f 1313/1313/1364 1314/1314/1365 1365/1365/1416 1364/1364/1415
f 1314/1314/1365 1315/1315/1366 1366/1366/1417 1365/1365/1416
f 1315/1315/1366 1316/1316/1367 1367/1367/1418 1366/1366/1417
f 1316/1316/1367 1317/1317/1368 1368/1368/1419 1367/1367/1418
f 1317/1317/1368 1318/1318/1369 1369/1369/1420 1368/1368/1419
f 1318/1318/1369 1319/1319/1370 1370/1370/1421 1369/1369/1420
f 1319/1319/1370 1320/1320/1371 1371/1371/1422 1370/1370/1421
f 1320/1320/1371 1321/1321/1372 1372/1372/1423 1371/1371/1422
f 1321/1321/1372 1322/1322/1373 1373/1373/1424 1372/1372/1423
f 1322/1322/1373 1323/1323/1374 1374/1374/1425 1373/1373/1424
f 1323/1323/1374 1324/1324/1375 1375/1375/1426 1374/1374/1425
f 1324/1324/1375 1325/1325/1376 1376/1376/1427 1375/1375/1426
f 1325/1325/1376 1326/1326/1377 1377/1377/1428 1376/1376/1427
f 1327/1327/1379 1328/1328/1378 1379/1379/1429 1378/1378/1430
f 1328/1328/1378 1329/1329/1380 1380/1380/1431 1379/1379/1429
f 1329/1329/1380 1330/1330/1381 1381/1381/1432 1380/1380/1431
f 1330/1330/1381 1331/1331/1382 1382/1382/1433 1381/1381/1432
f 1331/1331/1382 1332/1332/1383 1383/1383/1434 1382/1382/1433
f 1332/1332/1383 1333/1333/1384 1384/1384/1435 1383/1383/1434
f 1333/1333/1384 1334/1334/1385 1385/1385/1436 1384/1384/1435
f 1334/1334/1385 1335/1335/1386 1386/1386/1437 1385/1385/1436
f 1335/1335/1386 1336/1336/1387 1387/1387/1438 1386/1386/1437
f 1336/1336/1387 1337/1337/1388 1388/1388/1439 1387/1387/1438
f 1337/1337/1388 1338/1338/1389 1389/1389/1440 1388/1388/1439
f 1338/1338/1389 1339/1339/1390 1390/1390/1441 1389/1389/1440
f 1339/1339/1390 1340/1340/1391 1391/1391/1442 1390/1390/1441
f 1340/1340/1391 1341/1341/1392 1392/1392/1443 1391/1391/1442
f 1341/1341/1392 1342/1342/1393 1393/1393/1444 1392/1392/1443
f 1342/1342/1393 1343/1343/1394 1394/1394/1445 1393/1393/1444
f 1343/1343/1394 1344/1344/1395 1395/1395/1446 1394/1394/1445
f 1344/1344/1395 1345/1345/1396 1396/1396/1447 1395/1395/1446
f 1345/1345/1396 1346/1346/1397 1397/1397/1448 1396/1396/1447
f 1346/1346/1397 1347/1347/1398 1398/1398/1449 1397/1397/1448
f 1347/1347/1398 1348/1348/1399 1399/1399/1450 1398/1398/1449
f 1348/1348/1399 1349/1349/1400 1400/1400/1451 1399/1399/1450
f 1349/1349/1400 1350/1350/1401 1401/1401/1452 1400/1400/1451
f 1350/1350/1401 1351/1351/1402 1402/1402/1453 1401/1401/1452
f 1351/1351/1402 1352/1352/1403 1403/1403/1454 1402/1402/1453
f 1352/1352/1403 1353/1353/1404 1404/1404/1455 1403/1403/1454
f 1353/1353/1404 1354/1354/1405 1405/1405/1456 1404/1404/1455
f 1354/1354/1405 1355/1355/1406 1406/1406/1457 1405/1405/1456
f 1355/1355/1406 1356/1356/1407 1407/1407/1458 1406/1406/1457
f 1356/1356/1407 1357/1357/1408 1408/1408/1459 1407/1407/1458
f 1357/1357/1408 1358/1358/1409 1409/1409/1460 1408/1408/1459
f 1358/1358/1409 1359/1359/1410 1410/1410/1461 1409/1409/1460
f 1359/1359/1410 1360/1360/1411 1411/1411/1462 1410/1410/1461
f 1360/1360/1411 1361/1361/1412 1412/1412/1463 1411/1411/1462
f 1361/1361/1412 1362/1362/1413 1413/1413/1464 1412/1412/1463
f 1362/1362/1413 1363/1363/1414 1414/1414/1465 1413/1413/1464
f 1363/1363/1414 1364/1364/1415 1415/1415/1466 1414/1414/1465
f 1364/1364/1415 1365/1365/1416 1416/1416/1467 1415/1415/1466
f 1365/1365/1416 1366/1366/1417 1417/1417/1468 1416/1416/1467
f 1366/1366/1417 1367/1367/1418 1418/1418/1469 1417/1417/1468
f 1367/1367/1418 1368/1368/1419 1419/1419/1470 1418/1418/1469
f 1368/1368/1419 1369/1369/1420 1420/1420/1471 1419/1419/1470
f 1369/1369/1420 1370/1370/1421 1421/1421/1472 1420/1420/1471
f 1370/1370/1421 1371/1371/1422 1422/1422/1473 1421/1421/1472
f 1371/1371/1422 1372/1372/1423 1423/1423/1474 1422/1422/1473
f 1372/1372/1423 1373/1373/1424 1424/1424/1475 1423/1423/1474
f 1373/1373/1424 1374/1374/1425 1425/1425/1476 1424/1424/1475
f 1374/1374/1425 1375/1375/1426 1426/1426/1477 1425/1425/1476
f 1375/1375/1426 1376/1376/1427 1427/1427/1478 1426/1426/1477
f 1376/1376/1427 1377/1377/1428 1428/1428/1479 1427/1427/1478
f 1378/1378/1430 1379/1379/1429 1430/1430/1480 1429/1429/1481
f 1379/1379/1429 1380/1380/1431 1431/1431/1482 1430/1430/1480
f 1380/1380/1431 1381/1381/1432 1432/1432/1483 1431/1431/1482
f 1381/1381/1432 1382/1382/1433 1433/1433/1484 1432/1432/1483
f 1382/1382/1433 1383/1383/1434 1434/1434/1485 1433/1433/1484
f 1383/1383/1434 1384/1384/1435 1435/1435/1486 1434/1434/1485
f 1384/1384/1435 1385/1385/1436 1436/1436/1487 1435/1435/1486
f 1385/1385/1436 1386/1386/1437 1437/1437/1488 1436/1436/1487
f 1386/1386/1437 1387/1387/1438 1438/1438/1489 1437/1437/1488
f 1387/1387/1438 1388/1388/1439 1439/1439/1490 1438/1438/1489
f 1388/1388/1439 1389/1389/1440 1440/1440/1491 1439/1439/1490
f 1389/1389/1440 1390/1390/1441 1441/1441/1492 1440/1440/1491
f 1390/1390/1441 1391/1391/1442 1442/1442/1493 1441/1441/1492
f 1391/1391/1442 1392/1392/1443 1443/1443/1494 1442/1442/1493
f 1392/1392/1443 1393/1393/1444 1444/1444/1495 1443/1443/1494
f 1393/1393/1444 1394/1394/1445 1445/1445/1496 1444/1444/1495
f 1394/1394/1445 1395/1395/1446 1446/1446/1497 1445/1445/1496
f 1395/1395/1446 1396/1396/1447 1447/1447/1498 1446/1446/1497
f 1396/1396/1447 1397/1397/1448 1448/1448/1499 1447/1447/1498
f 1397/1397/1448 1398/1398/1449 1449/1449/1500 1448/1448/1499
f 1398/1398/1449 1399/1399/1450 1450/1450/1501 1449/1449/1500
f 1399/1399/1450 1400/1400/1451 1451/1451/1502 1450/1450/1501
f 1400/1400/1451 1401/1401/1452 1452/1452/1503 1451/1451/1502
f 1401/1401/1452 1402/1402/1453 1453/1453/1504 1452/1452/1503
f 1402/1402/1453 1403/1403/1454 1454/1454/1505 1453/1453/1504
f 1403/1403/1454 1404/1404/1455 1455/1455/1506 1454/1454/1505
f 1404/1404/1455 1405/1405/1456 1456/1456/1507 1455/1455/1506
f 1405/1405/1456 1406/1406/1457 1457/1457/1508 1456/1456/1507
f 1406/1406/1457 1407/1407/1458 1458/1458/1509 1457/1457/1508
f 1407/1407/1458 1408/1408/1459 1459/1459/1510 1458/1458/1509
f 1408/1408/1459 1409/1409/1460 1460/1460/1511 1459/1459/1510
f 1409/1409/1460 1410/1410/1461 1461/1461/1512 1460/1460/1511
f 1410/1410/1461 1411/1411/1462 1462/1462/1513 1461/1461/1512
f 1411/1411/1462 1412/1412/1463 1463/1463/1514 1462/1462/1513
f 1412/1412/1463 1413/1413/1464 1464/1464/1515 1463/1463/1514
f 1413/1413/1464 1414/1414/1465 1465/1465/1516 1464/1464/1515
f 1414/1414/1465 1415/1415/1466 1466/1466/1517 1465/1465/1516
f 1415/1415/1466 1416/1416/1467 1467/1467/1518 1466/1466/1517
f 1416/1416/1467 1417/1417/1468 1468/1468/1519 1467/1467/1518
f 1417/1417/1468 1418/1418/1469 1469/1469/1520 1468/1468/1519
f 1418/1418/1469 1419/1419/1470 1470/1470/1521 1469/1469/1520
f 1419/1419/1470 1420/1420/1471 1471/1471/1522 1470/1470/1521
f 1420/1420/1471 1421/1421/1472 1472/1472/1523 1471/1471/1522
f 1421/1421/1472 1422/1422/1473 1473/1473/1524 1472/1472/1523
f 1422/1422/1473 1423/1423/1474 1474/1474/1525 1473/1473/1524
f 1423/1423/1474 1424/1424/1475 1475/1475/1526 1474/1474/1525
f 1424/1424/1475 1425/1425/1476 1476/1476/1527 1475/1475/1526
f 1425/1425/1476 1426/1426/1477 1477/1477/1528 1476/1476/1527
f 1426/1426/1477 1427/1427/1478 1478/1478/1529 1477/1477/1528
f 1427/1427/1478 1428/1428/1479 1479/1479/1530 1478/1478/1529
f 1429/1429/1481 1430/1430/1480 1481/1481/1531 1480/1480/1532
f 1430/1430/1480 1431/1431/1482 1482/1482/1533 1481/1481/1531
f 1431/1431/1482 1432/1432/1483 1483/1483/1534 1482/1482/1533
f 1432/1432/1483 1433/1433/1484 1484/1484/1535 1483/1483/1534
f 1433/1433/1484 1434/1434/1485 1485/1485/1536 1484/1484/1535
f 1434/1434/1485 1435/1435/1486 1486/1486/1537 1485/1485/1536
f 1435/1435/1486 1436/1436/1487 1487/1487/1538 1486/1486/1537
f 1436/1436/1487 1437/1437/1488 1488/1488/1539 1487/1487/1538
f 1437/1437/1488 1438/1438/1489 1489/1489/1540 1488/1488/1539
f 1438/1438/1489 1439/1439/1490 1490/1490/1541 1489/1489/1540
f 1439/1439/1490 1440/1440/1491 1491/1491/1542 1490/1490/1541
f 1440/1440/1491 1441/1441/1492 1492/1492/1543 1491/1491/1542
f 1441/1441/1492 1442/1442/1493 1493/1493/1544 1492/1492/1543
f 1442/1442/1493 1443/1443/1494 1494/1494/1545 1493/1493/1544
f 1443/1443/1494 1444/1444/1495 1495/1495/1546 1494/1494/1545
f 1444/1444/1495 1445/1445/1496 1496/1496/1547 1495/1495/1546
f 1445/1445/1496 1446/1446/1497 1497/1497/1548 1496/1496/1547
f 1446/1446/1497 1447/1447/1498 1498/1498/1549 1497/1497/1548
f 1447/1447/1498 1448/1448/1499 1499/1499/1550 1498/1498/1549
f 1448/1448/1499 1449/1449/1500 1500/1500/1551 1499/1499/1550
f 1449/1449/1500 1450/1450/1501 1501/1501/1552 1500/1500/1551
f 1450/1450/1501 1451/1451/1502 1502/1502/1553 1501/1501/1552
f 1451/1451/1502 1452/1452/1503 1503/1503/1554 1502/1502/1553
f 1452/1452/1503 1453/1453/1504 1504/1504/1555 1503/1503/1554
f 1453/1453/1504 1454/1454/1505 1505/1505/1556 1504/1504/1555
f 1454/1454/1505 1455/1455/1506 1506/1506/1557 1505/1505/1556
f 1455/1455/1506 1456/1456/1507 1507/1507/1558 1506/1506/1557
f 1456/1456/1507 1457/1457/1508 1508/1508/1559 1507/1507/1558
f 1457/1457/1508 1458/1458/1509 1509/1509/1560 1508/1508/1559
f 1458/1458/1509 1459/1459/1510 1510/1510/1561 1509/1509/1560
f 1459/1459/1510 1460/1460/1511 1511/1511/1562 1510/1510/1561
f 1460/1460/1511 1461/1461/1512 1512/1512/1563 1511/1511/1562
f 1461/1461/1512 1462/1462/1513 1513/1513/1564 1512/1512/1563
f 1462/1462/1513 1463/1463/1514 1514/1514/1565 1513/1513/1564
f 1463/1463/1514 1464/1464/1515 1515/1515/1566 1514/1514/1565
f 1464/1464/1515 1465/1465/1516 1516/1516/1567 1515/1515/1566
f 1465/1465/1516 1466/1466/1517 1517/1517/1568 1516/1516/1567
f 1466/1466/1517 1467/1467/1518 1518/1518/1569 1517/1517/1568
f 1467/1467/1518 1468/1468/1519 1519/1519/1570 1518/1518/1569
f 1468/1468/1519 1469/1469/1520 1520/1520/1571 1519/1519/1570
f 1469/1469/1520 1470/1470/1521 1521/1521/1572 1520/1520/1571
f 1470/1470/1521 1471/1471/1522 1522/1522/1573 1521/1521/1572
f 1471/1471/1522 1472/1472/1523 1523/1523/1574 1522/1522/1573
f 1472/1472/1523 1473/1473/1524 1524/1524/1575 1523/1523/1574
f 1473/1473/1524 1474/1474/1525 1525/1525/1576 1524/1524/1575
f 1474/1474/1525 1475/1475/1526 1526/1526/1577 1525/1525/1576
f 1475/1475/1526 1476/1476/1527 1527/1527/1578 1526/1526/1577
f 1476/1476/1527 1477/1477/1528 1528/1528/1579 1527/1527/1578
f 1477/1477/1528 1478/1478/1529 1529/1529/1580 1528/1528/1579
f 1478/1478/1529 1479/1479/1530 1530/1530/1581 1529/1529/1580
f 1480/1480/1532 1481/1481/1531 1532/1532/1582 1531/1531/1583
f 1481/1481/1531 1482/1482/1533 1533/1533/1584 1532/1532/1582
f 1482/1482/1533 1483/1483/1534 1534/1534/1585 1533/1533/1584
f 1483/1483/1534 1484/1484/1535 1535/1535/1586 1534/1534/1585
f 1484/1484/1535 1485/1485/1536 1536/1536/1587 1535/1535/1586
f 1485/1485/1536 1486/1486/1537 1537/1537/1588 1536/1536/1587
f 1486/1486/1537 1487/1487/1538 1538/1538/1589 1537/1537/1588
f 1487/1487/1538 1488/1488/1539 1539/1539/1590 1538/1538/1589
f 1488/1488/1539 1489/1489/1540 1540/1540/1591 1539/1539/1590
f 1489/1489/1540 1490/1490/1541 1541/1541/1592 1540/1540/1591
f 1490/1490/1541 1491/1491/1542 1542/1542/1593 1541/1541/1592
f 1491/1491/1542 1492/1492/1543 1543/1543/1594 1542/1542/1593
f 1492/1492/1543 1493/1493/1544 1544/1544/1595 1543/1543/1594
f 1493/1493/1544 1494/1494/1545 1545/1545/1596 1544/1544/1595
f 1494/1494/1545 1495/1495/1546 1546/1546/1597 1545/1545/1596
f 1495/1495/1546 1496/1496/1547 1547/1547/1598 1546/1546/1597
f 1496/1496/1547 1497/1497/1548 1548/1548/1599 1547/1547/1598
f 1497/1497/1548 1498/1498/1549 1549/1549/1600 1548/1548/1599
f 1498/1498/1549 1499/1499/1550 1550/1550/1601 1549/1549/1600
f 1499/1499/1550 1500/1500/1551 1551/1551/1602 1550/1550/1601
f 1500/1500/1551 1501/1501/1552 1552/1552/1603 1551/1551/1602
f 1501/1501/1552 1502/1502/1553 1553/1553/1604 1552/1552/1603
f 1502/1502/1553 1503/1503/1554 1554/1554/1605 1553/1553/1604
f 1503/1503/1554 1504/1504/1555 1555/1555/1606 1554/1554/1605
f 1504/1504/1555 1505/1505/1556 1556/1556/1607 1555/1555/1606
f 1505/1505/1556 1506/1506/1557 1557/1557/1608 1556/1556/1607
f 1506/1506/1557 1507/1507/1558 1558/1558/1609 1557/1557/1608
f 1507/1507/1558 1508/1508/1559 1559/1559/1610 1558/1558/1609
f 1508/1508/1559 1509/1509/1560 1560/1560/1611 1559/1559/1610
f 1509/1509/1560 1510/1510/1561 1561/1561/1612 1560/1560/1611
f 1510/1510/1561 1511/1511/1562 1562/1562/1613 1561/1561/1612
f 1511/1511/1562 1512/1512/1563 1563/1563/1614 1562/1562/1613
f 1512/1512/1563 1513/1513/1564 1564/1564/1615 1563/1563/1614
f 1513/1513/1564 1514/1514/1565 1565/1565/1616 1564/1564/1615
f 1514/1514/1565 1515/1515/1566 1566/1566/1617 1565/1565/1616
f 1515/1515/1566 1516/1516/1567 1567/1567/1618 1566/1566/1617
f 1516/1516/1567 1517/1517/1568 1568/1568/1619 1567/1567/1618
f 1517/1517/1568 1518/1518/1569 1569/1569/1620 1568/1568/1619
f 1518/1518/1569 1519/1519/1570 1570/1570/1621 1569/1569/1620
f 1519/1519/1570 1520/1520/1571 1571/1571/1622 1570/1570/1621
f 1520/1520/1571 1521/1521/1572 1572/1572/1623 1571/1571/1622
f 1521/1521/1572 1522/1522/1573 1573/1573/1624 1572/1572/1623
f 1522/1522/1573 1523/1523/1574 1574/1574/1625 1573/1573/1624
f 1523/1523/1574 1524/1524/1575 1575/1575/1626 1574/1574/1625
f 1524/1524/1575 1525/1525/1576 1576/1576/1627 1575/1575/1626
f 1525/1525/1576 1526/1526/1577 1577/1577/1628 1576/1576/1627
f 1526/1526/1577 1527/1527/1578 1578/1578/1629 1577/1577/1628
f 1527/1527/1578 1528/1528/1579 1579/1579/1630 1578/1578/1629
f 1528/1528/1579 1529/1529/1580 1580/1580/1631 1579/1579/1630
f 1529/1529/1580 1530/1530/1581 1581/1581/1632 1580/1580/1631
f 1531/1531/1583 1532/1532/1582 1583/1583/1633 1582/1582/1634
f 1532/1532/1582 1533/1533/1584 1584/1584/1635 1583/1583/1633
f 1533/1533/1584 1534/1534/1585 1585/1585/1636 1584/1584/1635
f 1534/1534/1585 1535/1535/1586 1586/1586/1637 1585/1585/1636
f 1535/1535/1586 1536/1536/1587 1587/1587/1638 1586/1586/1637
f 1536/1536/1587 1537/1537/1588 1588/1588/1639 1587/1587/1638
f 1537/1537/1588 1538/1538/1589 1589/1589/1640 1588/1588/1639
f 1538/1538/1589 1539/1539/1590 1590/1590/1641 1589/1589/1640
f 1539/1539/1590 1540/1540/1591 1591/1591/1642 1590/1590/1641
f 1540/1540/1591 1541/1541/1592 1592/1592/1643 1591/1591/1642
f 1541/1541/1592 1542/1542/1593 1593/1593/1644 1592/1592/1643
f 1542/1542/1593 1543/1543/1594 1594/1594/1645 1593/1593/1644
f 1543/1543/1594 1544/1544/1595 1595/1595/1646 1594/1594/1645
f 1544/1544/1595 1545/1545/1596 1596/1596/1647 1595/1595/1646
f 1545/1545/1596 1546/1546/1597 1597/1597/1648 1596/1596/1647
f 1546/1546/1597 1547/1547/1598 1598/1598/1649 1597/1597/1648
f 1547/1547/1598 1548/1548/1599 1599/1599/1650 1598/1598/1649
f 1548/1548/1599 1549/1549/1600 1600/1600/1651 1599/1599/1650
f 1549/1549/1600 1550/1550/1601 1601/1601/1652 1600/1600/1651
f 1550/1550/1601 1551/1551/1602 1602/1602/1653 1601/1601/1652
f 1551/1551/1602 1552/1552/1603 1603/1603/1654 1602/1602/1653
f 1552/1552/1603 1553/1553/1604 1604/1604/1655 1603/1603/1654
f 1553/1553/1604 1554/1554/1605 1605/1605/1656 1604/1604/1655
f 1554/1554/1605 1555/1555/1606 1606/1606/1657 1605/1605/1656
f 1555/1555/1606 1556/1556/1607 1607/1607/1658 1606/1606/1657
f 1556/1556/1607 1557/1557/1608 1608/1608/1659 1607/1607/1658
f 1557/1557/1608 1558/1558/1609 1609/1609/1660 1608/1608/1659
f 1558/1558/1609 1559/1559/1610 1610/1610/1661 1609/1609/1660
f 1559/1559/1610 1560/1560/1611 1611/1611/1662 1610/1610/1661
f 1560/1560/1611 1561/1561/1612 1612/1612/1663 1611/1611/1662
f 1561/1561/1612 1562/1562/1613 1613/1613/1664 1612/1612/1663
f 1562/1562/1613 1563/1563/1614 1614/1614/1665 1613/1613/1664
f 1563/1563/1614 1564/1564/1615 1615/1615/1666 1614/1614/1665
f 1564/1564/1615 1565/1565/1616 1616/1616/1667 1615/1615/1666
f 1565/1565/1616 1566/1566/1617 1617/1617/1668 1616/1616/1667
f 1566/1566/1617 1567/1567/1618 1618/1618/1669 1617/1617/1668
f 1567/1567/1618 1568/1568/1619 1619/1619/1670 1618/1618/1669
f 1568/1568/1619 1569/1569/1620 1620/1620/1671 1619/1619/1670
f 1569/1569/1620 1570/1570/1621 1621/1621/1672 1620/1620/1671
f 1570/1570/1621 1571/1571/1622 1622/1622/1673 1621/1621/1672
f 1571/1571/1622 1572/1572/1623 1623/1623/1674 1622/1622/1673
f 1572/1572/1623 1573/1573/1624 1624/1624/1675 1623/1623/1674
f 1573/1573/1624 1574/1574/1625 1625/1625/1676 1624/1624/1675
f 1574/1574/1625 1575/1575/1626 1626/1626/1677 1625/1625/1676
f 1575/1575/1626 1576/1576/1627 1627/1627/1678 1626/1626/1677
f 1576/1576/1627 1577/1577/1628 1628/1628/1679 1627/1627/1678
f 1577/1577/1628 1578/1578/1629 1629/1629/1680 1628/1628/1679
f 1578/1578/1629 1579/1579/1630 1630/1630/1681 1629/1629/1680
f 1579/1579/1630 1580/1580/1631 1631/1631/1682 1630/1630/1681
f 1580/1580/1631 1581/1581/1632 1632/1632/1683 1631/1631/1682
f 1582/1582/1634 1583/1583/1633 1634/1634/1684 1633/1633/1685
f 1583/1583/1633 1584/1584/1635 1635/1635/1686 1634/1634/1684
f 1584/1584/1635 1585/1585/1636 1636/1636/1687 1635/1635/1686
f 1585/1585/1636 1586/1586/1637 1637/1637/1688 1636/1636/1687
f 1586/1586/1637 1587/1587/1638 1638/1638/1689 1637/1637/1688
f 1587/1587/1638 1588/1588/1639 1639/1639/1690 1638/1638/1689
f 1588/1588/1639 1589/1589/1640 1640/1640/1691 1639/1639/1690
f 1589/1589/1640 1590/1590/1641 1641/1641/1692 1640/1640/1691
f 1590/1590/1641 1591/1591/1642 1642/1642/1693 1641/1641/1692
f 1591/1591/1642 1592/1592/1643 1643/1643/1694 1642/1642/1693
f 1592/1592/1643 1593/1593/1644 1644/1644/1695 1643/1643/1694
f 1593/1593/1644 1594/1594/1645 1645/1645/1696 1644/1644/1695
f 1594/1594/1645 1595/1595/1646 1646/1646/1697 1645/1645/1696
f 1595/1595/1646 1596/1596/1647 1647/1647/1698 1646/1646/1697
f 1596/1596/1647 1597/1597/1648 1648/1648/1699 1647/1647/1698
f 1597/1597/1648 1598/1598/1649 1649/1649/1700 1648/1648/1699
f 1598/1598/1649 1599/1599/1650 1650/1650/1701 1649/1649/1700
f 1599/1599/1650 1600/1600/1651 1651/1651/1702 1650/1650/1701
f 1600/1600/1651 1601/1601/1652 1652/1652/1703 1651/1651/1702
f 1601/1601/1652 1602/1602/1653 1653/1653/1704 1652/1652/1703
f 1602/1602/1653 1603/1603/1654 1654/1654/1705 1653/1653/1704
f 1603/1603/1654 1604/1604/1655 1655/1655/1706 1654/1654/1705
f 1604/1604/1655 1605/1605/1656 1656/1656/1707 1655/1655/1706
f 1605/1605/1656 1606/1606/1657 1657/1657/1708 1656/1656/1707
f 1606/1606/1657 1607/1607/1658 1658/1658/1709 1657/1657/1708
f 1607/1607/1658 1608/1608/1659 1659/1659/1710 1658/1658/1709
f 1608/1608/1659 1609/1609/1660 1660/1660/1711 1659/1659/1710
f 1609/1609/1660 1610/1610/1661 1661/1661/1712 1660/1660/1711
f 1610/1610/1661 1611/1611/1662 1662/1662/1713 1661/1661/1712
f 1611/1611/1662 1612/1612/1663 1663/1663/1714 1662/1662/1713
f 1612/1612/1663 1613/1613/1664 1664/1664/1715 1663/1663/1714
f 1613/1613/1664 1614/1614/1665 1665/1665/1716 1664/1664/1715
f 1614/1614/1665 1615/1615/1666 1666/1666/1717 1665/1665/1716
f 1615/1615/1666 1616/1616/1667 1667/1667/1718 1666/1666/1717
f 1616/1616/1667 1617/1617/1668 1668/1668/1719 1667/1667/1718
f 1617/1617/1668 1618/1618/1669 1669/1669/1720 1668/1668/1719
f 1618/1618/1669 1619/1619/1670 1670/1670/1721 1669/1669/1720
f 1619/1619/1670 1620/1620/1671 1671/1671/1722 1670/1670/1721
f 1620/1620/1671 1621/1621/1672 1672/1672/1723 1671/1671/1722
f 1621/1621/1672 1622/1622/1673 1673/1673/1724 1672/1672/1723
f 1622/1622/1673 1623/1623/1674 1674/1674/1725 1673/1673/1724
f 1623/1623/1674 1624/1624/1675 1675/1675/1726 1674/1674/1725
f 1624/1624/1675 1625/1625/1676 1676/1676/1727 1675/1675/1726
f 1625/1625/1676 1626/1626/1677 1677/1677/1728 1676/1676/1727
f 1626/1626/1677 1627/1627/1678 1678/1678/1729 1677/1677/1728
f 1627/1627/1678 1628/1628/1679 1679/1679/1730 1678/1678/1729
f 1628/1628/1679 1629/1629/1680 1680/1680/1731 1679/1679/1730
f 1629/1629/1680 1630/1630/1681 1681/1681/1732 1680/1680/1731
f 1630/1630/1681 1631/1631/1682 1682/1682/1733 1681/1681/1732
f 1631/1631/1682 1632/1632/1683 1683/1683/1734 1682/1682/1733
f 1633/1633/1685 1634/1634/1684 1685/1685/1735 1684/1684/1736
f 1634/1634/1684 1635/1635/1686 1686/1686/1737 1685/1685/1735
f 1635/1635/1686 1636/1636/1687 1687/1687/1738 1686/1686/1737
f 1636/1636/1687 1637/1637/1688 1688/1688/1739 1687/1687/1738
f 1637/1637/1688 1638/1638/1689 1689/1689/1740 1688/1688/1739
f 1638/1638/1689 1639/1639/1690 1690/1690/1741 1689/1689/1740
f 1639/1639/1690 1640/1640/1691 1691/1691/1742 1690/1690/1741
f 1640/1640/1691 1641/1641/1692 1692/1692/1743 1691/1691/1742
f 1641/1641/1692 1642/1642/1693 1693/1693/1744 1692/1692/1743
f 1642/1642/1693 1643/1643/1694 1694/1694/1745 1693/1693/1744
f 1643/1643/1694 1644/1644/1695 1695/1695/1746 1694/1694/1745
f 1644/1644/1695 1645/1645/1696 1696/1696/1747 1695/1695/1746
f 1645/1645/1696 1646/1646/1697 1697/1697/1748 1696/1696/1747
f 1646/1646/1697 1647/1647/1698 1698/1698/1749 1697/1697/1748
f 1647/1647/1698 1648/1648/1699 1699/1699/1750 1698/1698/1749
f 1648/1648/1699 1649/1649/1700 1700/1700/1751 1699/1699/1750
f 1649/1649/1700 1650/1650/1701 1701/1701/1752 1700/1700/1751
f 1650/1650/1701 1651/1651/1702 1702/1702/1753 1701/1701/1752
f 1651/1651/1702 1652/1652/1703 1703/1703/1754 1702/1702/1753
f 1652/1652/1703 1653/1653/1704 1704/1704/1755 1703/1703/1754
f 1653/1653/1704 1654/1654/1705 1705/1705/1756 1704/1704/1755
f 1654/1654/1705 1655/1655/1706 1706/1706/1757 1705/1705/1756
f 1655/1655/1706 1656/1656/1707 1707/1707/1758 1706/1706/1757
f 1656/1656/1707 1657/1657/1708 1708/1708/1759 1707/1707/1758
f 1657/1657/1708 1658/1658/1709 1709/1709/1760 1708/1708/1759
f 1658/1658/1709 1659/1659/1710 1710/1710/1761 1709/1709/1760
f 1659/1659/1710 1660/1660/1711 1711/1711/1762 1710/1710/1761
f 1660/1660/1711 1661/1661/1712 1712/1712/1763 1711/1711/1762
f 1661/1661/1712 1662/1662/1713 1713/1713/1764 1712/1712/1763
f 1662/1662/1713 1663/1663/1714 1714/1714/1765 1713/1713/1764
f 1663/1663/1714 1664/1664/1715 1715/1715/1766 1714/1714/1765
f 1664/1664/1715 1665/1665/1716 1716/1716/1767 1715/1715/1766
f 1665/1665/1716 1666/1666/1717 1717/1717/1768 1716/1716/1767
f 1666/1666/1717 1667/1667/1718 1718/1718/1769 1717/1717/1768
f 1667/1667/1718 1668/1668/1719 1719/1719/1770 1718/1718/1769
f 1668/1668/1719 1669/1669/1720 1720/1720/1771 1719/1719/1770
f 1669/1669/1720 1670/1670/1721 1721/1721/1772 1720/1720/1771
f 1670/1670/1721 1671/1671/1722 1722/1722/1773 1721/1721/1772
f 1671/1671/1722 1672/1672/1723 1723/1723/1774 1722/1722/1773
f 1672/1672/1723 1673/1673/1724 1724/1724/1775 1723/1723/1774
f 1673/1673/1724 1674/1674/1725 1725/1725/1776 1724/1724/1775
f 1674/1674/1725 1675/1675/1726 1726/1726/1777 1725/1725/1776
f 1675/1675/1726 1676/1676/1727 1727/1727/1778 1726/1726/1777
f 1676/1676/1727 1677/1677/1728 1728/1728/1779 1727/1727/1778
f 1677/1677/1728 1678/1678/1729 1729/1729/1780 1728/1728/1779
f 1678/1678/1729 1679/1679/1730 1730/1730/1781 1729/1729/1780
f 1679/1679/1730 1680/1680/1731 1731/1731/1782 1730/1730/1781
f 1680/1680/1731 1681/1681/1732 1732/1732/1783 1731/1731/1782
f 1681/1681/1732 1682/1682/1733 1733/1733/1784 1732/1732/1783
f 1682/1682/1733 1683/1683/1734 1734/1734/1785 1733/1733/1784
f 1684/1684/1736 1685/1685/1735 1736/1736/1786 1735/1735/1787
f 1685/1685/1735 1686/1686/1737 1737/1737/1788 1736/1736/1786
f 1686/1686/1737 1687/1687/1738 1738/1738/1789 1737/1737/1788
f 1687/1687/1738 1688/1688/1739 1739/1739/1790 1738/1738/1789
f 1688/1688/1739 1689/1689/1740 1740/1740/1791 1739/1739/1790
f 1689/1689/1740 1690/1690/1741 1741/1741/1792 1740/1740/1791
f 1690/1690/1741 1691/1691/1742 1742/1742/1793 1741/1741/1792
f 1691/1691/1742 1692/1692/1743 1743/1743/1794 1742/1742/1793
f 1692/1692/1743 1693/1693/1744 1744/1744/1795 1743/1743/1794
f 1693/1693/1744 1694/1694/1745 1745/1745/1796 1744/1744/1795
f 1694/1694/1745 1695/1695/1746 1746/1746/1797 1745/1745/1796
f 1695/1695/1746 1696/1696/1747 1747/1747/1798 1746/1746/1797
f 1696/1696/1747 1697/1697/1748 1748/1748/1799 1747/1747/1798
f 1697/1697/1748 1698/1698/1749 1749/1749/1800 1748/1748/1799
f 1698/1698/1749 1699/1699/1750 1750/1750/1801 1749/1749/1800
f 1699/1699/1750 1700/1700/1751 1751/1751/1802 1750/1750/1801
f 1700/1700/1751 1701/1701/1752 1752/1752/1803 1751/1751/1802
f 1701/1701/1752 1702/1702/1753 1753/1753/1804 1752/1752/1803
f 1702/1702/1753 1703/1703/1754 1754/1754/1805 1753/1753/1804
f 1703/1703/1754 1704/1704/1755 1755/1755/1806 1754/1754/1805
f 1704/1704/1755 1705/1705/1756 1756/1756/1807 1755/1755/1806
f 1705/1705/1756 1706/1706/1757 1757/1757/1808 1756/1756/1807
f 1706/1706/1757 1707/1707/1758 1758/1758/1809 1757/1757/1808
f 1707/1707/1758 1708/1708/1759 1759/1759/1810 1758/1758/1809
f 1708/1708/1759 1709/1709/1760 1760/1760/1811 1759/1759/1810
f 1709/1709/1760 1710/1710/1761 1761/1761/1812 1760/1760/1811
f 1710/1710/1761 1711/1711/1762 1762/1762/1813 1761/1761/1812
f 1711/1711/1762 1712/1712/1763 1763/1763/1814 1762/1762/1813
f 1712/1712/1763 1713/1713/1764 1764/1764/1815 1763/1763/1814
f 1713/1713/1764 1714/1714/1765 1765/1765/1816 1764/1764/1815
f 1714/1714/1765 1715/1715/1766 1766/1766/1817 1765/1765/1816
f 1715/1715/1766 1716/1716/1767 1767/1767/1818 1766/1766/1817
f 1716/1716/1767 1717/1717/1768 1768/1768/1819 1767/1767/1818
f 1717/1717/1768 1718/1718/1769 1769/1769/1820 1768/1768/1819
f 1718/1718/1769 1719/1719/1770 1770/1770/1821 1769/1769/1820
f 1719/1719/1770 1720/1720/1771 1771/1771/1822 1770/1770/1821
f 1720/1720/1771 1721/1721/1772 1772/1772/1823 1771/1771/1822
f 1721/1721/1772 1722/1722/1773 1773/1773/1824 1772/1772/1823
f 1722/1722/1773 1723/1723/1774 1774/1774/1825 1773/1773/1824
f 1723/1723/1774 1724/1724/1775 1775/1775/1826 1774/1774/1825
f 1724/1724/1775 1725/1725/1776 1776/1776/1827 1775/1775/1826
f 1725/1725/1776 1726/1726/1777 1777/1777/1828 1776/1776/1827
f 1726/1726/1777 1727/1727/1778 1778/1778/1829 1777/1777/1828
f 1727/1727/1778 1728/1728/1779 1779/1779/1830 1778/1778/1829
f 1728/1728/1779 1729/1729/1780 1780/1780/1831 1779/1779/1830
f 1729/1729/1780 1730/1730/1781 1781/1781/1832 1780/1780/1831
f 1730/1730/1781 1731/1731/1782 1782/1782/1833 1781/1781/1832
f 1731/1731/1782 1732/1732/1783 1783/1783/1834 1782/1782/1833
f 1732/1732/1783 1733/1733/1784 1784/1784/1835 1783/1783/1834
f 1733/1733/1784 1734/1734/1785 1785/1785/1836 1784/1784/1835
f 1735/1735/1787 1736/1736/1786 1787/1787/1837 1786/1786/1838
f 1736/1736/1786 1737/1737/1788 1788/1788/1839 1787/1787/1837
f 1737/1737/1788 1738/1738/1789 1789/1789/1840 1788/1788/1839
f 1738/1738/1789 1739/1739/1790 1790/1790/1841 1789/1789/1840
f 1739/1739/1790 1740/1740/1791 1791/1791/1842 1790/1790/1841
f 1740/1740/1791 1741/1741/1792 1792/1792/1843 1791/1791/1842
f 1741/1741/1792 1742/1742/1793 1793/1793/1844 1792/1792/1843
f 1742/1742/1793 1743/1743/1794 1794/1794/1845 1793/1793/1844
f 1743/1743/1794 1744/1744/1795 1795/1795/1846 1794/1794/1845
f 1744/1744/1795 1745/1745/1796 1796/1796/1847 1795/1795/1846
f 1745/1745/1796 1746/1746/1797 1797/1797/1848 1796/1796/1847
f 1746/1746/1797 1747/1747/1798 1798/1798/1849 1797/1797/1848
f 1747/1747/1798 1748/1748/1799 1799/1799/1850 1798/1798/1849
f 1748/1748/1799 1749/1749/1800 1800/1800/1851 1799/1799/1850
f 1749/1749/1800 1750/1750/1801 1801/1801/1852 1800/1800/1851
f 1750/1750/1801 1751/1751/1802 1802/1802/1853 1801/1801/1852
f 1751/1751/1802 1752/1752/1803 1803/1803/1854 1802/1802/1853
f 1752/1752/1803 1753/1753/1804 1804/1804/1855 1803/1803/1854
f 1753/1753/1804 1754/1754/1805 1805/1805/1856 1804/1804/1855
f 1754/1754/1805 1755/1755/1806 1806/1806/1857 1805/1805/1856
f 1755/1755/1806 1756/1756/1807 1807/1807/1858 1806/1806/1857
f 1756/1756/1807 1757/1757/1808 1808/1808/1859 1807/1807/1858
f 1757/1757/1808 1758/1758/1809 1809/1809/1860 1808/1808/1859
f 1758/1758/1809 1759/1759/1810 1810/1810/1861 1809/1809/1860
f 1759/1759/1810 1760/1760/1811 1811/1811/1862 1810/1810/1861
f 1760/1760/1811 1761/1761/1812 1812/1812/1863 1811/1811/1862
f 1761/1761/1812 1762/1762/1813 1813/1813/1864 1812/1812/1863
f 1762/1762/1813 1763/1763/1814 1814/1814/1865 1813/1813/1864
f 1763/1763/1814 1764/1764/1815 1815/1815/1866 1814/1814/1865
f 1764/1764/1815 1765/1765/1816 1816/1816/1867 1815/1815/1866
f 1765/1765/1816 1766/1766/1817 1817/1817/1868 1816/1816/1867
f 1766/1766/1817 1767/1767/1818 1818/1818/1869 1817/1817/1868
f 1767/1767/1818 1768/1768/1819 1819/1819/1870 1818/1818/1869
f 1768/1768/1819 1769/1769/1820 1820/1820/1871 1819/1819/1870
f 1769/1769/1820 1770/1770/1821 1821/1821/1872 1820/1820/1871
f 1770/1770/1821 1771/1771/1822 1822/1822/1873 1821/1821/1872
f 1771/1771/1822 1772/1772/1823 1823/1823/1874 1822/1822/1873
f 1772/1772/1823 1773/1773/1824 1824/1824/1875 1823/1823/1874
f 1773/1773/1824 1774/1774/1825 1825/1825/1876 1824/1824/1875
f 1774/1774/1825 1775/1775/1826 1826/1826/1877 1825/1825/1876
f 1775/1775/1826 1776/1776/1827 1827/1827/1878 1826/1826/1877
f 1776/1776/1827 1777/1777/1828 1828/1828/1879 1827/1827/1878
f 1777/1777/1828 1778/1778/1829 1829/1829/1880 1828/1828/1879
f 1778/1778/1829 1779/1779/1830 1830/1830/1881 1829/1829/1880
f 1779/1779/1830 1780/1780/1831 1831/1831/1882 1830/1830/1881
f 1780/1780/1831 1781/1781/1832 1832/1832/1883 1831/1831/1882
f 1781/1781/1832 1782/1782/1833 1833/1833/1884 1832/1832/1883
f 1782/1782/1833 1783/1783/1834 1834/1834/1885 1833/1833/1884
f 1783/1783/1834 1784/1784/1835 1835/1835/1886 1834/1834/1885
f 1784/1784/1835 1785/1785/1836 1836/1836/1887 1835/1835/1886
f 1786/1786/1838 1787/1787/1837 1838/1838/1888 1837/1837/1889
f 1787/1787/1837 1788/1788/1839 1839/1839/1890 1838/1838/1888
f 1788/1788/1839 1789/1789/1840 1840/1840/1891 1839/1839/1890
f 1789/1789/1840 1790/1790/1841 1841/1841/1892 1840/1840/1891
f 1790/1790/1841 1791/1791/1842 1842/1842/1893 1841/1841/1892
f 1791/1791/1842 1792/1792/1843 1843/1843/1894 1842/1842/1893
f 1792/1792/1843 1793/1793/1844 1844/1844/1895 1843/1843/1894
f 1793/1793/1844 1794/1794/1845 1845/1845/1896 1844/1844/1895
f 1794/1794/1845 1795/1795/1846 1846/1846/1897 1845/1845/1896
f 1795/1795/1846 1796/1796/1847 1847/1847/1898 1846/1846/1897
f 1796/1796/1847 1797/1797/1848 1848/1848/1899 1847/1847/1898
f 1797/1797/1848 1798/1798/1849 1849/1849/1900 1848/1848/1899
f 1798/1798/1849 1799/1799/1850 1850/1850/1901 1849/1849/1900
f 1799/1799/1850 1800/1800/1851 1851/1851/1902 1850/1850/1901
f 1800/1800/1851 1801/1801/1852 1852/1852/1903 1851/1851/1902
f 1801/1801/1852 1802/1802/1853 1853/1853/1904 1852/1852/1903
f 1802/1802/1853 1803/1803/1854 1854/1854/1905 1853/1853/1904
f 1803/1803/1854 1804/1804/1855 1855/1855/1906 1854/1854/1905
f 1804/1804/1855 1805/1805/1856 1856/1856/1907 1855/1855/1906
f 1805/1805/1856 1806/1806/1857 1857/1857/1908 1856/1856/1907
f 1806/1806/1857 1807/1807/1858 1858/1858/1909 1857/1857/1908
f 1807/1807/1858 1808/1808/1859 1859/1859/1910 1858/1858/1909
f 1808/1808/1859 1809/1809/1860 1860/1860/1911 1859/1859/1910
f 1809/1809/1860 1810/1810/1861 1861/1861/1912 1860/1860/1911
f 1810/1810/1861 1811/1811/1862 1862/1862/1913 1861/1861/1912
f 1811/1811/1862 1812/1812/1863 1863/1863/1914 1862/1862/1913
f 1812/1812/1863 1813/1813/1864 1864/1864/1915 1863/1863/1914
f 1813/1813/1864 1814/1814/1865 1865/1865/1916 1864/1864/1915
f 1814/1814/1865 1815/1815/1866 1866/1866/1917 1865/1865/1916
f 1815/1815/1866 1816/1816/1867 1867/1867/1918 1866/1866/1917
f 1816/1816/1867 1817/1817/1868 1868/1868/1919 1867/1867/1918
f 1817/1817/1868 1818/1818/1869 1869/1869/1920 1868/1868/1919
f 1818/1818/1869 1819/1819/1870 1870/1870/1921 1869/1869/1920
f 1819/1819/1870 1820/1820/1871 1871/1871/1922 1870/1870/1921
f 1820/1820/1871 1821/1821/1872 1872/1872/1923 1871/1871/1922
f 1821/1821/1872 1822/1822/1873 1873/1873/1924 1872/1872/1923
f 1822/1822/1873 1823/1823/1874 1874/1874/1925 1873/1873/1924
f 1823/1823/1874 1824/1824/1875 1875/1875/1926 1874/1874/1925
f 1824/1824/1875 1825/1825/1876 1876/1876/1927 1875/1875/1926
f 1825/1825/1876 1826/1826/1877 1877/1877/1928 1876/1876/1927
f 1826/1826/1877 1827/1827/1878 1878/1878/1929 1877/1877/1928
f 1827/1827/1878 1828/1828/1879 1879/1879/1930 1878/1878/1929
f 1828/1828/1879 1829/1829/1880 1880/1880/1931 1879/1879/1930
f 1829/1829/1880 1830/1830/1881 1881/1881/1932 1880/1880/1931
f 1830/1830/1881 1831/1831/1882 1882/1882/1933 1881/1881/1932
f 1831/1831/1882 1832/1832/1883 1883/1883/1934 1882/1882/1933
f 1832/1832/1883 1833/1833/1884 1884/1884/1935 1883/1883/1934
f 1833/1833/1884 1834/1834/1885 1885/1885/1936 1884/1884/1935
f 1834/1834/1885 1835/1835/1886 1886/1886/1937 1885/1885/1936
f 1835/1835/1886 1836/1836/1887 1887/1887/1938 1886/1886/1937
f 1837/1837/1889 1838/1838/1888 1889/1889/1939 1888/1888/1940
f 1838/1838/1888 1839/1839/1890 1890/1890/1941 1889/1889/1939
f 1839/1839/1890 1840/1840/1891 1891/1891/1942 1890/1890/1941
f 1840/1840/1891 1841/1841/1892 1892/1892/1943 1891/1891/1942
f 1841/1841/1892 1842/1842/1893 1893/1893/1944 1892/1892/1943
f 1842/1842/1893 1843/1843/1894 1894/1894/1945 1893/1893/1944
f 1843/1843/1894 1844/1844/1895 1895/1895/1946 1894/1894/1945
f 1844/1844/1895 1845/1845/1896 1896/1896/1947 1895/1895/1946
f 1845/1845/1896 1846/1846/1897 1897/1897/1948 1896/1896/1947
f 1846/1846/1897 1847/1847/1898 1898/1898/1949 1897/1897/1948
f 1847/1847/1898 1848/1848/1899 1899/1899/1950 1898/1898/1949
f 1848/1848/1899 1849/1849/1900 1900/1900/1951 1899/1899/1950
f 1849/1849/1900 1850/1850/1901 1901/1901/1952 1900/1900/1951
f 1850/1850/1901 1851/1851/1902 1902/1902/1953 1901/1901/1952
f 1851/1851/1902 1852/1852/1903 1903/1903/1954 1902/1902/1953
f 1852/1852/1903 1853/1853/1904 1904/1904/1955 1903/1903/1954
f 1853/1853/1904 1854/1854/1905 1905/1905/1956 1904/1904/1955
f 1854/1854/1905 1855/1855/1906 1906/1906/1957 1905/1905/1956
f 1855/1855/1906 1856/1856/1907 1907/1907/1958 1906/1906/1957
f 1856/1856/1907 1857/1857/1908 1908/1908/1959 1907/1907/1958
f 1857/1857/1908 1858/1858/1909 1909/1909/1960 1908/1908/1959
f 1858/1858/1909 1859/1859/1910 1910/1910/1961 1909/1909/1960
f 1859/1859/1910 1860/1860/1911 1911/1911/1962 1910/1910/1961
f 1860/1860/1911 1861/1861/1912 1912/1912/1963 1911/1911/1962
f 1861/1861/1912 1862/1862/1913 1913/1913/1964 1912/1912/1963
f 1862/1862/1913 1863/1863/1914 1914/1914/1965 1913/1913/1964
f 1863/1863/1914 1864/1864/1915 1915/1915/1966 1914/1914/1965
f 1864/1864/1915 1865/1865/1916 1916/1916/1967 1915/1915/1966
f 1865/1865/1916 1866/1866/1917 1917/1917/1968 1916/1916/1967
f 1866/1866/1917 1867/1867/1918 1918/1918/1969 1917/1917/1968
f 1867/1867/1918 1868/1868/1919 1919/1919/1970 1918/1918/1969
f 1868/1868/1919 1869/1869/1920 1920/1920/1971 1919/1919/1970
f 1869/1869/1920 1870/1870/1921 1921/1921/1972 1920/1920/1971
f 1870/1870/1921 1871/1871/1922 1922/1922/1973 1921/1921/1972
f 1871/1871/1922 1872/1872/1923 1923/1923/1974 1922/1922/1973
f 1872/1872/1923 1873/1873/1924 1924/1924/1975 1923/1923/1974
f 1873/1873/1924 1874/1874/1925 1925/1925/1976 1924/1924/1975
f 1874/1874/1925 1875/1875/1926 1926/1926/1977 1925/1925/1976
f 1875/1875/1926 1876/1876/1927 1927/1927/1978 1926/1926/1977
f 1876/1876/1927 1877/1877/1928 1928/1928/1979 1927/1927/1978
f 1877/1877/1928 1878/1878/1929 1929/1929/1980 1928/1928/1979
f 1878/1878/1929 1879/1879/1930 1930/1930/1981 1929/1929/1980
f 1879/1879/1930 1880/1880/1931 1931/1931/1982 1930/1930/1981
f 1880/1880/1931 1881/1881/1932 1932/1932/1983 1931/1931/1982
f 1881/1881/1932 1882/1882/1933 1933/1933/1984 1932/1932/1983
f 1882/1882/1933 1883/1883/1934 1934/1934/1985 1933/1933/1984
f 1883/1883/1934 1884/1884/1935 1935/1935/1986 1934/1934/1985
f 1884/1884/1935 1885/1885/1936 1936/1936/1987 1935/1935/1986
f 1885/1885/1936 1886/1886/1937 1937/1937/1988 1936/1936/1987
f 1886/1886/1937 1887/1887/1938 1938/1938/1989 1937/1937/1988
f 1888/1888/1940 1889/1889/1939 1940/1940/1990 1939/1939/1991
f 1889/1889/1939 1890/1890/1941 1941/1941/1992 1940/1940/1990
f 1890/1890/1941 1891/1891/1942 1942/1942/1993 1941/1941/1992
f 1891/1891/1942 1892/1892/1943 1943/1943/1994 1942/1942/1993
f 1892/1892/1943 1893/1893/1944 1944/1944/1995 1943/1943/1994
f 1893/1893/1944 1894/1894/1945 1945/1945/1996 1944/1944/1995
f 1894/1894/1945 1895/1895/1946 1946/1946/1997 1945/1945/1996
f 1895/1895/1946 1896/1896/1947 1947/1947/1998 1946/1946/1997
f 1896/1896/1947 1897/1897/1948 1948/1948/1999 1947/1947/1998
f 1897/1897/1948 1898/1898/1949 1949/1949/2000 1948/1948/1999
f 1898/1898/1949 1899/1899/1950 1950/1950/2001 1949/1949/2000
f 1899/1899/1950 1900/1900/1951 1951/1951/2002 1950/1950/2001
f 1900/1900/1951 1901/1901/1952 1952/1952/2003 1951/1951/2002
f 1901/1901/1952 1902/1902/1953 1953/1953/2004 1952/1952/2003
f 1902/1902/1953 1903/1903/1954 1954/1954/2005 1953/1953/2004
f 1903/1903/1954 1904/1904/1955 1955/1955/2006 1954/1954/2005
f 1904/1904/1955 1905/1905/1956 1956/1956/2007 1955/1955/2006
f 1905/1905/1956 1906/1906/1957 1957/1957/2008 1956/1956/2007
f 1906/1906/1957 1907/1907/1958 1958/1958/2009 1957/1957/2008
f 1907/1907/1958 1908/1908/1959 1959/1959/2010 1958/1958/2009
f 1908/1908/1959 1909/1909/1960 1960/1960/2011 1959/1959/2010
f 1909/1909/1960 1910/1910/1961 1961/1961/2012 1960/1960/2011
f 1910/1910/1961 1911/1911/1962 1962/1962/2013 1961/1961/2012
f 1911/1911/1962 1912/1912/1963 1963/1963/2014 1962/1962/2013
f 1912/1912/1963 1913/1913/1964 1964/1964/2015 1963/1963/2014
f 1913/1913/1964 1914/1914/1965 1965/1965/2016 1964/1964/2015
f 1914/1914/1965 1915/1915/1966 1966/1966/2017 1965/1965/2016
f 1915/1915/1966 1916/1916/1967 1967/1967/2018 1966/1966/2017
f 1916/1916/1967 1917/1917/1968 1968/1968/2019 1967/1967/2018
f 1917/1917/1968 1918/1918/1969 1969/1969/2020 1968/1968/2019
f 1918/1918/1969 1919/1919/1970 1970/1970/2021 1969/1969/2020
f 1919/1919/1970 1920/1920/1971 1971/1971/2022 1970/1970/2021
f 1920/1920/1971 1921/1921/1972 1972/1972/2023 1971/1971/2022
f 1921/1921/1972 1922/1922/1973 1973/1973/2024 1972/1972/2023
f 1922/1922/1973 1923/1923/1974 1974/1974/2025 1973/1973/2024
f 1923/1923/1974 1924/1924/1975 1975/1975/2026 1974/1974/2025
f 1924/1924/1975 1925/1925/1976 1976/1976/2027 1975/1975/2026
f 1925/1925/1976 1926/1926/1977 1977/1977/2028 1976/1976/2027
f 1926/1926/1977 1927/1927/1978 1978/1978/2029 1977/1977/2028
f 1927/1927/1978 1928/1928/1979 1979/1979/2030 1978/1978/2029
f 1928/1928/1979 1929/1929/1980 1980/1980/2031 1979/1979/2030
f 1929/1929/1980 1930/1930/1981 1981/1981/2032 1980/1980/2031
f 1930/1930/1981 1931/1931/1982 1982/1982/2033 1981/1981/2032
f 1931/1931/1982 1932/1932/1983 1983/1983/2034 1982/1982/2033
f 1932/1932/1983 1933/1933/1984 1984/1984/2035 1983/1983/2034
f 1933/1933/1984 1934/1934/1985 1985/1985/2036 1984/1984/2035
f 1934/1934/1985 1935/1935/1986 1986/1986/2037 1985/1985/2036
f 1935/1935/1986 1936/1936/1987 1987/1987/2038 1986/1986/2037
f 1936/1936/1987 1937/1937/1988 1988/1988/2039 1987/1987/2038
f 1937/1937/1988 1938/1938/1989 1989/1989/2040 1988/1988/2039
f 1939/1939/1991 1940/1940/1990 1991/1991/2041 1990/1990/2042
f 1940/1940/1990 1941/1941/1992 1992/1992/2043 1991/1991/2041
f 1941/1941/1992 1942/1942/1993 1993/1993/2044 1992/1992/2043
f 1942/1942/1993 1943/1943/1994 1994/1994/2045 1993/1993/2044
f 1943/1943/1994 1944/1944/1995 1995/1995/2046 1994/1994/2045
f 1944/1944/1995 1945/1945/1996 1996/1996/2047 1995/1995/2046
f 1945/1945/1996 1946/1946/1997 1997/1997/2048 1996/1996/2047
f 1946/1946/1997 1947/1947/1998 1998/1998/2049 1997/1997/2048
f 1947/1947/1998 1948/1948/1999 1999/1999/2050 1998/1998/2049
f 1948/1948/1999 1949/1949/2000 2000/2000/2051 1999/1999/2050
f 1949/1949/2000 1950/1950/2001 2001/2001/2052 2000/2000/2051
f 1950/1950/2001 1951/1951/2002 2002/2002/2053 2001/2001/2052
f 1951/1951/2002 1952/1952/2003 2003/2003/2054 2002/2002/2053
f 1952/1952/2003 1953/1953/2004 2004/2004/2055 2003/2003/2054
f 1953/1953/2004 1954/1954/2005 2005/2005/2056 2004/2004/2055
f 1954/1954/2005 1955/1955/2006 2006/2006/2057 2005/2005/2056
f 1955/1955/2006 1956/1956/2007 2007/2007/2058 2006/2006/2057
f 1956/1956/2007 1957/1957/2008 2008/2008/2059 2007/2007/2058
f 1957/1957/2008 1958/1958/2009 2009/2009/2060 2008/2008/2059
f 1958/1958/2009 1959/1959/2010 2010/2010/2061 2009/2009/2060
f 1959/1959/2010 1960/1960/2011 2011/2011/2062 2010/2010/2061
f 1960/1960/2011 1961/1961/2012 2012/2012/2063 2011/2011/2062
f 1961/1961/2012 1962/1962/2013 2013/2013/2064 2012/2012/2063
f 1962/1962/2013 1963/1963/2014 2014/2014/2065 2013/2013/2064
f 1963/1963/2014 1964/1964/2015 2015/2015/2066 2014/2014/2065
f 1964/1964/2015 1965/1965/2016 2016/2016/2067 2015/2015/2066
f 1965/1965/2016 1966/1966/2017 2017/2017/2068 2016/2016/2067
f 1966/1966/2017 1967/1967/2018 2018/2018/2069 2017/2017/2068
f 1967/1967/2018 1968/1968/2019 2019/2019/2070 2018/2018/2069
f 1968/1968/2019 1969/1969/2020 2020/2020/2071 2019/2019/2070
f 1969/1969/2020 1970/1970/2021 2021/2021/2072 2020/2020/2071
f 1970/1970/2021 1971/1971/2022 2022/2022/2073 2021/2021/2072
f 1971/1971/2022 1972/1972/2023 2023/2023/2074 2022/2022/2073
f 1972/1972/2023 1973/1973/2024 2024/2024/2075 2023/2023/2074
f 1973/1973/2024 1974/1974/2025 2025/2025/2076 2024/2024/2075
f 1974/1974/2025 1975/1975/2026 2026/2026/2077 2025/2025/2076
f 1975/1975/2026 1976/1976/2027 2027/2027/2078 2026/2026/2077
f 1976/1976/2027 1977/1977/2028 2028/2028/2079 2027/2027/2078
f 1977/1977/2028 1978/1978/2029 2029/2029/2080 2028/2028/2079
f 1978/1978/2029 1979/1979/2030 2030/2030/2081 2029/2029/2080
f 1979/1979/2030 1980/1980/2031 2031/2031/2082 2030/2030/2081
f 1980/1980/2031 1981/1981/2032 2032/2032/2083 2031/2031/2082
f 1981/1981/2032 1982/1982/2033 2033/2033/2084 2032/2032/2083
f 1982/1982/2033 1983/1983/2034 2034/2034/2085 2033/2033/2084
f 1983/1983/2034 1984/1984/2035 2035/2035/2086 2034/2034/2085
f 1984/1984/2035 1985/1985/2036 2036/2036/2087 2035/2035/2086
f 1985/1985/2036 1986/1986/2037 2037/2037/2088 2036/2036/2087
f 1986/1986/2037 1987/1987/2038 2038/2038/2089 2037/2037/2088
f 1987/1987/2038 1988/1988/2039 2039/2039/2090 2038/2038/2089
f 1988/1988/2039 1989/1989/2040 2040/2040/2091 2039/2039/2090
f 1990/1990/2042 1991/1991/2041 2042/2042/2092 2041/2041/2093
f 1991/1991/2041 1992/1992/2043 2043/2043/2094 2042/2042/2092
f 1992/1992/2043 1993/1993/2044 2044/2044/2095 2043/2043/2094
f 1993/1993/2044 1994/1994/2045 2045/2045/2096 2044/2044/2095
f 1994/1994/2045 1995/1995/2046 2046/2046/2097 2045/2045/2096
f 1995/1995/2046 1996/1996/2047 2047/2047/2098 2046/2046/2097
f 1996/1996/2047 1997/1997/2048 2048/2048/2099 2047/2047/2098
f 1997/1997/2048 1998/1998/2049 2049/2049/2100 2048/2048/2099
f 1998/1998/2049 1999/1999/2050 2050/2050/2101 2049/2049/2100
f 1999/1999/2050 2000/2000/2051 2051/2051/2102 2050/2050/2101
f 2000/2000/2051 2001/2001/2052 2052/2052/2103 2051/2051/2102
f 2001/2001/2052 2002/2002/2053 2053/2053/2104 2052/2052/2103
f 2002/2002/2053 2003/2003/2054 2054/2054/2105 2053/2053/2104
f 2003/2003/2054 2004/2004/2055 2055/2055/2106 2054/2054/2105
f 2004/2004/2055 2005/2005/2056 2056/2056/2107 2055/2055/2106
f 2005/2005/2056 2006/2006/2057 2057/2057/2108 2056/2056/2107
f 2006/2006/2057 2007/2007/2058 2058/2058/2109 2057/2057/2108
f 2007/2007/2058 2008/2008/2059 2059/2059/2110 2058/2058/2109
f 2008/2008/2059 2009/2009/2060 2060/2060/2111 2059/2059/2110
f 2009/2009/2060 2010/2010/2061 2061/2061/2112 2060/2060/2111
f 2010/2010/2061 2011/2011/2062 2062/2062/2113 2061/2061/2112
f 2011/2011/2062 2012/2012/2063 2063/2063/2114 2062/2062/2113
f 2012/2012/2063 2013/2013/2064 2064/2064/2115 2063/2063/2114
f 2013/2013/2064 2014/2014/2065 2065/2065/2116 2064/2064/2115
f 2014/2014/2065 2015/2015/2066 2066/2066/2117 2065/2065/2116
f 2015/2015/2066 2016/2016/2067 2067/2067/2118 2066/2066/2117
f 2016/2016/2067 2017/2017/2068 2068/2068/2119 2067/2067/2118
f 2017/2017/2068 2018/2018/2069 2069/2069/2120 2068/2068/2119
f 2018/2018/2069 2019/2019/2070 2070/2070/2121 2069/2069/2120
f 2019/2019/2070 2020/2020/2071 2071/2071/2122 2070/2070/2121
f 2020/2020/2071 2021/2021/2072 2072/2072/2123 2071/2071/2122
f 2021/2021/2072 2022/2022/2073 2073/2073/2124 2072/2072/2123
f 2022/2022/2073 2023/2023/2074 2074/2074/2125 2073/2073/2124
f 2023/2023/2074 2024/2024/2075 2075/2075/2126 2074/2074/2125
f 2024/2024/2075 2025/2025/2076 2076/2076/2127 2075/2075/2126
f 2025/2025/2076 2026/2026/2077 2077/2077/2128 2076/2076/2127
f 2026/2026/2077 2027/2027/2078 2078/2078/2129 2077/2077/2128
f 2027/2027/2078 2028/2028/2079 2079/2079/2130 2078/2078/2129
f 2028/2028/2079 2029/2029/2080 2080/2080/2131 2079/2079/2130
f 2029/2029/2080 2030/2030/2081 2081/2081/2132 2080/2080/2131
f 2030/2030/2081 2031/2031/2082 2082/2082/2133 2081/2081/2132
f 2031/2031/2082 2032/2032/2083 2083/2083/2134 2082/2082/2133
f 2032/2032/2083 2033/2033/2084 2084/2084/2135 2083/2083/2134
f 2033/2033/2084 2034/2034/2085 2085/2085/2136 2084/2084/2135
f 2034/2034/2085 2035/2035/2086 2086/2086/2137 2085/2085/2136
f 2035/2035/2086 2036/2036/2087 2087/2087/2138 2086/2086/2137
f 2036/2036/2087 2037/2037/2088 2088/2088/2139 2087/2087/2138
f 2037/2037/2088 2038/2038/2089 2089/2089/2140 2088/2088/2139
f 2038/2038/2089 2039/2039/2090 2090/2090/2141 2089/2089/2140
f 2039/2039/2090 2040/2040/2091 2091/2091/2142 2090/2090/2141
f 2041/2041/2093 2042/2042/2092 2093/2093/2143 2092/2092/2144
f 2042/2042/2092 2043/2043/2094 2094/2094/2145 2093/2093/2143
f 2043/2043/2094 2044/2044/2095 2095/2095/2146 2094/2094/2145
f 2044/2044/2095 2045/2045/2096 2096/2096/2147 2095/2095/2146
f 2045/2045/2096 2046/2046/2097 2097/2097/2148 2096/2096/2147
f 2046/2046/2097 2047/2047/2098 2098/2098/2149 2097/2097/2148
f 2047/2047/2098 2048/2048/2099 2099/2099/2150 2098/2098/2149
f 2048/2048/2099 2049/2049/2100 2100/2100/2151 2099/2099/2150
f 2049/2049/2100 2050/2050/2101 2101/2101/2152 2100/2100/2151
f 2050/2050/2101 2051/2051/2102 2102/2102/2153 2101/2101/2152
f 2051/2051/2102 2052/2052/2103 2103/2103/2154 2102/2102/2153
f 2052/2052/2103 2053/2053/2104 2104/2104/2155 2103/2103/2154
f 2053/2053/2104 2054/2054/2105 2105/2105/2156 2104/2104/2155
f 2054/2054/2105 2055/2055/2106 2106/2106/2157 2105/2105/2156
f 2055/2055/2106 2056/2056/2107 2107/2107/2158 2106/2106/2157
f 2056/2056/2107 2057/2057/2108 2108/2108/2159 2107/2107/2158
f 2057/2057/2108 2058/2058/2109 2109/2109/2160 2108/2108/2159
f 2058/2058/2109 2059/2059/2110 2110/2110/2161 2109/2109/2160
f 2059/2059/2110 2060/2060/2111 2111/2111/2162 2110/2110/2161
f 2060/2060/2111 2061/2061/2112 2112/2112/2163 2111/2111/2162
f 2061/2061/2112 2062/2062/2113 2113/2113/2164 2112/2112/2163
f 2062/2062/2113 2063/2063/2114 2114/2114/2165 2113/2113/2164
f 2063/2063/2114 2064/2064/2115 2115/2115/2166 2114/2114/2165
f 2064/2064/2115 2065/2065/2116 2116/2116/2167 2115/2115/2166
f 2065/2065/2116 2066/2066/2117 2117/2117/2168 2116/2116/2167
f 2066/2066/2117 2067/2067/2118 2118/2118/2169 2117/2117/2168
f 2067/2067/2118 2068/2068/2119 2119/2119/2170 2118/2118/2169
f 2068/2068/2119 2069/2069/2120 2120/2120/2171 2119/2119/2170
f 2069/2069/2120 2070/2070/2121 2121/2121/2172 2120/2120/2171
f 2070/2070/2121 2071/2071/2122 2122/2122/2173 2121/2121/2172
f 2071/2071/2122 2072/2072/2123 2123/2123/2174 2122/2122/2173
f 2072/2072/2123 2073/2073/2124 2124/2124/2175 2123/2123/2174
f 2073/2073/2124 2074/2074/2125 2125/2125/2176 2124/2124/2175
f 2074/2074/2125 2075/2075/2126 2126/2126/2177 2125/2125/2176
f 2075/2075/2126 2076/2076/2127 2127/2127/2178 2126/2126/2177
f 2076/2076/2127 2077/2077/2128 2128/2128/2179 2127/2127/2178
f 2077/2077/2128 2078/2078/2129 2129/2129/2180 2128/2128/2179
f 2078/2078/2129 2079/2079/2130 2130/2130/2181 2129/2129/2180
f 2079/2079/2130 2080/2080/2131 2131/2131/2182 2130/2130/2181
f 2080/2080/2131 2081/2081/2132 2132/2132/2183 2131/2131/2182
f 2081/2081/2132 2082/2082/2133 2133/2133/2184 2132/2132/2183
f 2082/2082/2133 2083/2083/2134 2134/2134/2185 2133/2133/2184
f 2083/2083/2134 2084/2084/2135 2135/2135/2186 2134/2134/2185
f 2084/2084/2135 2085/2085/2136 2136/2136/2187 2135/2135/2186
f 2085/2085/2136 2086/2086/2137 2137/2137/2188 2136/2136/2187
f 2086/2086/2137 2087/2087/2138 2138/2138/2189 2137/2137/2188
f 2087/2087/2138 2088/2088/2139 2139/2139/2190 2138/2138/2189
f 2088/2088/2139 2089/2089/2140 2140/2140/2191 2139/2139/2190
f 2089/2089/2140 2090/2090/2141 2141/2141/2192 2140/2140/2191
f 2090/2090/2141 2091/2091/2142 2142/2142/2193 2141/2141/2192
f 2092/2092/2144 2093/2093/2143 2144/2144/2194 2143/2143/2195
f 2093/2093/2143 2094/2094/2145 2145/2145/2196 2144/2144/2194
f 2094/2094/2145 2095/2095/2146 2146/2146/2197 2145/2145/2196
f 2095/2095/2146 2096/2096/2147 2147/2147/2198 2146/2146/2197
f 2096/2096/2147 2097/2097/2148 2148/2148/2199 2147/2147/2198
f 2097/2097/2148 2098/2098/2149 2149/2149/2200 2148/2148/2199
f 2098/2098/2149 2099/2099/2150 2150/2150/2201 2149/2149/2200
f 2099/2099/2150 2100/2100/2151 2151/2151/2202 2150/2150/2201
f 2100/2100/2151 2101/2101/2152 2152/2152/2203 2151/2151/2202
f 2101/2101/2152 2102/2102/2153 2153/2153/2204 2152/2152/2203
f 2102/2102/2153 2103/2103/2154 2154/2154/2205 2153/2153/2204
f 2103/2103/2154 2104/2104/2155 2155/2155/2206 2154/2154/2205
f 2104/2104/2155 2105/2105/2156 2156/2156/2207 2155/2155/2206
f 2105/2105/2156 2106/2106/2157 2157/2157/2208 2156/2156/2207
f 2106/2106/2157 2107/2107/2158 2158/2158/2209 2157/2157/2208
f 2107/2107/2158 2108/2108/2159 2159/2159/2210 2158/2158/2209
f 2108/2108/2159 2109/2109/2160 2160/2160/2211 2159/2159/2210
f 2109/2109/2160 2110/2110/2161 2161/2161/2212 2160/2160/2211
f 2110/2110/2161 2111/2111/2162 2162/2162/2213 2161/2161/2212
f 2111/2111/2162 2112/2112/2163 2163/2163/2214 2162/2162/2213
f 2112/2112/2163 2113/2113/2164 2164/2164/2215 2163/2163/2214
f 2113/2113/2164 2114/2114/2165 2165/2165/2216 2164/2164/2215
f 2114/2114/2165 2115/2115/2166 2166/2166/2217 2165/2165/2216
f 2115/2115/2166 2116/2116/2167 2167/2167/2218 2166/2166/2217
f 2116/2116/2167 2117/2117/2168 2168/2168/2219 2167/2167/2218
f 2117/2117/2168 2118/2118/2169 2169/2169/2220 2168/2168/2219
f 2118/2118/2169 2119/2119/2170 2170/2170/2221 2169/2169/2220
f 2119/2119/2170 2120/2120/2171 2171/2171/2222 2170/2170/2221
f 2120/2120/2171 2121/2121/2172 2172/2172/2223 2171/2171/2222
f 2121/2121/2172 2122/2122/2173 2173/2173/2224 2172/2172/2223
f 2122/2122/2173 2123/2123/2174 2174/2174/2225 2173/2173/2224
f 2123/2123/2174 2124/2124/2175 2175/2175/2226 2174/2174/2225
f 2124/2124/2175 2125/2125/2176 2176/2176/2227 2175/2175/2226
f 2125/2125/2176 2126/2126/2177 2177/2177/2228 2176/2176/2227
f 2126/2126/2177 2127/2127/2178 2178/2178/2229 2177/2177/2228
f 2127/2127/2178 2128/2128/2179 2179/2179/2230 2178/2178/2229
f 2128/2128/2179 2129/2129/2180 2180/2180/2231 2179/2179/2230
f 2129/2129/2180 2130/2130/2181 2181/2181/2232 2180/2180/2231
f 2130/2130/2181 2131/2131/2182 2182/2182/2233 2181/2181/2232
f 2131/2131/2182 2132/2132/2183 2183/2183/2234 2182/2182/2233
f 2132/2132/2183 2133/2133/2184 2184/2184/2235 2183/2183/2234
f 2133/2133/2184 2134/2134/2185 2185/2185/2236 2184/2184/2235
f 2134/2134/2185 2135/2135/2186 2186/2186/2237 2185/2185/2236
f 2135/2135/2186 2136/2136/2187 2187/2187/2238 2186/2186/2237
f 2136/2136/2187 2137/2137/2188 2188/2188/2239 2187/2187/2238
f 2137/2137/2188 2138/2138/2189 2189/2189/2240 2188/2188/2239
f 2138/2138/2189 2139/2139/2190 2190/2190/2241 2189/2189/2240
f 2139/2139/2190 2140/2140/2191 2191/2191/2242 2190/2190/2241
f 2140/2140/2191 2141/2141/2192 2192/2192/2243 2191/2191/2242
f 2141/2141/2192 2142/2142/2193 2193/2193/2244 2192/2192/2243
f 2143/2143/2195 2144/2144/2194 2195/2195/2245 2194/2194/2246
f 2144/2144/2194 2145/2145/2196 2196/2196/2247 2195/2195/2245
f 2145/2145/2196 2146/2146/2197 2197/2197/2248 2196/2196/2247
f 2146/2146/2197 2147/2147/2198 2198/2198/2249 2197/2197/2248
f 2147/2147/2198 2148/2148/2199 2199/2199/2250 2198/2198/2249
f 2148/2148/2199 2149/2149/2200 2200/2200/2251 2199/2199/2250
f 2149/2149/2200 2150/2150/2201 2201/2201/2252 2200/2200/2251
f 2150/2150/2201 2151/2151/2202 2202/2202/2253 2201/2201/2252
f 2151/2151/2202 2152/2152/2203 2203/2203/2254 2202/2202/2253
f 2152/2152/2203 2153/2153/2204 2204/2204/2255 2203/2203/2254
f 2153/2153/2204 2154/2154/2205 2205/2205/2256 2204/2204/2255
f 2154/2154/2205 2155/2155/2206 2206/2206/2257 2205/2205/2256
f 2155/2155/2206 2156/2156/2207 2207/2207/2258 2206/2206/2257
f 2156/2156/2207 2157/2157/2208 2208/2208/2259 2207/2207/2258
f 2157/2157/2208 2158/2158/2209 2209/2209/2260 2208/2208/2259
f 2158/2158/2209 2159/2159/2210 2210/2210/2261 2209/2209/2260
f 2159/2159/2210 2160/2160/2211 2211/2211/2262 2210/2210/2261
f 2160/2160/2211 2161/2161/2212 2212/2212/2263 2211/2211/2262
f 2161/2161/2212 2162/2162/2213 2213/2213/2264 2212/2212/2263
f 2162/2162/2213 2163/2163/2214 2214/2214/2265 2213/2213/2264
f 2163/2163/2214 2164/2164/2215 2215/2215/2266 2214/2214/2265
f 2164/2164/2215 2165/2165/2216 2216/2216/2267 2215/2215/2266
f 2165/2165/2216 2166/2166/2217 2217/2217/2268 2216/2216/2267
f 2166/2166/2217 2167/2167/2218 2218/2218/2269 2217/2217/2268
f 2167/2167/2218 2168/2168/2219 2219/2219/2270 2218/2218/2269
f 2168/2168/2219 2169/2169/2220 2220/2220/2271 2219/2219/2270
f 2169/2169/2220 2170/2170/2221 2221/2221/2272 2220/2220/2271
f 2170/2170/2221 2171/2171/2222 2222/2222/2273 2221/2221/2272
f 2171/2171/2222 2172/2172/2223 2223/2223/2274 2222/2222/2273
f 2172/2172/2223 2173/2173/2224 2224/2224/2275 2223/2223/2274
f 2173/2173/2224 2174/2174/2225 2225/2225/2276 2224/2224/2275
f 2174/2174/2225 2175/2175/2226 2226/2226/2277 2225/2225/2276
f 2175/2175/2226 2176/2176/2227 2227/2227/2278 2226/2226/2277
f 2176/2176/2227 2177/2177/2228 2228/2228/2279 2227/2227/2278
f 2177/2177/2228 2178/2178/2229 2229/2229/2280 2228/2228/2279
f 2178/2178/2229 2179/2179/2230 2230/2230/2281 2229/2229/2280
f 2179/2179/2230 2180/2180/2231 2231/2231/2282 2230/2230/2281
f 2180/2180/2231 2181/2181/2232 2232/2232/2283 2231/2231/2282
f 2181/2181/2232 2182/2182/2233 2233/2233/2284 2232/2232/2283
f 2182/2182/2233 2183/2183/2234 2234/2234/2285 2233/2233/2284
f 2183/2183/2234 2184/2184/2235 2235/2235/2286 2234/2234/2285
f 2184/2184/2235 2185/2185/2236 2236/2236/2287 2235/2235/2286
f 2185/2185/2236 2186/2186/2237 2237/2237/2288 2236/2236/2287
f 2186/2186/2237 2187/2187/2238 2238/2238/2289 2237/2237/2288
f 2187/2187/2238 2188/2188/2239 2239/2239/2290 2238/2238/2289
f 2188/2188/2239 2189/2189/2240 2240/2240/2291 2239/2239/2290
f 2189/2189/2240 2190/2190/2241 2241/2241/2292 2240/2240/2291
f 2190/2190/2241 2191/2191/2242 2242/2242/2293 2241/2241/2292
f 2191/2191/2242 2192/2192/2243 2243/2243/2294 2242/2242/2293
f 2192/2192/2243 2193/2193/2244 2244/2244/2295 2243/2243/2294
f 2194/2194/2246 2195/2195/2245 2246/2246/2296 2245/2245/2297
f 2195/2195/2245 2196/2196/2247 2247/2247/2298 2246/2246/2296
f 2196/2196/2247 2197/2197/2248 2248/2248/2299 2247/2247/2298
f 2197/2197/2248 2198/2198/2249 2249/2249/2300 2248/2248/2299
f 2198/2198/2249 2199/2199/2250 2250/2250/2301 2249/2249/2300
f 2199/2199/2250 2200/2200/2251 2251/2251/2302 2250/2250/2301
f 2200/2200/2251 2201/2201/2252 2252/2252/2303 2251/2251/2302
f 2201/2201/2252 2202/2202/2253 2253/2253/2304 2252/2252/2303
f 2202/2202/2253 2203/2203/2254 2254/2254/2305 2253/2253/2304
f 2203/2203/2254 2204/2204/2255 2255/2255/2306 2254/2254/2305
f 2204/2204/2255 2205/2205/2256 2256/2256/2307 2255/2255/2306
f 2205/2205/2256 2206/2206/2257 2257/2257/2308 2256/2256/2307
f 2206/2206/2257 2207/2207/2258 2258/2258/2309 2257/2257/2308
f 2207/2207/2258 2208/2208/2259 2259/2259/2310 2258/2258/2309
f 2208/2208/2259 2209/2209/2260 2260/2260/2311 2259/2259/2310
f 2209/2209/2260 2210/2210/2261 2261/2261/2312 2260/2260/2311
f 2210/2210/2261 2211/2211/2262 2262/2262/2313 2261/2261/2312
f 2211/2211/2262 2212/2212/2263 2263/2263/2314 2262/2262/2313
f 2212/2212/2263 2213/2213/2264 2264/2264/2315 2263/2263/2314
f 2213/2213/2264 2214/2214/2265 2265/2265/2316 2264/2264/2315
f 2214/2214/2265 2215/2215/2266 2266/2266/2317 2265/2265/2316
f 2215/2215/2266 2216/2216/2267 2267/2267/2318 2266/2266/2317
f 2216/2216/2267 2217/2217/2268 2268/2268/2319 2267/2267/2318
f 2217/2217/2268 2218/2218/2269 2269/2269/2320 2268/2268/2319
f 2218/2218/2269 2219/2219/2270 2270/2270/2321 2269/2269/2320
f 2219/2219/2270 2220/2220/2271 2271/2271/2322 2270/2270/2321
f 2220/2220/2271 2221/2221/2272 2272/2272/2323 2271/2271/2322
f 2221/2221/2272 2222/2222/2273 2273/2273/2324 2272/2272/2323
f 2222/2222/2273 2223/2223/2274 2274/2274/2325 2273/2273/2324
f 2223/2223/2274 2224/2224/2275 2275/2275/2326 2274/2274/2325
f 2224/2224/2275 2225/2225/2276 2276/2276/2327 2275/2275/2326
f 2225/2225/2276 2226/2226/2277 2277/2277/2328 2276/2276/2327
f 2226/2226/2277 2227/2227/2278 2278/2278/2329 2277/2277/2328
f 2227/2227/2278 2228/2228/2279 2279/2279/2330 2278/2278/2329
f 2228/2228/2279 2229/2229/2280 2280/2280/2331 2279/2279/2330
f 2229/2229/2280 2230/2230/2281 2281/2281/2332 2280/2280/2331
f 2230/2230/2281 2231/2231/2282 2282/2282/2333 2281/2281/2332
f 2231/2231/2282 2232/2232/2283 2283/2283/2334 2282/2282/2333
f 2232/2232/2283 2233/2233/2284 2284/2284/2335 2283/2283/2334
f 2233/2233/2284 2234/2234/2285 2285/2285/2336 2284/2284/2335
f 2234/2234/2285 2235/2235/2286 2286/2286/2337 2285/2285/2336
f 2235/2235/2286 2236/2236/2287 2287/2287/2338 2286/2286/2337
f 2236/2236/2287 2237/2237/2288 2288/2288/2339 2287/2287/2338
f 2237/2237/2288 2238/2238/2289 2289/2289/2340 2288/2288/2339
f 2238/2238/2289 2239/2239/2290 2290/2290/2341 2289/2289/2340
f 2239/2239/2290 2240/2240/2291 2291/2291/2342 2290/2290/2341
f 2240/2240/2291 2241/2241/2292 2292/2292/2343 2291/2291/2342
f 2241/2241/2292 2242/2242/2293 2293/2293/2344 2292/2292/2343
f 2242/2242/2293 2243/2243/2294 2294/2294/2345 2293/2293/2344
f 2243/2243/2294 2244/2244/2295 2295/2295/2346 2294/2294/2345
f 2245/2245/2297 2246/2246/2296 2297/2297/2347 2296/2296/2348
f 2246/2246/2296 2247/2247/2298 2298/2298/2349 2297/2297/2347
f 2247/2247/2298 2248/2248/2299 2299/2299/2350 2298/2298/2349
f 2248/2248/2299 2249/2249/2300 2300/2300/2351 2299/2299/2350
f 2249/2249/2300 2250/2250/2301 2301/2301/2352 2300/2300/2351
f 2250/2250/2301 2251/2251/2302 2302/2302/2353 2301/2301/2352
f 2251/2251/2302 2252/2252/2303 2303/2303/2354 2302/2302/2353
f 2252/2252/2303 2253/2253/2304 2304/2304/2355 2303/2303/2354
f 2253/2253/2304 2254/2254/2305 2305/2305/2356 2304/2304/2355
f 2254/2254/2305 2255/2255/2306 2306/2306/2357 2305/2305/2356
f 2255/2255/2306 2256/2256/2307 2307/2307/2358 2306/2306/2357
f 2256/2256/2307 2257/2257/2308 2308/2308/2359 2307/2307/2358
f 2257/2257/2308 2258/2258/2309 2309/2309/2360 2308/2308/2359
f 2258/2258/2309 2259/2259/2310 2310/2310/2361 2309/2309/2360
f 2259/2259/2310 2260/2260/2311 2311/2311/2362 2310/2310/2361
f 2260/2260/2311 2261/2261/2312 2312/2312/2363 2311/2311/2362
f 2261/2261/2312 2262/2262/2313 2313/2313/2364 2312/2312/2363
f 2262/2262/2313 2263/2263/2314 2314/2314/2365 2313/2313/2364
f 2263/2263/2314 2264/2264/2315 2315/2315/2366 2314/2314/2365
f 2264/2264/2315 2265/2265/2316 2316/2316/2367 2315/2315/2366
f 2265/2265/2316 2266/2266/2317 2317/2317/2368 2316/2316/2367
f 2266/2266/2317 2267/2267/2318 2318/2318/2369 2317/2317/2368
f 2267/2267/2318 2268/2268/2319 2319/2319/2370 2318/2318/2369
f 2268/2268/2319 2269/2269/2320 2320/2320/2371 2319/2319/2370
f 2269/2269/2320 2270/2270/2321 2321/2321/2372 2320/2320/2371
f 2270/2270/2321 2271/2271/2322 2322/2322/2373 2321/2321/2372
f 2271/2271/2322 2272/2272/2323 2323/2323/2374 2322/2322/2373
f 2272/2272/2323 2273/2273/2324 2324/2324/2375 2323/2323/2374
f 2273/2273/2324 2274/2274/2325 2325/2325/2376 2324/2324/2375
f 2274/2274/2325 2275/2275/2326 2326/2326/2377 2325/2325/2376
f 2275/2275/2326 2276/2276/2327 2327/2327/2378 2326/2326/2377
f 2276/2276/2327 2277/2277/2328 2328/2328/2379 2327/2327/2378
f 2277/2277/2328 2278/2278/2329 2329/2329/2380 2328/2328/2379
f 2278/2278/2329 2279/2279/2330 2330/2330/2381 2329/2329/2380
f 2279/2279/2330 2280/2280/2331 2331/2331/2382 2330/2330/2381
f 2280/2280/2331 2281/2281/2332 2332/2332/2383 2331/2331/2382
f 2281/2281/2332 2282/2282/2333 2333/2333/2384 2332/2332/2383
f 2282/2282/2333 2283/2283/2334 2334/2334/2385 2333/2333/2384
f 2283/2283/2334 2284/2284/2335 2335/2335/2386 2334/2334/2385
f 2284/2284/2335 2285/2285/2336 2336/2336/2387 2335/2335/2386
f 2285/2285/2336 2286/2286/2337 2337/2337/2388 2336/2336/2387
f 2286/2286/2337 2287/2287/2338 2338/2338/2389 2337/2337/2388
f 2287/2287/2338 2288/2288/2339 2339/2339/2390 2338/2338/2389
f 2288/2288/2339 2289/2289/2340 2340/2340/2391 2339/2339/2390
f 2289/2289/2340 2290/2290/2341 2341/2341/2392 2340/2340/2391
f 2290/2290/2341 2291/2291/2342 2342/2342/2393 2341/2341/2392
f 2291/2291/2342 2292/2292/2343 2343/2343/2394 2342/2342/2393
f 2292/2292/2343 2293/2293/2344 2344/2344/2395 2343/2343/2394
f 2293/2293/2344 2294/2294/2345 2345/2345/2396 2344/2344/2395
f 2294/2294/2345 2295/2295/2346 2346/2346/2397 2345/2345/2396
f 2296/2296/2348 2297/2297/2347 2348/2348/2398 2347/2347/2399
f 2297/2297/2347 2298/2298/2349 2349/2349/2400 2348/2348/2398
f 2298/2298/2349 2299/2299/2350 2350/2350/2401 2349/2349/2400
f 2299/2299/2350 2300/2300/2351 2351/2351/2402 2350/2350/2401
f 2300/2300/2351 2301/2301/2352 2352/2352/2403 2351/2351/2402
f 2301/2301/2352 2302/2302/2353 2353/2353/2404 2352/2352/2403
f 2302/2302/2353 2303/2303/2354 2354/2354/2405 2353/2353/2404
f 2303/2303/2354 2304/2304/2355 2355/2355/2406 2354/2354/2405
f 2304/2304/2355 2305/2305/2356 2356/2356/2407 2355/2355/2406
f 2305/2305/2356 2306/2306/2357 2357/2357/2408 2356/2356/2407
f 2306/2306/2357 2307/2307/2358 2358/2358/2409 2357/2357/2408
f 2307/2307/2358 2308/2308/2359 2359/2359/2410 2358/2358/2409
f 2308/2308/2359 2309/2309/2360 2360/2360/2411 2359/2359/2410
f 2309/2309/2360 2310/2310/2361 2361/2361/2412 2360/2360/2411
f 2310/2310/2361 2311/2311/2362 2362/2362/2413 2361/2361/2412
f 2311/2311/2362 2312/2312/2363 2363/2363/2414 2362/2362/2413
f 2312/2312/2363 2313/2313/2364 2364/2364/2415 2363/2363/2414
f 2313/2313/2364 2314/2314/2365 2365/2365/2416 2364/2364/2415
f 2314/2314/2365 2315/2315/2366 2366/2366/2417 2365/2365/2416
f 2315/2315/2366 2316/2316/2367 2367/2367/2418 2366/2366/2417
f 2316/2316/2367 2317/2317/2368 2368/2368/2419 2367/2367/2418
f 2317/2317/2368 2318/2318/2369 2369/2369/2420 2368/2368/2419
f 2318/2318/2369 2319/2319/2370 2370/2370/2421 2369/2369/2420
f 2319/2319/2370 2320/2320/2371 2371/2371/2422 2370/2370/2421
f 2320/2320/2371 2321/2321/2372 2372/2372/2423 2371/2371/2422
f 2321/2321/2372 2322/2322/2373 2373/2373/2424 2372/2372/2423
f 2322/2322/2373 2323/2323/2374 2374/2374/2425 2373/2373/2424
f 2323/2323/2374 2324/2324/2375 2375/2375/2426 2374/2374/2425
f 2324/2324/2375 2325/2325/2376 2376/2376/2427 2375/2375/2426
f 2325/2325/2376 2326/2326/2377 2377/2377/2428 2376/2376/2427
f 2326/2326/2377 2327/2327/2378 2378/2378/2429 2377/2377/2428
f 2327/2327/2378 2328/2328/2379 2379/2379/2430 2378/2378/2429
f 2328/2328/2379 2329/2329/2380 2380/2380/2431 2379/2379/2430
f 2329/2329/2380 2330/2330/2381 2381/2381/2432 2380/2380/2431
f 2330/2330/2381 2331/2331/2382 2382/2382/2433 2381/2381/2432
f 2331/2331/2382 2332/2332/2383 2383/2383/2434 2382/2382/2433
f 2332/2332/2383 2333/2333/2384 2384/2384/2435 2383/2383/2434
f 2333/2333/2384 2334/2334/2385 2385/2385/2436 2384/2384/2435
f 2334/2334/2385 2335/2335/2386 2386/2386/2437 2385/2385/2436
f 2335/2335/2386 2336/2336/2387 2387/2387/2438 2386/2386/2437
f 2336/2336/2387 2337/2337/2388 2388/2388/2439 2387/2387/2438
f 2337/2337/2388 2338/2338/2389 2389/2389/2440 2388/2388/2439
f 2338/2338/2389 2339/2339/2390 2390/2390/2441 2389/2389/2440
f 2339/2339/2390 2340/2340/2391 2391/2391/2442 2390/2390/2441
f 2340/2340/2391 2341/2341/2392 2392/2392/2443 2391/2391/2442
f 2341/2341/2392 2342/2342/2393 2393/2393/2444 2392/2392/2443
f 2342/2342/2393 2343/2343/2394 2394/2394/2445 2393/2393/2444
f 2343/2343/2394 2344/2344/2395 2395/2395/2446 2394/2394/2445
f 2344/2344/2395 2345/2345/2396 2396/2396/2447 2395/2395/2446
f 2345/2345/2396 2346/2346/2397 2397/2397/2448 2396/2396/2447
f 2347/2347/2399 2348/2348/2398 2399/2399/2449 2398/2398/2450
f 2348/2348/2398 2349/2349/2400 2400/2400/2451 2399/2399/2449
f 2349/2349/2400 2350/2350/2401 2401/2401/2452 2400/2400/2451
f 2350/2350/2401 2351/2351/2402 2402/2402/2453 2401/2401/2452
f 2351/2351/2402 2352/2352/2403 2403/2403/2454 2402/2402/2453
f 2352/2352/2403 2353/2353/2404 2404/2404/2455 2403/2403/2454
f 2353/2353/2404 2354/2354/2405 2405/2405/2456 2404/2404/2455
f 2354/2354/2405 2355/2355/2406 2406/2406/2457 2405/2405/2456
f 2355/2355/2406 2356/2356/2407 2407/2407/2458 2406/2406/2457
f 2356/2356/2407 2357/2357/2408 2408/2408/2459 2407/2407/2458
f 2357/2357/2408 2358/2358/2409 2409/2409/2460 2408/2408/2459
f 2358/2358/2409 2359/2359/2410 2410/2410/2461 2409/2409/2460
f 2359/2359/2410 2360/2360/2411 2411/2411/2462 2410/2410/2461
f 2360/2360/2411 2361/2361/2412 2412/2412/2463 2411/2411/2462
f 2361/2361/2412 2362/2362/2413 2413/2413/2464 2412/2412/2463
f 2362/2362/2413 2363/2363/2414 2414/2414/2465 2413/2413/2464
f 2363/2363/2414 2364/2364/2415 2415/2415/2466 2414/2414/2465
f 2364/2364/2415 2365/2365/2416 2416/2416/2467 2415/2415/2466
f 2365/2365/2416 2366/2366/2417 2417/2417/2468 2416/2416/2467
f 2366/2366/2417 2367/2367/2418 2418/2418/2469 2417/2417/2468
f 2367/2367/2418 2368/2368/2419 2419/2419/2470 2418/2418/2469
f 2368/2368/2419 2369/2369/2420 2420/2420/2471 2419/2419/2470
f 2369/2369/2420 2370/2370/2421 2421/2421/2472 2420/2420/2471
f 2370/2370/2421 2371/2371/2422 2422/2422/2473 2421/2421/2472
f 2371/2371/2422 2372/2372/2423 2423/2423/2474 2422/2422/2473
f 2372/2372/2423 2373/2373/2424 2424/2424/2475 2423/2423/2474
f 2373/2373/2424 2374/2374/2425 2425/2425/2476 2424/2424/2475
f 2374/2374/2425 2375/2375/2426 2426/2426/2477 2425/2425/2476
f 2375/2375/2426 2376/2376/2427 2427/2427/2478 2426/2426/2477
f 2376/2376/2427 2377/2377/2428 2428/2428/2479 2427/2427/2478
f 2377/2377/2428 2378/2378/2429 2429/2429/2480 2428/2428/2479
f 2378/2378/2429 2379/2379/2430 2430/2430/2481 2429/2429/2480
f 2379/2379/2430 2380/2380/2431 2431/2431/2482 2430/2430/2481
f 2380/2380/2431 2381/2381/2432 2432/2432/2483 2431/2431/2482
f 2381/2381/2432 2382/2382/2433 2433/2433/2484 2432/2432/2483
f 2382/2382/2433 2383/2383/2434 2434/2434/2485 2433/2433/2484
f 2383/2383/2434 2384/2384/2435 2435/2435/2486 2434/2434/2485
f 2384/2384/2435 2385/2385/2436 2436/2436/2487 2435/2435/2486
f 2385/2385/2436 2386/2386/2437 2437/2437/2488 2436/2436/2487
f 2386/2386/2437 2387/2387/2438 2438/2438/2489 2437/2437/2488
f 2387/2387/2438 2388/2388/2439 2439/2439/2490 2438/2438/2489
f 2388/2388/2439 2389/2389/2440 2440/2440/2491 2439/2439/2490
f 2389/2389/2440 2390/2390/2441 2441/2441/2492 2440/2440/2491
f 2390/2390/2441 2391/2391/2442 2442/2442/2493 2441/2441/2492
f 2391/2391/2442 2392/2392/2443 2443/2443/2494 2442/2442/2493
f 2392/2392/2443 2393/2393/2444 2444/2444/2495 2443/2443/2494
f 2393/2393/2444 2394/2394/2445 2445/2445/2496 2444/2444/2495
f 2394/2394/2445 2395/2395/2446 2446/2446/2497 2445/2445/2496
f 2395/2395/2446 2396/2396/2447 2447/2447/2498 2446/2446/2497
f 2396/2396/2447 2397/2397/2448 2448/2448/2499 2447/2447/2498
f 2398/2398/2450 2399/2399/2449 2450/2450/2500 2449/2449/2501
f 2399/2399/2449 2400/2400/2451 2451/2451/2502 2450/2450/2500
f 2400/2400/2451 2401/2401/2452 2452/2452/2503 2451/2451/2502
f 2401/2401/2452 2402/2402/2453 2453/2453/2504 2452/2452/2503
f 2402/2402/2453 2403/2403/2454 2454/2454/2505 2453/2453/2504
f 2403/2403/2454 2404/2404/2455 2455/2455/2506 2454/2454/2505
f 2404/2404/2455 2405/2405/2456 2456/2456/2507 2455/2455/2506
f 2405/2405/2456 2406/2406/2457 2457/2457/2508 2456/2456/2507
f 2406/2406/2457 2407/2407/2458 2458/2458/2509 2457/2457/2508
f 2407/2407/2458 2408/2408/2459 2459/2459/2510 2458/2458/2509
f 2408/2408/2459 2409/2409/2460 2460/2460/2511 2459/2459/2510
f 2409/2409/2460 2410/2410/2461 2461/2461/2512 2460/2460/2511
f 2410/2410/2461 2411/2411/2462 2462/2462/2513 2461/2461/2512
f 2411/2411/2462 2412/2412/2463 2463/2463/2514 2462/2462/2513
f 2412/2412/2463 2413/2413/2464 2464/2464/2515 2463/2463/2514
f 2413/2413/2464 2414/2414/2465 2465/2465/2516 2464/2464/2515
f 2414/2414/2465 2415/2415/2466 2466/2466/2517 2465/2465/2516
f 2415/2415/2466 2416/2416/2467 2467/2467/2518 2466/2466/2517
f 2416/2416/2467 2417/2417/2468 2468/2468/2519 2467/2467/2518
f 2417/2417/2468 2418/2418/2469 2469/2469/2520 2468/2468/2519
f 2418/2418/2469 2419/2419/2470 2470/2470/2521 2469/2469/2520
f 2419/2419/2470 2420/2420/2471 2471/2471/2522 2470/2470/2521
f 2420/2420/2471 2421/2421/2472 2472/2472/2523 2471/2471/2522
f 2421/2421/2472 2422/2422/2473 2473/2473/2524 2472/2472/2523
f 2422/2422/2473 2423/2423/2474 2474/2474/2525 2473/2473/2524
f 2423/2423/2474 2424/2424/2475 2475/2475/2526 2474/2474/2525
f 2424/2424/2475 2425/2425/2476 2476/2476/2527 2475/2475/2526
f 2425/2425/2476 2426/2426/2477 2477/2477/2528 2476/2476/2527
f 2426/2426/2477 2427/2427/2478 2478/2478/2529 2477/2477/2528
f 2427/2427/2478 2428/2428/2479 2479/2479/2530 2478/2478/2529
f 2428/2428/2479 2429/2429/2480 2480/2480/2531 2479/2479/2530
f 2429/2429/2480 2430/2430/2481 2481/2481/2532 2480/2480/2531
f 2430/2430/2481 2431/2431/2482 2482/2482/2533 2481/2481/2532
f 2431/2431/2482 2432/2432/2483 2483/2483/2534 2482/2482/2533
f 2432/2432/2483 2433/2433/2484 2484/2484/2535 2483/2483/2534
f 2433/2433/2484 2434/2434/2485 2485/2485/2536 2484/2484/2535
f 2434/2434/2485 2435/2435/2486 2486/2486/2537 2485/2485/2536
f 2435/2435/2486 2436/2436/2487 2487/2487/2538 2486/2486/2537
f 2436/2436/2487 2437/2437/2488 2488/2488/2539 2487/2487/2538
f 2437/2437/2488 2438/2438/2489 2489/2489/2540 2488/2488/2539
f 2438/2438/2489 2439/2439/2490 2490/2490/2541 2489/2489/2540
f 2439/2439/2490 2440/2440/2491 2491/2491/2542 2490/2490/2541
f 2440/2440/2491 2441/2441/2492 2492/2492/2543 2491/2491/2542
f 2441/2441/2492 2442/2442/2493 2493/2493/2544 2492/2492/2543
f 2442/2442/2493 2443/2443/2494 2494/2494/2545 2493/2493/2544
f 2443/2443/2494 2444/2444/2495 2495/2495/2546 2494/2494/2545
f 2444/2444/2495 2445/2445/2496 2496/2496/2547 2495/2495/2546
f 2445/2445/2496 2446/2446/2497 2497/2497/2548 2496/2496/2547
f 2446/2446/2497 2447/2447/2498 2498/2498/2549 2497/2497/2548
f 2447/2447/2498 2448/2448/2499 2499/2499/2550 2498/2498/2549
f 2449/2449/2501 2450/2450/2500 2501/2501/2551 2500/2500/2552
f 2450/2450/2500 2451/2451/2502 2502/2502/2553 2501/2501/2551
f 2451/2451/2502 2452/2452/2503 2503/2503/2554 2502/2502/2553
f 2452/2452/2503 2453/2453/2504 2504/2504/2555 2503/2503/2554
f 2453/2453/2504 2454/2454/2505 2505/2505/2556 2504/2504/2555
f 2454/2454/2505 2455/2455/2506 2506/2506/2557 2505/2505/2556
f 2455/2455/2506 2456/2456/2507 2507/2507/2558 2506/2506/2557
f 2456/2456/2507 2457/2457/2508 2508/2508/2559 2507/2507/2558
f 2457/2457/2508 2458/2458/2509 2509/2509/2560 2508/2508/2559
f 2458/2458/2509 2459/2459/2510 2510/2510/2561 2509/2509/2560
f 2459/2459/2510 2460/2460/2511 2511/2511/2562 2510/2510/2561
f 2460/2460/2511 2461/2461/2512 2512/2512/2563 2511/2511/2562
f 2461/2461/2512 2462/2462/2513 2513/2513/2564 2512/2512/2563
f 2462/2462/2513 2463/2463/2514 2514/2514/2565 2513/2513/2564
f 2463/2463/2514 2464/2464/2515 2515/2515/2566 2514/2514/2565
f 2464/2464/2515 2465/2465/2516 2516/2516/2567 2515/2515/2566
f 2465/2465/2516 2466/2466/2517 2517/2517/2568 2516/2516/2567
f 2466/2466/2517 2467/2467/2518 2518/2518/2569 2517/2517/2568
f 2467/2467/2518 2468/2468/2519 2519/2519/2570 2518/2518/2569
f 2468/2468/2519 2469/2469/2520 2520/2520/2571 2519/2519/2570
f 2469/2469/2520 2470/2470/2521 2521/2521/2572 2520/2520/2571
f 2470/2470/2521 2471/2471/2522 2522/2522/2573 2521/2521/2572
f 2471/2471/2522 2472/2472/2523 2523/2523/2574 2522/2522/2573
f 2472/2472/2523 2473/2473/2524 2524/2524/2575 2523/2523/2574
f 2473/2473/2524 2474/2474/2525 2525/2525/2576 2524/2524/2575
f 2474/2474/2525 2475/2475/2526 2526/2526/2577 2525/2525/2576
f 2475/2475/2526 2476/2476/2527 2527/2527/2578 2526/2526/2577
f 2476/2476/2527 2477/2477/2528 2528/2528/2579 2527/2527/2578
f 2477/2477/2528 2478/2478/2529 2529/2529/2580 2528/2528/2579
f 2478/2478/2529 2479/2479/2530 2530/2530/2581 2529/2529/2580
f 2479/2479/2530 2480/2480/2531 2531/2531/2582 2530/2530/2581
f 2480/2480/2531 2481/2481/2532 2532/2532/2583 2531/2531/2582
f 2481/2481/2532 2482/2482/2533 2533/2533/2584 2532/2532/2583
f 2482/2482/2533 2483/2483/2534 2534/2534/2585 2533/2533/2584
f 2483/2483/2534 2484/2484/2535 2535/2535/2586 2534/2534/2585
f 2484/2484/2535 2485/2485/2536 2536/2536/2587 2535/2535/2586
f 2485/2485/2536 2486/2486/2537 2537/2537/2588 2536/2536/2587
f 2486/2486/2537 2487/2487/2538 2538/2538/2589 2537/2537/2588
f 2487/2487/2538 2488/2488/2539 2539/2539/2590 2538/2538/2589
f 2488/2488/2539 2489/2489/2540 2540/2540/2591 2539/2539/2590
f 2489/2489/2540 2490/2490/2541 2541/2541/2592 2540/2540/2591
f 2490/2490/2541 2491/2491/2542 2542/2542/2593 2541/2541/2592
f 2491/2491/2542 2492/2492/2543 2543/2543/2594 2542/2542/2593
f 2492/2492/2543 2493/2493/2544 2544/2544/2595 2543/2543/2594
f 2493/2493/2544 2494/2494/2545 2545/2545/2596 2544/2544/2595
f 2494/2494/2545 2495/2495/2546 2546/2546/2597 2545/2545/2596
f 2495/2495/2546 2496/2496/2547 2547/2547/2598 2546/2546/2597
f 2496/2496/2547 2497/2497/2548 2548/2548/2599 2547/2547/2598
f 2497/2497/2548 2498/2498/2549 2549/2549/2600 2548/2548/2599
f 2498/2498/2549 2499/2499/2550 2550/2550/2601 2549/2549/2600
f 2500/2500/2552 2501/2501/2551 2552/2552/2602 2551/2551/2603
f 2501/2501/2551 2502/2502/2553 2553/2553/2604 2552/2552/2602
f 2502/2502/2553 2503/2503/2554 2554/2554/2605 2553/2553/2604
f 2503/2503/2554 2504/2504/2555 2555/2555/2606 2554/2554/2605
f 2504/2504/2555 2505/2505/2556 2556/2556/2607 2555/2555/2606
f 2505/2505/2556 2506/2506/2557 2557/2557/2608 2556/2556/2607
f 2506/2506/2557 2507/2507/2558 2558/2558/2609 2557/2557/2608
f 2507/2507/2558 2508/2508/2559 2559/2559/2610 2558/2558/2609
f 2508/2508/2559 2509/2509/2560 2560/2560/2611 2559/2559/2610
f 2509/2509/2560 2510/2510/2561 2561/2561/2612 2560/2560/2611
f 2510/2510/2561 2511/2511/2562 2562/2562/2613 2561/2561/2612
f 2511/2511/2562 2512/2512/2563 2563/2563/2614 2562/2562/2613
f 2512/2512/2563 2513/2513/2564 2564/2564/2615 2563/2563/2614
f 2513/2513/2564 2514/2514/2565 2565/2565/2616 2564/2564/2615
f 2514/2514/2565 2515/2515/2566 2566/2566/2617 2565/2565/2616
f 2515/2515/2566 2516/2516/2567 2567/2567/2618 2566/2566/2617
f 2516/2516/2567 2517/2517/2568 2568/2568/2619 2567/2567/2618
f 2517/2517/2568 2518/2518/2569 2569/2569/2620 2568/2568/2619
f 2518/2518/2569 2519/2519/2570 2570/2570/2621 2569/2569/2620
f 2519/2519/2570 2520/2520/2571 2571/2571/2622 2570/2570/2621
f 2520/2520/2571 2521/2521/2572 2572/2572/2623 2571/2571/2622
f 2521/2521/2572 2522/2522/2573 2573/2573/2624 2572/2572/2623
f 2522/2522/2573 2523/2523/2574 2574/2574/2625 2573/2573/2624
f 2523/2523/2574 2524/2524/2575 2575/2575/2626 2574/2574/2625
f 2524/2524/2575 2525/2525/2576 2576/2576/2627 2575/2575/2626
f 2525/2525/2576 2526/2526/2577 2577/2577/2628 2576/2576/2627
f 2526/2526/2577 2527/2527/2578 2578/2578/2629 2577/2577/2628
f 2527/2527/2578 2528/2528/2579 2579/2579/2630 2578/2578/2629
f 2528/2528/2579 2529/2529/2580 2580/2580/2631 2579/2579/2630
f 2529/2529/2580 2530/2530/2581 2581/2581/2632 2580/2580/2631
f 2530/2530/2581 2531/2531/2582 2582/2582/2633 2581/2581/2632
f 2531/2531/2582 2532/2532/2583 2583/2583/2634 2582/2582/2633
f 2532/2532/2583 2533/2533/2584 2584/2584/2635 2583/2583/2634
f 2533/2533/2584 2534/2534/2585 2585/2585/2636 2584/2584/2635
f 2534/2534/2585 2535/2535/2586 2586/2586/2637 2585/2585/2636
f 2535/2535/2586 2536/2536/2587 2587/2587/2638 2586/2586/2637
f 2536/2536/2587 2537/2537/2588 2588/2588/2639 2587/2587/2638
f 2537/2537/2588 2538/2538/2589 2589/2589/2640 2588/2588/2639
f 2538/2538/2589 2539/2539/2590 2590/2590/2641 2589/2589/2640
f 2539/2539/2590 2540/2540/2591 2591/2591/2642 2590/2590/2641
f 2540/2540/2591 2541/2541/2592 2592/2592/2643 2591/2591/2642
f 2541/2541/2592 2542/2542/2593 2593/2593/2644 2592/2592/2643
f 2542/2542/2593 2543/2543/2594 2594/2594/2645 2593/2593/2644
f 2543/2543/2594 2544/2544/2595 2595/2595/2646 2594/2594/2645
f 2544/2544/2595 2545/2545/2596 2596/2596/2647 2595/2595/2646
f 2545/2545/2596 2546/2546/2597 2597/2597/2648 2596/2596/2647
f 2546/2546/2597 2547/2547/2598 2598/2598/2649 2597/2597/2648
f 2547/2547/2598 2548/2548/2599 2599/2599/2650 2598/2598/2649
f 2548/2548/2599 2549/2549/2600 2600/2600/2651 2599/2599/2650
f 2549/2549/2600 2550/2550/2601 2601/2601/2652 2600/2600/2651
f 2551/2551/2603 2552/2552/2602 2603/2603/2653 2602/2602/2654
f 2552/2552/2602 2553/2553/2604 2604/2604/2655 2603/2603/2653
f 2553/2553/2604 2554/2554/2605 2605/2605/2656 2604/2604/2655
f 2554/2554/2605 2555/2555/2606 2606/2606/2657 2605/2605/2656
f 2555/2555/2606 2556/2556/2607 2607/2607/2658 2606/2606/2657
f 2556/2556/2607 2557/2557/2608 2608/2608/2659 2607/2607/2658
f 2557/2557/2608 2558/2558/2609 2609/2609/2660 2608/2608/2659
f 2558/2558/2609 2559/2559/2610 2610/2610/2661 2609/2609/2660
f 2559/2559/2610 2560/2560/2611 2611/2611/2662 2610/2610/2661
f 2560/2560/2611 2561/2561/2612 2612/2612/2663 2611/2611/2662
f 2561/2561/2612 2562/2562/2613 2613/2613/2664 2612/2612/2663
f 2562/2562/2613 2563/2563/2614 2614/2614/2665 2613/2613/2664
f 2563/2563/2614 2564/2564/2615 2615/2615/2666 2614/2614/2665
f 2564/2564/2615 2565/2565/2616 2616/2616/2667 2615/2615/2666
f 2565/2565/2616 2566/2566/2617 2617/2617/2668 2616/2616/2667
f 2566/2566/2617 2567/2567/2618 2618/2618/2669 2617/2617/2668
f 2567/2567/2618 2568/2568/2619 2619/2619/2670 2618/2618/2669
f 2568/2568/2619 2569/2569/2620 2620/2620/2671 2619/2619/2670
f 2569/2569/2620 2570/2570/2621 2621/2621/2672 2620/2620/2671
f 2570/2570/2621 2571/2571/2622 2622/2622/2673 2621/2621/2672
f 2571/2571/2622 2572/2572/2623 2623/2623/2674 2622/2622/2673
f 2572/2572/2623 2573/2573/2624 2624/2624/2675 2623/2623/2674
f 2573/2573/2624 2574/2574/2625 2625/2625/2676 2624/2624/2675
f 2574/2574/2625 2575/2575/2626 2626/2626/2677 2625/2625/2676
f 2575/2575/2626 2576/2576/2627 2627/2627/2678 2626/2626/2677
f 2576/2576/2627 2577/2577/2628 2628/2628/2679 2627/2627/2678
f 2577/2577/2628 2578/2578/2629 2629/2629/2680 2628/2628/2679
f 2578/2578/2629 2579/2579/2630 2630/2630/2681 2629/2629/2680
f 2579/2579/2630 2580/2580/2631 2631/2631/2682 2630/2630/2681
f 2580/2580/2631 2581/2581/2632 2632/2632/2683 2631/2631/2682
f 2581/2581/2632 2582/2582/2633 2633/2633/2684 2632/2632/2683
f 2582/2582/2633 2583/2583/2634 2634/2634/2685 2633/2633/2684
f 2583/2583/2634 2584/2584/2635 2635/2635/2686 2634/2634/2685
f 2584/2584/2635 2585/2585/2636 2636/2636/2687 2635/2635/2686
f 2585/2585/2636 2586/2586/2637 2637/2637/2688 2636/2636/2687
f 2586/2586/2637 2587/2587/2638 2638/2638/2689 2637/2637/2688
f 2587/2587/2638 2588/2588/2639 2639/2639/2690 2638/2638/2689
f 2588/2588/2639 2589/2589/2640 2640/2640/2691 2639/2639/2690
f 2589/2589/2640 2590/2590/2641 2641/2641/2692 2640/2640/2691
f 2590/2590/2641 2591/2591/2642 2642/2642/2693 2641/2641/2692
f 2591/2591/2642 2592/2592/2643 2643/2643/2694 2642/2642/2693
f 2592/2592/2643 2593/2593/2644 2644/2644/2695 2643/2643/2694
f 2593/2593/2644 2594/2594/2645 2645/2645/2696 2644/2644/2695
f 2594/2594/2645 2595/2595/2646 2646/2646/2697 2645/2645/2696
f 2595/2595/2646 2596/2596/2647 2647/2647/2698 2646/2646/2697
f 2596/2596/2647 2597/2597/2648 2648/2648/2699 2647/2647/2698
f 2597/2597/2648 2598/2598/2649 2649/2649/2700 2648/2648/2699
f 2598/2598/2649 2599/2599/2650 2650/2650/2701 2649/2649/2700
f 2599/2599/2650 2600/2600/2651 2651/2651/2702 2650/2650/2701
f 2600/2600/2651 2601/2601/2652 2652/2652/2703 2651/2651/2702
f 2602/2602/2654 2603/2603/2653 2654/2654/2704 2653/2653/2705
f 2603/2603/2653 2604/2604/2655 2655/2655/2706 2654/2654/2704
f 2604/2604/2655 2605/2605/2656 2656/2656/2707 2655/2655/2706
f 2605/2605/2656 2606/2606/2657 2657/2657/2708 2656/2656/2707
f 2606/2606/2657 2607/2607/2658 2658/2658/2709 2657/2657/2708
f 2607/2607/2658 2608/2608/2659 2659/2659/2710 2658/2658/2709
f 2608/2608/2659 2609/2609/2660 2660/2660/2711 2659/2659/2710
f 2609/2609/2660 2610/2610/2661 2661/2661/2712 2660/2660/2711
f 2610/2610/2661 2611/2611/2662 2662/2662/2713 2661/2661/2712
f 2611/2611/2662 2612/2612/2663 2663/2663/2714 2662/2662/2713
f 2612/2612/2663 2613/2613/2664 2664/2664/2715 2663/2663/2714
f 2613/2613/2664 2614/2614/2665 2665/2665/2716 2664/2664/2715
f 2614/2614/2665 2615/2615/2666 2666/2666/2717 2665/2665/2716
f 2615/2615/2666 2616/2616/2667 2667/2667/2718 2666/2666/2717
f 2616/2616/2667 2617/2617/2668 2668/2668/2719 2667/2667/2718
f 2617/2617/2668 2618/2618/2669 2669/2669/2720 2668/2668/2719
f 2618/2618/2669 2619/2619/2670 2670/2670/2721 2669/2669/2720
f 2619/2619/2670 2620/2620/2671 2671/2671/2722 2670/2670/2721
f 2620/2620/2671 2621/2621/2672 2672/2672/2723 2671/2671/2722
f 2621/2621/2672 2622/2622/2673 2673/2673/2724 2672/2672/2723
f 2622/2622/2673 2623/2623/2674 2674/2674/2725 2673/2673/2724
f 2623/2623/2674 2624/2624/2675 2675/2675/2726 2674/2674/2725
f 2624/2624/2675 2625/2625/2676 2676/2676/2727 2675/2675/2726
f 2625/2625/2676 2626/2626/2677 2677/2677/2728 2676/2676/2727
f 2626/2626/2677 2627/2627/2678 2678/2678/2729 2677/2677/2728
f 2627/2627/2678 2628/2628/2679 2679/2679/2730 2678/2678/2729
f 2628/2628/2679 2629/2629/2680 2680/2680/2731 2679/2679/2730
f 2629/2629/2680 2630/2630/2681 2681/2681/2732 2680/2680/2731
f 2630/2630/2681 2631/2631/2682 2682/2682/2733 2681/2681/2732
f 2631/2631/2682 2632/2632/2683 2683/2683/2734 2682/2682/2733
f 2632/2632/2683 2633/2633/2684 2684/2684/2735 2683/2683/2734
f 2633/2633/2684 2634/2634/2685 2685/2685/2736 2684/2684/2735
f 2634/2634/2685 2635/2635/2686 2686/2686/2737 2685/2685/2736
f 2635/2635/2686 2636/2636/2687 2687/2687/2738 2686/2686/2737
f 2636/2636/2687 2637/2637/2688 2688/2688/2739 2687/2687/2738
f 2637/2637/2688 2638/2638/2689 2689/2689/2740 2688/2688/2739
f 2638/2638/2689 2639/2639/2690 2690/2690/2741 2689/2689/2740
f 2639/2639/2690 2640/2640/2691 2691/2691/2742 2690/2690/2741
f 2640/2640/2691 2641/2641/2692 2692/2692/2743 2691/2691/2742
f 2641/2641/2692 2642/2642/2693 2693/2693/2744 2692/2692/2743
f 2642/2642/2693 2643/2643/2694 2694/2694/2745 2693/2693/2744
f 2643/2643/2694 2644/2644/2695 2695/2695/2746 2694/2694/2745
f 2644/2644/2695 2645/2645/2696 2696/2696/2747 2695/2695/2746
f 2645/2645/2696 2646/2646/2697 2697/2697/2748 2696/2696/2747
f 2646/2646/2697 2647/2647/2698 2698/2698/2749 2697/2697/2748
f 2647/2647/2698 2648/2648/2699 2699/2699/2750 2698/2698/2749
f 2648/2648/2699 2649/2649/2700 2700/2700/2751 2699/2699/2750
f 2649/2649/2700 2650/2650/2701 2701/2701/2752 2700/2700/2751
f 2650/2650/2701 2651/2651/2702 2702/2702/2753 2701/2701/2752
f 2651/2651/2702 2652/2652/2703 2703/2703/2754 2702/2702/2753
f 2653/2653/2705 2654/2654/2704 2705/2705/2755 2704/2704/2756
f 2654/2654/2704 2655/2655/2706 2706/2706/2757 2705/2705/2755
f 2655/2655/2706 2656/2656/2707 2707/2707/2758 2706/2706/2757
f 2656/2656/2707 2657/2657/2708 2708/2708/2759 2707/2707/2758
f 2657/2657/2708 2658/2658/2709 2709/2709/2760 2708/2708/2759
f 2658/2658/2709 2659/2659/2710 2710/2710/2761 2709/2709/2760
f 2659/2659/2710 2660/2660/2711 2711/2711/2762 2710/2710/2761
f 2660/2660/2711 2661/2661/2712 2712/2712/2763 2711/2711/2762
f 2661/2661/2712 2662/2662/2713 2713/2713/2764 2712/2712/2763
f 2662/2662/2713 2663/2663/2714 2714/2714/2765 2713/2713/2764
f 2663/2663/2714 2664/2664/2715 2715/2715/2766 2714/2714/2765
f 2664/2664/2715 2665/2665/2716 2716/2716/2767 2715/2715/2766
f 2665/2665/2716 2666/2666/2717 2717/2717/2768 2716/2716/2767
f 2666/2666/2717 2667/2667/2718 2718/2718/2769 2717/2717/2768
f 2667/2667/2718 2668/2668/2719 2719/2719/2770 2718/2718/2769
f 2668/2668/2719 2669/2669/2720 2720/2720/2771 2719/2719/2770
f 2669/2669/2720 2670/2670/2721 2721/2721/2772 2720/2720/2771
f 2670/2670/2721 2671/2671/2722 2722/2722/2773 2721/2721/2772
f 2671/2671/2722 2672/2672/2723 2723/2723/2774 2722/2722/2773
f 2672/2672/2723 2673/2673/2724 2724/2724/2775 2723/2723/2774
f 2673/2673/2724 2674/2674/2725 2725/2725/2776 2724/2724/2775
f 2674/2674/2725 2675/2675/2726 2726/2726/2777 2725/2725/2776
f 2675/2675/2726 2676/2676/2727 2727/2727/2778 2726/2726/2777
f 2676/2676/2727 2677/2677/2728 2728/2728/2779 2727/2727/2778
f 2677/2677/2728 2678/2678/2729 2729/2729/2780 2728/2728/2779
f 2678/2678/2729 2679/2679/2730 2730/2730/2781 2729/2729/2780
f 2679/2679/2730 2680/2680/2731 2731/2731/2782 2730/2730/2781
f 2680/2680/2731 2681/2681/2732 2732/2732/2783 2731/2731/2782
f 2681/2681/2732 2682/2682/2733 2733/2733/2784 2732/2732/2783
f 2682/2682/2733 2683/2683/2734 2734/2734/2785 2733/2733/2784
f 2683/2683/2734 2684/2684/2735 2735/2735/2786 2734/2734/2785
f 2684/2684/2735 2685/2685/2736 2736/2736/2787 2735/2735/2786
f 2685/2685/2736 2686/2686/2737 2737/2737/2788 2736/2736/2787
f 2686/2686/2737 2687/2687/2738 2738/2738/2789 2737/2737/2788
f 2687/2687/2738 2688/2688/2739 2739/2739/2790 2738/2738/2789
f 2688/2688/2739 2689/2689/2740 2740/2740/2791 2739/2739/2790
f 2689/2689/2740 2690/2690/2741 2741/2741/2792 2740/2740/2791
f 2690/2690/2741 2691/2691/2742 2742/2742/2793 2741/2741/2792
f 2691/2691/2742 2692/2692/2743 2743/2743/2794 2742/2742/2793
f 2692/2692/2743 2693/2693/2744 2744/2744/2795 2743/2743/2794
f 2693/2693/2744 2694/2694/2745 2745/2745/2796 2744/2744/2795
f 2694/2694/2745 2695/2695/2746 2746/2746/2797 2745/2745/2796
f 2695/2695/2746 2696/2696/2747 2747/2747/2798 2746/2746/2797
f 2696/2696/2747 2697/2697/2748 2748/2748/2799 2747/2747/2798
f 2697/2697/2748 2698/2698/2749 2749/2749/2800 2748/2748/2799
f 2698/2698/2749 2699/2699/2750 2750/2750/2801 2749/2749/2800
f 2699/2699/2750 2700/2700/2751 2751/2751/2802 2750/2750/2801
f 2700/2700/2751 2701/2701/2752 2752/2752/2803 2751/2751/2802
f 2701/2701/2752 2702/2702/2753 2753/2753/2804 2752/2752/2803
f 2702/2702/2753 2703/2703/2754 2754/2754/2805 2753/2753/2804
s 3
f 2704/2704/2806 2705/2705/2807 2756/2756/2808 2755/2755/2809
f 2705/2705/2807 2706/2706/2810 2757/2757/2811 2756/2756/2808
f 2706/2706/2810 2707/2707/2812 2758/2758/2813 2757/2757/2811
f 2707/2707/2812 2708/2708/2814 2759/2759/2815 2758/2758/2813
f 2708/2708/2814 2709/2709/2816 2760/2760/2817 2759/2759/2815
f 2709/2709/2816 2710/2710/2818 2761/2761/2819 2760/2760/2817
f 2710/2710/2818 2711/2711/2820 2762/2762/2821 2761/2761/2819
f 2711/2711/2820 2712/2712/2822 2763/2763/2823 2762/2762/2821
f 2712/2712/2822 2713/2713/2824 2764/2764/2825 2763/2763/2823
f 2713/2713/2824 2714/2714/2826 2765/2765/2827 2764/2764/2825
f 2714/2714/2826 2715/2715/2828 2766/2766/2829 2765/2765/2827
f 2715/2715/2828 2716/2716/2830 2767/2767/2831 2766/2766/2829
f 2716/2716/2830 2717/2717/2832 2768/2768/2833 2767/2767/2831
f 2717/2717/2832 2718/2718/2834 2769/2769/2835 2768/2768/2833
f 2718/2718/2834 2719/2719/2836 2770/2770/2837 2769/2769/2835
f 2719/2719/2836 2720/2720/2838 2771/2771/2839 2770/2770/2837
f 2720/2720/2838 2721/2721/2840 2772/2772/2841 2771/2771/2839
f 2721/2721/2840 2722/2722/2842 2773/2773/2843 2772/2772/2841
f 2722/2722/2842 2723/2723/2844 2774/2774/2845 2773/2773/2843
f 2723/2723/2844 2724/2724/2846 2775/2775/2847 2774/2774/2845
f 2724/2724/2846 2725/2725/2848 2776/2776/2849 2775/2775/2847
f 2725/2725/2848 2726/2726/2850 2777/2777/2851 2776/2776/2849
f 2726/2726/2850 2727/2727/2852 2778/2778/2853 2777/2777/2851
f 2727/2727/2852 2728/2728/2854 2779/2779/2855 2778/2778/2853
f 2728/2728/2854 2729/2729/2856 2780/2780/2857 2779/2779/2855
f 2729/2729/2856 2730/2730/2858 2781/2781/2859 2780/2780/2857
f 2730/2730/2858 2731/2731/2860 2782/2782/2861 2781/2781/2859
f 2731/2731/2860 2732/2732/2862 2783/2783/2863 2782/2782/2861
f 2732/2732/2862 2733/2733/2864 2784/2784/2865 2783/2783/2863
f 2733/2733/2864 2734/2734/2866 2785/2785/2867 2784/2784/2865
f 2734/2734/2866 2735/2735/2868 2786/2786/2869 2785/2785/2867
f 2735/2735/2868 2736/2736/2870 2787/2787/2871 2786/2786/2869
f 2736/2736/2870 2737/2737/2872 2788/2788/2873 2787/2787/2871
f 2737/2737/2872 2738/2738/2874 2789/2789/2875 2788/2788/2873
f 2738/2738/2874 2739/2739/2876 2790/2790/2877 2789/2789/2875
f 2739/2739/2876 2740/2740/2878 2791/2791/2879 2790/2790/2877
f 2740/2740/2878 2741/2741/2880 2792/2792/2881 2791/2791/2879
f 2741/2741/2880 2742/2742/2882 2793/2793/2883 2792/2792/2881
f 2742/2742/2882 2743/2743/2884 2794/2794/2885 2793/2793/2883
f 2743/2743/2884 2744/2744/2886 2795/2795/2887 2794/2794/2885
f 2744/2744/2886 2745/2745/2888 2796/2796/2889 2795/2795/2887
f 2745/2745/2888 2746/2746/2890 2797/2797/2891 2796/2796/2889
f 2746/2746/2890 2747/2747/2892 2798/2798/2893 2797/2797/2891
f 2747/2747/2892 2748/2748/2894 2799/2799/2895 2798/2798/2893
f 2748/2748/2894 2749/2749/2896 2800/2800/2897 2799/2799/2895
f 2749/2749/2896 2750/2750/2898 2801/2801/2899 2800/2800/2897
f 2750/2750/2898 2751/2751/2900 2802/2802/2901 2801/2801/2899
f 2751/2751/2900 2752/2752/2902 2803/2803/2903 2802/2802/2901
f 2752/2752/2902 2753/2753/2904 2804/2804/2905 2803/2803/2903
f 2753/2753/2904 2754/2754/2906 2805/2805/2907 2804/2804/2905
f 2755/2755/2809 2756/2756/2808 2807/2807/2908 2806/2806/2909
f 2756/2756/2808 2757/2757/2811 2808/2808/2910 2807/2807/2908
f 2757/2757/2811 2758/2758/2813 2809/2809/2911 2808/2808/2910
f 2758/2758/2813 2759/2759/2815 2810/2810/2912 2809/2809/2911
f 2759/2759/2815 2760/2760/2817 2811/2811/2913 2810/2810/2912
f 2760/2760/2817 2761/2761/2819 2812/2812/2914 2811/2811/2913
f 2761/2761/2819 2762/2762/2821 2813/2813/2915 2812/2812/2914
f 2762/2762/2821 2763/2763/2823 2814/2814/2916 2813/2813/2915
f 2763/2763/2823 2764/2764/2825 2815/2815/2917 2814/2814/2916
f 2764/2764/2825 2765/2765/2827 2816/2816/2918 2815/2815/2917
f 2765/2765/2827 2766/2766/2829 2817/2817/2919 2816/2816/2918
f 2766/2766/2829 2767/2767/2831 2818/2818/2920 2817/2817/2919
f 2767/2767/2831 2768/2768/2833 2819/2819/2921 2818/2818/2920
f 2768/2768/2833 2769/2769/2835 2820/2820/2922 2819/2819/2921
f 2769/2769/2835 2770/2770/2837 2821/2821/2923 2820/2820/2922
f 2770/2770/2837 2771/2771/2839 2822/2822/2924 2821/2821/2923
f 2771/2771/2839 2772/2772/2841 2823/2823/2925 2822/2822/2924
f 2772/2772/2841 2773/2773/2843 2824/2824/2926 2823/2823/2925
f 2773/2773/2843 2774/2774/2845 2825/2825/2927 2824/2824/2926
f 2774/2774/2845 2775/2775/2847 2826/2826/2928 2825/2825/2927
f 2775/2775/2847 2776/2776/2849 2827/2827/2929 2826/2826/2928
f 2776/2776/2849 2777/2777/2851 2828/2828/2930 2827/2827/2929
f 2777/2777/2851 2778/2778/2853 2829/2829/2931 2828/2828/2930
f 2778/2778/2853 2779/2779/2855 2830/2830/2932 2829/2829/2931
f 2779/2779/2855 2780/2780/2857 2831/2831/2933 2830/2830/2932
f 2780/2780/2857 2781/2781/2859 2832/2832/2934 2831/2831/2933
f 2781/2781/2859 2782/2782/2861 2833/2833/2935 2832/2832/2934
f 2782/2782/2861 2783/2783/2863 2834/2834/2936 2833/2833/2935
f 2783/2783/2863 2784/2784/2865 2835/2835/2937 2834/2834/2936
f 2784/2784/2865 2785/2785/2867 2836/2836/2938 2835/2835/2937
f 2785/2785/2867 2786/2786/2869 2837/2837/2939 2836/2836/2938
f 2786/2786/2869 2787/2787/2871 2838/2838/2940 2837/2837/2939
f 2787/2787/2871 2788/2788/2873 2839/2839/2941 2838/2838/2940
f 2788/2788/2873 2789/2789/2875 2840/2840/2942 2839/2839/2941
f 2789/2789/2875 2790/2790/2877 2841/2841/2943 2840/2840/2942
f 2790/2790/2877 2791/2791/2879 2842/2842/2944 2841/2841/2943
f 2791/2791/2879 2792/2792/2881 2843/2843/2945 2842/2842/2944
f 2792/2792/2881 2793/2793/2883 2844/2844/2946 2843/2843/2945
f 2793/2793/2883 2794/2794/2885 2845/2845/2947 2844/2844/2946
f 2794/2794/2885 2795/2795/2887 2846/2846/2948 2845/2845/2947
f 2795/2795/2887 2796/2796/2889 2847/2847/2949 2846/2846/2948
f 2796/2796/2889 2797/2797/2891 2848/2848/2950 2847/2847/2949
f 2797/2797/2891 2798/2798/2893 2849/2849/2951 2848/2848/2950
f 2798/2798/2893 2799/2799/2895 2850/2850/2952 2849/2849/2951
f 2799/2799/2895 2800/2800/2897 2851/2851/2953 2850/2850/2952
f 2800/2800/2897 2801/2801/2899 2852/2852/2954 2851/2851/2953
f 2801/2801/2899 2802/2802/2901 2853/2853/2955 2852/2852/2954
f 2802/2802/2901 2803/2803/2903 2854/2854/2956 2853/2853/2955
f 2803/2803/2903 2804/2804/2905 2855/2855/2957 2854/2854/2956
f 2804/2804/2905 2805/2805/2907 2856/2856/2958 2855/2855/2957
f 2806/2806/2909 2807/2807/2908 2858/2858/2959 2857/2857/2960
f 2807/2807/2908 2808/2808/2910 2859/2859/2961 2858/2858/2959
f 2808/2808/2910 2809/2809/2911 2860/2860/2962 2859/2859/2961
f 2809/2809/2911 2810/2810/2912 2861/2861/2963 2860/2860/2962
f 2810/2810/2912 2811/2811/2913 2862/2862/2964 2861/2861/2963
f 2811/2811/2913 2812/2812/2914 2863/2863/2965 2862/2862/2964
f 2812/2812/2914 2813/2813/2915 2864/2864/2966 2863/2863/2965
f 2813/2813/2915 2814/2814/2916 2865/2865/2967 2864/2864/2966
f 2814/2814/2916 2815/2815/2917 2866/2866/2968 2865/2865/2967
f 2815/2815/2917 2816/2816/2918 2867/2867/2969 2866/2866/2968
f 2816/2816/2918 2817/2817/2919 2868/2868/2970 2867/2867/2969
f 2817/2817/2919 2818/2818/2920 2869/2869/2971 2868/2868/2970
f 2818/2818/2920 2819/2819/2921 2870/2870/2972 2869/2869/2971
f 2819/2819/2921 2820/2820/2922 2871/2871/2973 2870/2870/2972
f 2820/2820/2922 2821/2821/2923 2872/2872/2974 2871/2871/2973
f 2821/2821/2923 2822/2822/2924 2873/2873/2975 2872/2872/2974
f 2822/2822/2924 2823/2823/2925 2874/2874/2976 2873/2873/2975
f 2823/2823/2925 2824/2824/2926 2875/2875/2977 2874/2874/2976
f 2824/2824/2926 2825/2825/2927 2876/2876/2978 2875/2875/2977
f 2825/2825/2927 2826/2826/2928 2877/2877/2979 2876/2876/2978
f 2826/2826/2928 2827/2827/2929 2878/2878/2980 2877/2877/2979
f 2827/2827/2929 2828/2828/2930 2879/2879/2981 2878/2878/2980
f 2828/2828/2930 2829/2829/2931 2880/2880/2982 2879/2879/2981
f 2829/2829/2931 2830/2830/2932 2881/2881/2983 2880/2880/2982
f 2830/2830/2932 2831/2831/2933 2882/2882/2984 2881/2881/2983
f 2831/2831/2933 2832/2832/2934 2883/2883/2985 2882/2882/2984
f 2832/2832/2934 2833/2833/2935 2884/2884/2986 2883/2883/2985
f 2833/2833/2935 2834/2834/2936 2885/2885/2987 2884/2884/2986
f 2834/2834/2936 2835/2835/2937 2886/2886/2988 2885/2885/2987
f 2835/2835/2937 2836/2836/2938 2887/2887/2989 2886/2886/2988
f 2836/2836/2938 2837/2837/2939 2888/2888/2990 2887/2887/2989
f 2837/2837/2939 2838/2838/2940 2889/2889/2991 2888/2888/2990
f 2838/2838/2940 2839/2839/2941 2890/2890/2992 2889/2889/2991
f 2839/2839/2941 2840/2840/2942 2891/2891/2993 2890/2890/2992
f 2840/2840/2942 2841/2841/2943 2892/2892/2994 2891/2891/2993
f 2841/2841/2943 2842/2842/2944 2893/2893/2995 2892/2892/2994
f 2842/2842/2944 2843/2843/2945 2894/2894/2996 2893/2893/2995
f 2843/2843/2945 2844/2844/2946 2895/2895/2997 2894/2894/2996
f 2844/2844/2946 2845/2845/2947 2896/2896/2998 2895/2895/2997
f 2845/2845/2947 2846/2846/2948 2897/2897/2999 2896/2896/2998
f 2846/2846/2948 2847/2847/2949 2898/2898/3000 2897/2897/2999
f 2847/2847/2949 2848/2848/2950 2899/2899/3001 2898/2898/3000
f 2848/2848/2950 2849/2849/2951 2900/2900/3002 2899/2899/3001
f 2849/2849/2951 2850/2850/2952 2901/2901/3003 2900/2900/3002
f 2850/2850/2952 2851/2851/2953 2902/2902/3004 2901/2901/3003
f 2851/2851/2953 2852/2852/2954 2903/2903/3005 2902/2902/3004
f 2852/2852/2954 2853/2853/2955 2904/2904/3006 2903/2903/3005
f 2853/2853/2955 2854/2854/2956 2905/2905/3007 2904/2904/3006
f 2854/2854/2956 2855/2855/2957 2906/2906/3008 2905/2905/3007
f 2855/2855/2957 2856/2856/2958 2907/2907/3009 2906/2906/3008
s 4
f 2857/2857/3010 2858/2858/3011 2909/2909/3012 2908/2908/3013
f 2858/2858/3011 2859/2859/3014 2910/2910/3015 2909/2909/3012
f 2859/2859/3014 2860/2860/3016 2911/2911/3017 2910/2910/3015
f 2860/2860/3016 2861/2861/3018 2912/2912/3019 2911/2911/3017
f 2861/2861/3018 2862/2862/3020 2913/2913/3021 2912/2912/3019
f 2862/2862/3020 2863/2863/3022 2914/2914/3023 2913/2913/3021
f 2863/2863/3022 2864/2864/3024 2915/2915/3025 2914/2914/3023
f 2864/2864/3024 2865/2865/3026 2916/2916/3027 2915/2915/3025
f 2865/2865/3026 2866/2866/3028 2917/2917/3029 2916/2916/3027
f 2866/2866/3028 2867/2867/3030 2918/2918/3031 2917/2917/3029
f 2867/2867/3030 2868/2868/3032 2919/2919/3033 2918/2918/3031
f 2868/2868/3032 2869/2869/3034 2920/2920/3035 2919/2919/3033
f 2869/2869/3034 2870/2870/3036 2921/2921/3037 2920/2920/3035
f 2870/2870/3036 2871/2871/3038 2922/2922/3039 2921/2921/3037
f 2871/2871/3038 2872/2872/3040 2923/2923/3041 2922/2922/3039
f 2872/2872/3040 2873/2873/3042 2924/2924/3043 2923/2923/3041
f 2873/2873/3042 2874/2874/3044 2925/2925/3045 2924/2924/3043
f 2874/2874/3044 2875/2875/3046 2926/2926/3047 2925/2925/3045
f 2875/2875/3046 2876/2876/3048 2927/2927/3049 2926/2926/3047
f 2876/2876/3048 2877/2877/3050 2928/2928/3051 2927/2927/3049
f 2877/2877/3050 2878/2878/3052 2929/2929/3053 2928/2928/3051
f 2878/2878/3052 2879/2879/3054 2930/2930/3055 2929/2929/3053
f 2879/2879/3054 2880/2880/3056 2931/2931/3057 2930/2930/3055
f 2880/2880/3056 2881/2881/3058 2932/2932/3059 2931/2931/3057
f 2881/2881/3058 2882/2882/3060 2933/2933/3061 2932/2932/3059
f 2882/2882/3060 2883/2883/3062 2934/2934/3063 2933/2933/3061
f 2883/2883/3062 2884/2884/3064 2935/2935/3065 2934/2934/3063
f 2884/2884/3064 2885/2885/3066 2936/2936/3067 2935/2935/3065
f 2885/2885/3066 2886/2886/3068 2937/2937/3069 2936/2936/3067
f 2886/2886/3068 2887/2887/3070 2938/2938/3071 2937/2937/3069
f 2887/2887/3070 2888/2888/3072 2939/2939/3073 2938/2938/3071
f 2888/2888/3072 2889/2889/3074 2940/2940/3075 2939/2939/3073
f 2889/2889/3074 2890/2890/3076 2941/2941/3077 2940/2940/3075
f 2890/2890/3076 2891/2891/3078 2942/2942/3079 2941/2941/3077
f 2891/2891/3078 2892/2892/3080 2943/2943/3081 2942/2942/3079
f 2892/2892/3080 2893/2893/3082 2944/2944/3083 2943/2943/3081
f 2893/2893/3082 2894/2894/3084 2945/2945/3085 2944/2944/3083
f 2894/2894/3084 2895/2895/3086 2946/2946/3087 2945/2945/3085
f 2895/2895/3086 2896/2896/3088 2947/2947/3089 2946/2946/3087
f 2896/2896/3088 2897/2897/3090 2948/2948/3091 2947/2947/3089
f 2897/2897/3090 2898/2898/3092 2949/2949/3093 2948/2948/3091
f 2898/2898/3092 2899/2899/3094 2950/2950/3095 2949/2949/3093
f 2899/2899/3094 2900/2900/3096 2951/2951/3097 2950/2950/3095
f 2900/2900/3096 2901/2901/3098 2952/2952/3099 2951/2951/3097
f 2901/2901/3098 2902/2902/3100 2953/2953/3101 2952/2952/3099
f 2902/2902/3100 2903/2903/3102 2954/2954/3103 2953/2953/3101
f 2903/2903/3102 2904/2904/3104 2955/2955/3105 2954/2954/3103
f 2904/2904/3104 2905/2905/3106 2956/2956/3107 2955/2955/3105
f 2905/2905/3106 2906/2906/3108 2957/2957/3109 2956/2956/3107
f 2906/2906/3108 2907/2907/3110 2958/2958/3111 2957/2957/3109
f 2908/2908/3013 2909/2909/3012 2960/2960/3112 2959/2959/3113
f 2909/2909/3012 2910/2910/3015 2961/2961/3114 2960/2960/3112
f 2910/2910/3015 2911/2911/3017 2962/2962/3115 2961/2961/3114
f 2911/2911/3017 2912/2912/3019 2963/2963/3116 2962/2962/3115
f 2912/2912/3019 2913/2913/3021 2964/2964/3117 2963/2963/3116
f 2913/2913/3021 2914/2914/3023 2965/2965/3118 2964/2964/3117
f 2914/2914/3023 2915/2915/3025 2966/2966/3119 2965/2965/3118
f 2915/2915/3025 2916/2916/3027 2967/2967/3120 2966/2966/3119
f 2916/2916/3027 2917/2917/3029 2968/2968/3121 2967/2967/3120
f 2917/2917/3029 2918/2918/3031 2969/2969/3122 2968/2968/3121
f 2918/2918/3031 2919/2919/3033 2970/2970/3123 2969/2969/3122
f 2919/2919/3033 2920/2920/3035 2971/2971/3124 2970/2970/3123
f 2920/2920/3035 2921/2921/3037 2972/2972/3125 2971/2971/3124
f 2921/2921/3037 2922/2922/3039 2973/2973/3126 2972/2972/3125
f 2922/2922/3039 2923/2923/3041 2974/2974/3127 2973/2973/3126
f 2923/2923/3041 2924/2924/3043 2975/2975/3128 2974/2974/3127
f 2924/2924/3043 2925/2925/3045 2976/2976/3129 2975/2975/3128
f 2925/2925/3045 2926/2926/3047 2977/2977/3130 2976/2976/3129
f 2926/2926/3047 2927/2927/3049 2978/2978/3131 2977/2977/3130
f 2927/2927/3049 2928/2928/3051 2979/2979/3132 2978/2978/3131
f 2928/2928/3051 2929/2929/3053 2980/2980/3133 2979/2979/3132
f 2929/2929/3053 2930/2930/3055 2981/2981/3134 2980/2980/3133
f 2930/2930/3055 2931/2931/3057 2982/2982/3135 2981/2981/3134
f 2931/2931/3057 2932/2932/3059 2983/2983/3136 2982/2982/3135
f 2932/2932/3059 2933/2933/3061 2984/2984/3137 2983/2983/3136
f 2933/2933/3061 2934/2934/3063 2985/2985/3138 2984/2984/3137
f 2934/2934/3063 2935/2935/3065 2986/2986/3139 2985/2985/3138
f 2935/2935/3065 2936/2936/3067 2987/2987/3140 2986/2986/3139
f 2936/2936/3067 2937/2937/3069 2988/2988/3141 2987/2987/3140
f 2937/2937/3069 2938/2938/3071 2989/2989/3142 2988/2988/3141
f 2938/2938/3071 2939/2939/3073 2990/2990/3143 2989/2989/3142
f 2939/2939/3073 2940/2940/3075 2991/2991/3144 2990/2990/3143
f 2940/2940/3075 2941/2941/3077 2992/2992/3145 2991/2991/3144
f 2941/2941/3077 2942/2942/3079 2993/2993/3146 2992/2992/3145
f 2942/2942/3079 2943/2943/3081 2994/2994/3147 2993/2993/3146
f 2943/2943/3081 2944/2944/3083 2995/2995/3148 2994/2994/3147
f 2944/2944/3083 2945/2945/3085 2996/2996/3149 2995/2995/3148
f 2945/2945/3085 2946/2946/3087 2997/2997/3150 2996/2996/3149
f 2946/2946/3087 2947/2947/3089 2998/2998/3151 2997/2997/3150
f 2947/2947/3089 2948/2948/3091 2999/2999/3152 2998/2998/3151
f 2948/2948/3091 2949/2949/3093 3000/3000/3153 2999/2999/3152
f 2949/2949/3093 2950/2950/3095 3001/3001/3154 3000/3000/3153
f 2950/2950/3095 2951/2951/3097 3002/3002/3155 3001/3001/3154
f 2951/2951/3097 2952/2952/3099 3003/3003/3156 3002/3002/3155
f 2952/2952/3099 2953/2953/3101 3004/3004/3157 3003/3003/3156
f 2953/2953/3101 2954/2954/3103 3005/3005/3158 3004/3004/3157
f 2954/2954/3103 2955/2955/3105 3006/3006/3159 3005/3005/3158
f 2955/2955/3105 2956/2956/3107 3007/3007/3160 3006/3006/3159
f 2956/2956/3107 2957/2957/3109 3008/3008/3161 3007/3007/3160
f 2957/2957/3109 2958/2958/3111 3009/3009/3162 3008/3008/3161
f 2959/2959/3113 2960/2960/3112 3011/3011/3163 3010/3010/3164
f 2960/2960/3112 2961/2961/3114 3012/3012/3165 3011/3011/3163
f 2961/2961/3114 2962/2962/3115 3013/3013/3166 3012/3012/3165
f 2962/2962/3115 2963/2963/3116 3014/3014/3167 3013/3013/3166
f 2963/2963/3116 2964/2964/3117 3015/3015/3168 3014/3014/3167
f 2964/2964/3117 2965/2965/3118 3016/3016/3169 3015/3015/3168
f 2965/2965/3118 2966/2966/3119 3017/3017/3170 3016/3016/3169
f 2966/2966/3119 2967/2967/3120 3018/3018/3171 3017/3017/3170
f 2967/2967/3120 2968/2968/3121 3019/3019/3172 3018/3018/3171
f 2968/2968/3121 2969/2969/3122 3020/3020/3173 3019/3019/3172
f 2969/2969/3122 2970/2970/3123 3021/3021/3174 3020/3020/3173
f 2970/2970/3123 2971/2971/3124 3022/3022/3175 3021/3021/3174
f 2971/2971/3124 2972/2972/3125 3023/3023/3176 3022/3022/3175
f 2972/2972/3125 2973/2973/3126 3024/3024/3177 3023/3023/3176
f 2973/2973/3126 2974/2974/3127 3025/3025/3178 3024/3024/3177
f 2974/2974/3127 2975/2975/3128 3026/3026/3179 3025/3025/3178
f 2975/2975/3128 2976/2976/3129 3027/3027/3180 3026/3026/3179
f 2976/2976/3129 2977/2977/3130 3028/3028/3181 3027/3027/3180
f 2977/2977/3130 2978/2978/3131 3029/3029/3182 3028/3028/3181
f 2978/2978/3131 2979/2979/3132 3030/3030/3183 3029/3029/3182
f 2979/2979/3132 2980/2980/3133 3031/3031/3184 3030/3030/3183
f 2980/2980/3133 2981/2981/3134 3032/3032/3185 3031/3031/3184
f 2981/2981/3134 2982/2982/3135 3033/3033/3186 3032/3032/3185
f 2982/2982/3135 2983/2983/3136 3034/3034/3187 3033/3033/3186
f 2983/2983/3136 2984/2984/3137 3035/3035/3188 3034/3034/3187
f 2984/2984/3137 2985/2985/3138 3036/3036/3189 3035/3035/3188
f 2985/2985/3138 2986/2986/3139 3037/3037/3190 3036/3036/3189
f 2986/2986/3139 2987/2987/3140 3038/3038/3191 3037/3037/3190
f 2987/2987/3140 2988/2988/3141 3039/3039/3192 3038/3038/3191
f 2988/2988/3141 2989/2989/3142 3040/3040/3193 3039/3039/3192
f 2989/2989/3142 2990/2990/3143 3041/3041/3194 3040/3040/3193
f 2990/2990/3143 2991/2991/3144 3042/3042/3195 3041/3041/3194
f 2991/2991/3144 2992/2992/3145 3043/3043/3196 3042/3042/3195
f 2992/2992/3145 2993/2993/3146 3044/3044/3197 3043/3043/3196
f 2993/2993/3146 2994/2994/3147 3045/3045/3198 3044/3044/3197
f 2994/2994/3147 2995/2995/3148 3046/3046/3199 3045/3045/3198
f 2995/2995/3148 2996/2996/3149 3047/3047/3200 3046/3046/3199
f 2996/2996/3149 2997/2997/3150 3048/3048/3201 3047/3047/3200
f 2997/2997/3150 2998/2998/3151 3049/3049/3202 3048/3048/3201
f 2998/2998/3151 2999/2999/3152 3050/3050/3203 3049/3049/3202
f 2999/2999/3152 3000/3000/3153 3051/3051/3204 3050/3050/3203
f 3000/3000/3153 3001/3001/3154 3052/3052/3205 3051/3051/3204
f 3001/3001/3154 3002/3002/3155 3053/3053/3206 3052/3052/3205
f 3002/3002/3155 3003/3003/3156 3054/3054/3207 3053/3053/3206
f 3003/3003/3156 3004/3004/3157 3055/3055/3208 3054/3054/3207
f 3004/3004/3157 3005/3005/3158 3056/3056/3209 3055/3055/3208
f 3005/3005/3158 3006/3006/3159 3057/3057/3210 3056/3056/3209
f 3006/3006/3159 3007/3007/3160 3058/3058/3211 3057/3057/3210
f 3007/3007/3160 3008/3008/3161 3059/3059/3212 3058/3058/3211
f 3008/3008/3161 3009/3009/3162 3060/3060/3213 3059/3059/3212
f 3010/3010/3164 3011/3011/3163 3062/3062/3214 3061/3061/3215
f 3011/3011/3163 3012/3012/3165 3063/3063/3216 3062/3062/3214
f 3012/3012/3165 3013/3013/3166 3064/3064/3217 3063/3063/3216
f 3013/3013/3166 3014/3014/3167 3065/3065/3218 3064/3064/3217
f 3014/3014/3167 3015/3015/3168 3066/3066/3219 3065/3065/3218
f 3015/3015/3168 3016/3016/3169 3067/3067/3220 3066/3066/3219
f 3016/3016/3169 3017/3017/3170 3068/3068/3221 3067/3067/3220
f 3017/3017/3170 3018/3018/3171 3069/3069/3222 3068/3068/3221
f 3018/3018/3171 3019/3019/3172 3070/3070/3223 3069/3069/3222
f 3019/3019/3172 3020/3020/3173 3071/3071/3224 3070/3070/3223
f 3020/3020/3173 3021/3021/3174 3072/3072/3225 3071/3071/3224
f 3021/3021/3174 3022/3022/3175 3073/3073/3226 3072/3072/3225
f 3022/3022/3175 3023/3023/3176 3074/3074/3227 3073/3073/3226
f 3023/3023/3176 3024/3024/3177 3075/3075/3228 3074/3074/3227
f 3024/3024/3177 3025/3025/3178 3076/3076/3229 3075/3075/3228
f 3025/3025/3178 3026/3026/3179 3077/3077/3230 3076/3076/3229
f 3026/3026/3179 3027/3027/3180 3078/3078/3231 3077/3077/3230
f 3027/3027/3180 3028/3028/3181 3079/3079/3232 3078/3078/3231
f 3028/3028/3181 3029/3029/3182 3080/3080/3233 3079/3079/3232
f 3029/3029/3182 3030/3030/3183 3081/3081/3234 3080/3080/3233
f 3030/3030/3183 3031/3031/3184 3082/3082/3235 3081/3081/3234
f 3031/3031/3184 3032/3032/3185 3083/3083/3236 3082/3082/3235
f 3032/3032/3185 3033/3033/3186 3084/3084/3237 3083/3083/3236
f 3033/3033/3186 3034/3034/3187 3085/3085/3238 3084/3084/3237
f 3034/3034/3187 3035/3035/3188 3086/3086/3239 3085/3085/3238
f 3035/3035/3188 3036/3036/3189 3087/3087/3240 3086/3086/3239
f 3036/3036/3189 3037/3037/3190 3088/3088/3241 3087/3087/3240
f 3037/3037/3190 3038/3038/3191 3089/3089/3242 3088/3088/3241
f 3038/3038/3191 3039/3039/3192 3090/3090/3243 3089/3089/3242
f 3039/3039/3192 3040/3040/3193 3091/3091/3244 3090/3090/3243
f 3040/3040/3193 3041/3041/3194 3092/3092/3245 3091/3091/3244
f 3041/3041/3194 3042/3042/3195 3093/3093/3246 3092/3092/3245
f 3042/3042/3195 3043/3043/3196 3094/3094/3247 3093/3093/3246
f 3043/3043/3196 3044/3044/3197 3095/3095/3248 3094/3094/3247
f 3044/3044/3197 3045/3045/3198 3096/3096/3249 3095/3095/3248
f 3045/3045/3198 3046/3046/3199 3097/3097/3250 3096/3096/3249
f 3046/3046/3199 3047/3047/3200 3098/3098/3251 3097/3097/3250
f 3047/3047/3200 3048/3048/3201 3099/3099/3252 3098/3098/3251
f 3048/3048/3201 3049/3049/3202 3100/3100/3253 3099/3099/3252
f 3049/3049/3202 3050/3050/3203 3101/3101/3254 3100/3100/3253
f 3050/3050/3203 3051/3051/3204 3102/3102/3255 3101/3101/3254
f 3051/3051/3204 3052/3052/3205 3103/3103/3256 3102/3102/3255
f 3052/3052/3205 3053/3053/3206 3104/3104/3257 3103/3103/3256
f 3053/3053/3206 3054/3054/3207 3105/3105/3258 3104/3104/3257
f 3054/3054/3207 3055/3055/3208 3106/3106/3259 3105/3105/3258
f 3055/3055/3208 3056/3056/3209 3107/3107/3260 3106/3106/3259
f 3056/3056/3209 3057/3057/3210 3108/3108/3261 3107/3107/3260
f 3057/3057/3210 3058/3058/3211 3109/3109/3262 3108/3108/3261
f 3058/3058/3211 3059/3059/3212 3110/3110/3263 3109/3109/3262
f 3059/3059/3212 3060/3060/3213 3111/3111/3264 3110/3110/3263
f 3061/3061/3215 3062/3062/3214 3113/3113/3265 3112/3112/3266
f 3062/3062/3214 3063/3063/3216 3114/3114/3267 3113/3113/3265
f 3063/3063/3216 3064/3064/3217 3115/3115/3268 3114/3114/3267
f 3064/3064/3217 3065/3065/3218 3116/3116/3269 3115/3115/3268
f 3065/3065/3218 3066/3066/3219 3117/3117/3270 3116/3116/3269
f 3066/3066/3219 3067/3067/3220 3118/3118/3271 3117/3117/3270
f 3067/3067/3220 3068/3068/3221 3119/3119/3272 3118/3118/3271
f 3068/3068/3221 3069/3069/3222 3120/3120/3273 3119/3119/3272
f 3069/3069/3222 3070/3070/3223 3121/3121/3274 3120/3120/3273
f 3070/3070/3223 3071/3071/3224 3122/3122/3275 3121/3121/3274
f 3071/3071/3224 3072/3072/3225 3123/3123/3276 3122/3122/3275
f 3072/3072/3225 3073/3073/3226 3124/3124/3277 3123/3123/3276
f 3073/3073/3226 3074/3074/3227 3125/3125/3278 3124/3124/3277
f 3074/3074/3227 3075/3075/3228 3126/3126/3279 3125/3125/3278
f 3075/3075/3228 3076/3076/3229 3127/3127/3280 3126/3126/3279
f 3076/3076/3229 3077/3077/3230 3128/3128/3281 3127/3127/3280
f 3077/3077/3230 3078/3078/3231 3129/3129/3282 3128/3128/3281
f 3078/3078/3231 3079/3079/3232 3130/3130/3283 3129/3129/3282
f 3079/3079/3232 3080/3080/3233 3131/3131/3284 3130/3130/3283
f 3080/3080/3233 3081/3081/3234 3132/3132/3285 3131/3131/3284
f 3081/3081/3234 3082/3082/3235 3133/3133/3286 3132/3132/3285
f 3082/3082/3235 3083/3083/3236 3134/3134/3287 3133/3133/3286
f 3083/3083/3236 3084/3084/3237 3135/3135/3288 3134/3134/3287
f 3084/3084/3237 3085/3085/3238 3136/3136/3289 3135/3135/3288
f 3085/3085/3238 3086/3086/3239 3137/3137/3290 3136/3136/3289
f 3086/3086/3239 3087/3087/3240 3138/3138/3291 3137/3137/3290
f 3087/3087/3240 3088/3088/3241 3139/3139/3292 3138/3138/3291
f 3088/3088/3241 3089/3089/3242 3140/3140/3293 3139/3139/3292
f 3089/3089/3242 3090/3090/3243 3141/3141/3294 3140/3140/3293
f 3090/3090/3243 3091/3091/3244 3142/3142/3295 3141/3141/3294
f 3091/3091/3244 3092/3092/3245 3143/3143/3296 3142/3142/3295
f 3092/3092/3245 3093/3093/3246 3144/3144/3297 3143/3143/3296
f 3093/3093/3246 3094/3094/3247 3145/3145/3298 3144/3144/3297
f 3094/3094/3247 3095/3095/3248 3146/3146/3299 3145/3145/3298
f 3095/3095/3248 3096/3096/3249 3147/3147/3300 3146/3146/3299
f 3096/3096/3249 3097/3097/3250 3148/3148/3301 3147/3147/3300
f 3097/3097/3250 3098/3098/3251 3149/3149/3302 3148/3148/3301
f 3098/3098/3251 3099/3099/3252 3150/3150/3303 3149/3149/3302
f 3099/3099/3252 3100/3100/3253 3151/3151/3304 3150/3150/3303
f 3100/3100/3253 3101/3101/3254 3152/3152/3305 3151/3151/3304
f 3101/3101/3254 3102/3102/3255 3153/3153/3306 3152/3152/3305
f 3102/3102/3255 3103/3103/3256 3154/3154/3307 3153/3153/3306
f 3103/3103/3256 3104/3104/3257 3155/3155/3308 3154/3154/3307
f 3104/3104/3257 3105/3105/3258 3156/3156/3309 3155/3155/3308
f 3105/3105/3258 3106/3106/3259 3157/3157/3310 3156/3156/3309
f 3106/3106/3259 3107/3107/3260 3158/3158/3311 3157/3157/3310
f 3107/3107/3260 3108/3108/3261 3159/3159/3312 3158/3158/3311
f 3108/3108/3261 3109/3109/3262 3160/3160/3313 3159/3159/3312
f 3109/3109/3262 3110/3110/3263 3161/3161/3314 3160/3160/3313
f 3110/3110/3263 3111/3111/3264 3162/3162/3315 3161/3161/3314
f 3112/3112/3266 3113/3113/3265 3164/3164/3316 3163/3163/3317
f 3113/3113/3265 3114/3114/3267 3165/3165/3318 3164/3164/3316
f 3114/3114/3267 3115/3115/3268 3166/3166/3319 3165/3165/3318
f 3115/3115/3268 3116/3116/3269 3167/3167/3320 3166/3166/3319
f 3116/3116/3269 3117/3117/3270 3168/3168/3321 3167/3167/3320
f 3117/3117/3270 3118/3118/3271 3169/3169/3322 3168/3168/3321
f 3118/3118/3271 3119/3119/3272 3170/3170/3323 3169/3169/3322
f 3119/3119/3272 3120/3120/3273 3171/3171/3324 3170/3170/3323
f 3120/3120/3273 3121/3121/3274 3172/3172/3325 3171/3171/3324
f 3121/3121/3274 3122/3122/3275 3173/3173/3326 3172/3172/3325
f 3122/3122/3275 3123/3123/3276 3174/3174/3327 3173/3173/3326
f 3123/3123/3276 3124/3124/3277 3175/3175/3328 3174/3174/3327
f 3124/3124/3277 3125/3125/3278 3176/3176/3329 3175/3175/3328
f 3125/3125/3278 3126/3126/3279 3177/3177/3330 3176/3176/3329
f 3126/3126/3279 3127/3127/3280 3178/3178/3331 3177/3177/3330
f 3127/3127/3280 3128/3128/3281 3179/3179/3332 3178/3178/3331
f 3128/3128/3281 3129/3129/3282 3180/3180/3333 3179/3179/3332
f 3129/3129/3282 3130/3130/3283 3181/3181/3334 3180/3180/3333
f 3130/3130/3283 3131/3131/3284 3182/3182/3335 3181/3181/3334
f 3131/3131/3284 3132/3132/3285 3183/3183/3336 3182/3182/3335
f 3132/3132/3285 3133/3133/3286 3184/3184/3337 3183/3183/3336
f 3133/3133/3286 3134/3134/3287 3185/3185/3338 3184/3184/3337
f 3134/3134/3287 3135/3135/3288 3186/3186/3339 3185/3185/3338
f 3135/3135/3288 3136/3136/3289 3187/3187/3340 3186/3186/3339
f 3136/3136/3289 3137/3137/3290 3188/3188/3341 3187/3187/3340
f 3137/3137/3290 3138/3138/3291 3189/3189/3342 3188/3188/3341
f 3138/3138/3291 3139/3139/3292 3190/3190/3343 3189/3189/3342
f 3139/3139/3292 3140/3140/3293 3191/3191/3344 3190/3190/3343
f 3140/3140/3293 3141/3141/3294 3192/3192/3345 3191/3191/3344
f 3141/3141/3294 3142/3142/3295 3193/3193/3346 3192/3192/3345
f 3142/3142/3295 3143/3143/3296 3194/3194/3347 3193/3193/3346
f 3143/3143/3296 3144/3144/3297 3195/3195/3348 3194/3194/3347
f 3144/3144/3297 3145/3145/3298 3196/3196/3349 3195/3195/3348
f 3145/3145/3298 3146/3146/3299 3197/3197/3350 3196/3196/3349
f 3146/3146/3299 3147/3147/3300 3198/3198/3351 3197/3197/3350
f 3147/3147/3300 3148/3148/3301 3199/3199/3352 3198/3198/3351
f 3148/3148/3301 3149/3149/3302 3200/3200/3353 3199/3199/3352
f 3149/3149/3302 3150/3150/3303 3201/3201/3354 3200/3200/3353
f 3150/3150/3303 3151/3151/3304 3202/3202/3355 3201/3201/3354
f 3151/3151/3304 3152/3152/3305 3203/3203/3356 3202/3202/3355
f 3152/3152/3305 3153/3153/3306 3204/3204/3357 3203/3203/3356
f 3153/3153/3306 3154/3154/3307 3205/3205/3358 3204/3204/3357
f 3154/3154/3307 3155/3155/3308 3206/3206/3359 3205/3205/3358
f 3155/3155/3308 3156/3156/3309 3207/3207/3360 3206/3206/3359
f 3156/3156/3309 3157/3157/3310 3208/3208/3361 3207/3207/3360
f 3157/3157/3310 3158/3158/3311 3209/3209/3362 3208/3208/3361
f 3158/3158/3311 3159/3159/3312 3210/3210/3363 3209/3209/3362
f 3159/3159/3312 3160/3160/3313 3211/3211/3364 3210/3210/3363
f 3160/3160/3313 3161/3161/3314 3212/3212/3365 3211/3211/3364
f 3161/3161/3314 3162/3162/3315 3213/3213/3366 3212/3212/3365
f 3163/3163/3317 3164/3164/3316 3215/3215/3367 3214/3214/3368
f 3164/3164/3316 3165/3165/3318 3216/3216/3369 3215/3215/3367
f 3165/3165/3318 3166/3166/3319 3217/3217/3370 3216/3216/3369
f 3166/3166/3319 3167/3167/3320 3218/3218/3371 3217/3217/3370
f 3167/3167/3320 3168/3168/3321 3219/3219/3372 3218/3218/3371
f 3168/3168/3321 3169/3169/3322 3220/3220/3373 3219/3219/3372
f 3169/3169/3322 3170/3170/3323 3221/3221/3374 3220/3220/3373
f 3170/3170/3323 3171/3171/3324 3222/3222/3375 3221/3221/3374
f 3171/3171/3324 3172/3172/3325 3223/3223/3376 3222/3222/3375
f 3172/3172/3325 3173/3173/3326 3224/3224/3377 3223/3223/3376
f 3173/3173/3326 3174/3174/3327 3225/3225/3378 3224/3224/3377
f 3174/3174/3327 3175/3175/3328 3226/3226/3379 3225/3225/3378
f 3175/3175/3328 3176/3176/3329 3227/3227/3380 3226/3226/3379
f 3176/3176/3329 3177/3177/3330 3228/3228/3381 3227/3227/3380
f 3177/3177/3330 3178/3178/3331 3229/3229/3382 3228/3228/3381
f 3178/3178/3331 3179/3179/3332 3230/3230/3383 3229/3229/3382
f 3179/3179/3332 3180/3180/3333 3231/3231/3384 3230/3230/3383
f 3180/3180/3333 3181/3181/3334 3232/3232/3385 3231/3231/3384
f 3181/3181/3334 3182/3182/3335 3233/3233/3386 3232/3232/3385
f 3182/3182/3335 3183/3183/3336 3234/3234/3387 3233/3233/3386
f 3183/3183/3336 3184/3184/3337 3235/3235/3388 3234/3234/3387
f 3184/3184/3337 3185/3185/3338 3236/3236/3389 3235/3235/3388
f 3185/3185/3338 3186/3186/3339 3237/3237/3390 3236/3236/3389
f 3186/3186/3339 3187/3187/3340 3238/3238/3391 3237/3237/3390
f 3187/3187/3340 3188/3188/3341 3239/3239/3392 3238/3238/3391
f 3188/3188/3341 3189/3189/3342 3240/3240/3393 3239/3239/3392
f 3189/3189/3342 3190/3190/3343 3241/3241/3394 3240/3240/3393
f 3190/3190/3343 3191/3191/3344 3242/3242/3395 3241/3241/3394
f 3191/3191/3344 3192/3192/3345 3243/3243/3396 3242/3242/3395
f 3192/3192/3345 3193/3193/3346 3244/3244/3397 3243/3243/3396
f 3193/3193/3346 3194/3194/3347 3245/3245/3398 3244/3244/3397
f 3194/3194/3347 3195/3195/3348 3246/3246/3399 3245/3245/3398
f 3195/3195/3348 3196/3196/3349 3247/3247/3400 3246/3246/3399
f 3196/3196/3349 3197/3197/3350 3248/3248/3401 3247/3247/3400
f 3197/3197/3350 3198/3198/3351 3249/3249/3402 3248/3248/3401
f 3198/3198/3351 3199/3199/3352 3250/3250/3403 3249/3249/3402
f 3199/3199/3352 3200/3200/3353 3251/3251/3404 3250/3250/3403
f 3200/3200/3353 3201/3201/3354 3252/3252/3405 3251/3251/3404
f 3201/3201/3354 3202/3202/3355 3253/3253/3406 3252/3252/3405
f 3202/3202/3355 3203/3203/3356 3254/3254/3407 3253/3253/3406
f 3203/3203/3356 3204/3204/3357 3255/3255/3408 3254/3254/3407
f 3204/3204/3357 3205/3205/3358 3256/3256/3409 3255/3255/3408
f 3205/3205/3358 3206/3206/3359 3257/3257/3410 3256/3256/3409
f 3206/3206/3359 3207/3207/3360 3258/3258/3411 3257/3257/3410
f 3207/3207/3360 3208/3208/3361 3259/3259/3412 3258/3258/3411
f 3208/3208/3361 3209/3209/3362 3260/3260/3413 3259/3259/3412
f 3209/3209/3362 3210/3210/3363 3261/3261/3414 3260/3260/3413
f 3210/3210/3363 3211/3211/3364 3262/3262/3415 3261/3261/3414
f 3211/3211/3364 3212/3212/3365 3263/3263/3416 3262/3262/3415
f 3212/3212/3365 3213/3213/3366 3264/3264/3417 3263/3263/3416
f 3214/3214/3368 3215/3215/3367 3266/3266/3418 3265/3265/3419
f 3215/3215/3367 3216/3216/3369 3267/3267/3420 3266/3266/3418
f 3216/3216/3369 3217/3217/3370 3268/3268/3421 3267/3267/3420
f 3217/3217/3370 3218/3218/3371 3269/3269/3422 3268/3268/3421
f 3218/3218/3371 3219/3219/3372 3270/3270/3423 3269/3269/3422
f 3219/3219/3372 3220/3220/3373 3271/3271/3424 3270/3270/3423
f 3220/3220/3373 3221/3221/3374 3272/3272/3425 3271/3271/3424
f 3221/3221/3374 3222/3222/3375 3273/3273/3426 3272/3272/3425
f 3222/3222/3375 3223/3223/3376 3274/3274/3427 3273/3273/3426
f 3223/3223/3376 3224/3224/3377 3275/3275/3428 3274/3274/3427
f 3224/3224/3377 3225/3225/3378 3276/3276/3429 3275/3275/3428
f 3225/3225/3378 3226/3226/3379 3277/3277/3430 3276/3276/3429
f 3226/3226/3379 3227/3227/3380 3278/3278/3431 3277/3277/3430
f 3227/3227/3380 3228/3228/3381 3279/3279/3432 3278/3278/3431
f 3228/3228/3381 3229/3229/3382 3280/3280/3433 3279/3279/3432
f 3229/3229/3382 3230/3230/3383 3281/3281/3434 3280/3280/3433
f 3230/3230/3383 3231/3231/3384 3282/3282/3435 3281/3281/3434
f 3231/3231/3384 3232/3232/3385 3283/3283/3436 3282/3282/3435
f 3232/3232/3385 3233/3233/3386 3284/3284/3437 3283/3283/3436
f 3233/3233/3386 3234/3234/3387 3285/3285/3438 3284/3284/3437
f 3234/3234/3387 3235/3235/3388 3286/3286/3439 3285/3285/3438
f 3235/3235/3388 3236/3236/3389 3287/3287/3440 3286/3286/3439
f 3236/3236/3389 3237/3237/3390 3288/3288/3441 3287/3287/3440
f 3237/3237/3390 3238/3238/3391 3289/3289/3442 3288/3288/3441
f 3238/3238/3391 3239/3239/3392 3290/3290/3443 3289/3289/3442
f 3239/3239/3392 3240/3240/3393 3291/3291/3444 3290/3290/3443
f 3240/3240/3393 3241/3241/3394 3292/3292/3445 3291/3291/3444
f 3241/3241/3394 3242/3242/3395 3293/3293/3446 3292/3292/3445
f 3242/3242/3395 3243/3243/3396 3294/3294/3447 3293/3293/3446
f 3243/3243/3396 3244/3244/3397 3295/3295/3448 3294/3294/3447
f 3244/3244/3397 3245/3245/3398 3296/3296/3449 3295/3295/3448
f 3245/3245/3398 3246/3246/3399 3297/3297/3450 3296/3296/3449
f 3246/3246/3399 3247/3247/3400 3298/3298/3451 3297/3297/3450
f 3247/3247/3400 3248/3248/3401 3299/3299/3452 3298/3298/3451
f 3248/3248/3401 3249/3249/3402 3300/3300/3453 3299/3299/3452
f 3249/3249/3402 3250/3250/3403 3301/3301/3454 3300/3300/3453
f 3250/3250/3403 3251/3251/3404 3302/3302/3455 3301/3301/3454
f 3251/3251/3404 3252/3252/3405 3303/3303/3456 3302/3302/3455
f 3252/3252/3405 3253/3253/3406 3304/3304/3457 3303/3303/3456
f 3253/3253/3406 3254/3254/3407 3305/3305/3458 3304/3304/3457
f 3254/3254/3407 3255/3255/3408 3306/3306/3459 3305/3305/3458
f 3255/3255/3408 3256/3256/3409 3307/3307/3460 3306/3306/3459
f 3256/3256/3409 3257/3257/3410 3308/3308/3461 3307/3307/3460
f 3257/3257/3410 3258/3258/3411 3309/3309/3462 3308/3308/3461
f 3258/3258/3411 3259/3259/3412 3310/3310/3463 3309/3309/3462
f 3259/3259/3412 3260/3260/3413 3311/3311/3464 3310/3310/3463
f 3260/3260/3413 3261/3261/3414 3312/3312/3465 3311/3311/3464
f 3261/3261/3414 3262/3262/3415 3313/3313/3466 3312/3312/3465
f 3262/3262/3415 3263/3263/3416 3314/3314/3467 3313/3313/3466
f 3263/3263/3416 3264/3264/3417 3315/3315/3468 3314/3314/3467
f 3265/3265/3419 3266/3266/3418 3317/3317/3469 3316/3316/3470
f 3266/3266/3418 3267/3267/3420 3318/3318/3471 3317/3317/3469
f 3267/3267/3420 3268/3268/3421 3319/3319/3472 3318/3318/3471
f 3268/3268/3421 3269/3269/3422 3320/3320/3473 3319/3319/3472
f 3269/3269/3422 3270/3270/3423 3321/3321/3474 3320/3320/3473
f 3270/3270/3423 3271/3271/3424 3322/3322/3475 3321/3321/3474
f 3271/3271/3424 3272/3272/3425 3323/3323/3476 3322/3322/3475
f 3272/3272/3425 3273/3273/3426 3324/3324/3477 3323/3323/3476
f 3273/3273/3426 3274/3274/3427 3325/3325/3478 3324/3324/3477
f 3274/3274/3427 3275/3275/3428 3326/3326/3479 3325/3325/3478
f 3275/3275/3428 3276/3276/3429 3327/3327/3480 3326/3326/3479
f 3276/3276/3429 3277/3277/3430 3328/3328/3481 3327/3327/3480
f 3277/3277/3430 3278/3278/3431 3329/3329/3482 3328/3328/3481
f 3278/3278/3431 3279/3279/3432 3330/3330/3483 3329/3329/3482
f 3279/3279/3432 3280/3280/3433 3331/3331/3484 3330/3330/3483
f 3280/3280/3433 3281/3281/3434 3332/3332/3485 3331/3331/3484
f 3281/3281/3434 3282/3282/3435 3333/3333/3486 3332/3332/3485
f 3282/3282/3435 3283/3283/3436 3334/3334/3487 3333/3333/3486
f 3283/3283/3436 3284/3284/3437 3335/3335/3488 3334/3334/3487
f 3284/3284/3437 3285/3285/3438 3336/3336/3489 3335/3335/3488
f 3285/3285/3438 3286/3286/3439 3337/3337/3490 3336/3336/3489
f 3286/3286/3439 3287/3287/3440 3338/3338/3491 3337/3337/3490
f 3287/3287/3440 3288/3288/3441 3339/3339/3492 3338/3338/3491
f 3288/3288/3441 3289/3289/3442 3340/3340/3493 3339/3339/3492
f 3289/3289/3442 3290/3290/3443 3341/3341/3494 3340/3340/3493
f 3290/3290/3443 3291/3291/3444 3342/3342/3495 3341/3341/3494
f 3291/3291/3444 3292/3292/3445 3343/3343/3496 3342/3342/3495
f 3292/3292/3445 3293/3293/3446 3344/3344/3497 3343/3343/3496
f 3293/3293/3446 3294/3294/3447 3345/3345/3498 3344/3344/3497
f 3294/3294/3447 3295/3295/3448 3346/3346/3499 3345/3345/3498
f 3295/3295/3448 3296/3296/3449 3347/3347/3500 3346/3346/3499
f 3296/3296/3449 3297/3297/3450 3348/3348/3501 3347/3347/3500
f 3297/3297/3450 3298/3298/3451 3349/3349/3502 3348/3348/3501
f 3298/3298/3451 3299/3299/3452 3350/3350/3503 3349/3349/3502
f 3299/3299/3452 3300/3300/3453 3351/3351/3504 3350/3350/3503
f 3300/3300/3453 3301/3301/3454 3352/3352/3505 3351/3351/3504
f 3301/3301/3454 3302/3302/3455 3353/3353/3506 3352/3352/3505
f 3302/3302/3455 3303/3303/3456 3354/3354/3507 3353/3353/3506
f 3303/3303/3456 3304/3304/3457 3355/3355/3508 3354/3354/3507
f 3304/3304/3457 3305/3305/3458 3356/3356/3509 3355/3355/3508
f 3305/3305/3458 3306/3306/3459 3357/3357/3510 3356/3356/3509
f 3306/3306/3459 3307/3307/3460 3358/3358/3511 3357/3357/3510
f 3307/3307/3460 3308/3308/3461 3359/3359/3512 3358/3358/3511
f 3308/3308/3461 3309/3309/3462 3360/3360/3513 3359/3359/3512
f 3309/3309/3462 3310/3310/3463 3361/3361/3514 3360/3360/3513
f 3310/3310/3463 3311/3311/3464 3362/3362/3515 3361/3361/3514
f 3311/3311/3464 3312/3312/3465 3363/3363/3516 3362/3362/3515
f 3312/3312/3465 3313/3313/3466 3364/3364/3517 3363/3363/3516
f 3313/3313/3466 3314/3314/3467 3365/3365/3518 3364/3364/3517
f 3314/3314/3467 3315/3315/3468 3366/3366/3519 3365/3365/3518
f 3316/3316/3470 3317/3317/3469 3368/3368/3520 3367/3367/3521
f 3317/3317/3469 3318/3318/3471 3369/3369/3522 3368/3368/3520
f 3318/3318/3471 3319/3319/3472 3370/3370/3523 3369/3369/3522
f 3319/3319/3472 3320/3320/3473 3371/3371/3524 3370/3370/3523
f 3320/3320/3473 3321/3321/3474 3372/3372/3525 3371/3371/3524
f 3321/3321/3474 3322/3322/3475 3373/3373/3526 3372/3372/3525
f 3322/3322/3475 3323/3323/3476 3374/3374/3527 3373/3373/3526
f 3323/3323/3476 3324/3324/3477 3375/3375/3528 3374/3374/3527
f 3324/3324/3477 3325/3325/3478 3376/3376/3529 3375/3375/3528
f 3325/3325/3478 3326/3326/3479 3377/3377/3530 3376/3376/3529
f 3326/3326/3479 3327/3327/3480 3378/3378/3531 3377/3377/3530
f 3327/3327/3480 3328/3328/3481 3379/3379/3532 3378/3378/3531
f 3328/3328/3481 3329/3329/3482 3380/3380/3533 3379/3379/3532
f 3329/3329/3482 3330/3330/3483 3381/3381/3534 3380/3380/3533
f 3330/3330/3483 3331/3331/3484 3382/3382/3535 3381/3381/3534
f 3331/3331/3484 3332/3332/3485 3383/3383/3536 3382/3382/3535
f 3332/3332/3485 3333/3333/3486 3384/3384/3537 3383/3383/3536
f 3333/3333/3486 3334/3334/3487 3385/3385/3538 3384/3384/3537
f 3334/3334/3487 3335/3335/3488 3386/3386/3539 3385/3385/3538
f 3335/3335/3488 3336/3336/3489 3387/3387/3540 3386/3386/3539
f 3336/3336/3489 3337/3337/3490 3388/3388/3541 3387/3387/3540
f 3337/3337/3490 3338/3338/3491 3389/3389/3542 3388/3388/3541
f 3338/3338/3491 3339/3339/3492 3390/3390/3543 3389/3389/3542
f 3339/3339/3492 3340/3340/3493 3391/3391/3544 3390/3390/3543
f 3340/3340/3493 3341/3341/3494 3392/3392/3545 3391/3391/3544
f 3341/3341/3494 3342/3342/3495 3393/3393/3546 3392/3392/3545
f 3342/3342/3495 3343/3343/3496 3394/3394/3547 3393/3393/3546
f 3343/3343/3496 3344/3344/3497 3395/3395/3548 3394/3394/3547
f 3344/3344/3497 3345/3345/3498 3396/3396/3549 3395/3395/3548
f 3345/3345/3498 3346/3346/3499 3397/3397/3550 3396/3396/3549
f 3346/3346/3499 3347/3347/3500 3398/3398/3551 3397/3397/3550
f 3347/3347/3500 3348/3348/3501 3399/3399/3552 3398/3398/3551
f 3348/3348/3501 3349/3349/3502 3400/3400/3553 3399/3399/3552
f 3349/3349/3502 3350/3350/3503 3401/3401/3554 3400/3400/3553
f 3350/3350/3503 3351/3351/3504 3402/3402/3555 3401/3401/3554
f 3351/3351/3504 3352/3352/3505 3403/3403/3556 3402/3402/3555
f 3352/3352/3505 3353/3353/3506 3404/3404/3557 3403/3403/3556
f 3353/3353/3506 3354/3354/3507 3405/3405/3558 3404/3404/3557
f 3354/3354/3507 3355/3355/3508 3406/3406/3559 3405/3405/3558
f 3355/3355/3508 3356/3356/3509 3407/3407/3560 3406/3406/3559
f 3356/3356/3509 3357/3357/3510 3408/3408/3561 3407/3407/3560
f 3357/3357/3510 3358/3358/3511 3409/3409/3562 3408/3408/3561
f 3358/3358/3511 3359/3359/3512 3410/3410/3563 3409/3409/3562
f 3359/3359/3512 3360/3360/3513 3411/3411/3564 3410/3410/3563
f 3360/3360/3513 3361/3361/3514 3412/3412/3565 3411/3411/3564
f 3361/3361/3514 3362/3362/3515 3413/3413/3566 3412/3412/3565
f 3362/3362/3515 3363/3363/3516 3414/3414/3567 3413/3413/3566
f 3363/3363/3516 3364/3364/3517 3415/3415/3568 3414/3414/3567
f 3364/3364/3517 3365/3365/3518 3416/3416/3569 3415/3415/3568
f 3365/3365/3518 3366/3366/3519 3417/3417/3570 3416/3416/3569
f 3367/3367/3521 3368/3368/3520 3419/3419/3571 3418/3418/3572
f 3368/3368/3520 3369/3369/3522 3420/3420/3573 3419/3419/3571
f 3369/3369/3522 3370/3370/3523 3421/3421/3574 3420/3420/3573
f 3370/3370/3523 3371/3371/3524 3422/3422/3575 3421/3421/3574
f 3371/3371/3524 3372/3372/3525 3423/3423/3576 3422/3422/3575
f 3372/3372/3525 3373/3373/3526 3424/3424/3577 3423/3423/3576
f 3373/3373/3526 3374/3374/3527 3425/3425/3578 3424/3424/3577
f 3374/3374/3527 3375/3375/3528 3426/3426/3579 3425/3425/3578
f 3375/3375/3528 3376/3376/3529 3427/3427/3580 3426/3426/3579
f 3376/3376/3529 3377/3377/3530 3428/3428/3581 3427/3427/3580
f 3377/3377/3530 3378/3378/3531 3429/3429/3582 3428/3428/3581
f 3378/3378/3531 3379/3379/3532 3430/3430/3583 3429/3429/3582
f 3379/3379/3532 3380/3380/3533 3431/3431/3584 3430/3430/3583
f 3380/3380/3533 3381/3381/3534 3432/3432/3585 3431/3431/3584
f 3381/3381/3534 3382/3382/3535 3433/3433/3586 3432/3432/3585
f 3382/3382/3535 3383/3383/3536 3434/3434/3587 3433/3433/3586
f 3383/3383/3536 3384/3384/3537 3435/3435/3588 3434/3434/3587
f 3384/3384/3537 3385/3385/3538 3436/3436/3589 3435/3435/3588
f 3385/3385/3538 3386/3386/3539 3437/3437/3590 3436/3436/3589
f 3386/3386/3539 3387/3387/3540 3438/3438/3591 3437/3437/3590
f 3387/3387/3540 3388/3388/3541 3439/3439/3592 3438/3438/3591
f 3388/3388/3541 3389/3389/3542 3440/3440/3593 3439/3439/3592
f 3389/3389/3542 3390/3390/3543 3441/3441/3594 3440/3440/3593
f 3390/3390/3543 3391/3391/3544 3442/3442/3595 3441/3441/3594
f 3391/3391/3544 3392/3392/3545 3443/3443/3596 3442/3442/3595
f 3392/3392/3545 3393/3393/3546 3444/3444/3597 3443/3443/3596
f 3393/3393/3546 3394/3394/3547 3445/3445/3598 3444/3444/3597
f 3394/3394/3547 3395/3395/3548 3446/3446/3599 3445/3445/3598
f 3395/3395/3548 3396/3396/3549 3447/3447/3600 3446/3446/3599
f 3396/3396/3549 3397/3397/3550 3448/3448/3601 3447/3447/3600
f 3397/3397/3550 3398/3398/3551 3449/3449/3602 3448/3448/3601
f 3398/3398/3551 3399/3399/3552 3450/3450/3603 3449/3449/3602
f 3399/3399/3552 3400/3400/3553 3451/3451/3604 3450/3450/3603
f 3400/3400/3553 3401/3401/3554 3452/3452/3605 3451/3451/3604
f 3401/3401/3554 3402/3402/3555 3453/3453/3606 3452/3452/3605
f 3402/3402/3555 3403/3403/3556 3454/3454/3607 3453/3453/3606
f 3403/3403/3556 3404/3404/3557 3455/3455/3608 3454/3454/3607
f 3404/3404/3557 3405/3405/3558 3456/3456/3609 3455/3455/3608
f 3405/3405/3558 3406/3406/3559 3457/3457/3610 3456/3456/3609
f 3406/3406/3559 3407/3407/3560 3458/3458/3611 3457/3457/3610
f 3407/3407/3560 3408/3408/3561 3459/3459/3612 3458/3458/3611
f 3408/3408/3561 3409/3409/3562 3460/3460/3613 3459/3459/3612
f 3409/3409/3562 3410/3410/3563 3461/3461/3614 3460/3460/3613
f 3410/3410/3563 3411/3411/3564 3462/3462/3615 3461/3461/3614
f 3411/3411/3564 3412/3412/3565 3463/3463/3616 3462/3462/3615
f 3412/3412/3565 3413/3413/3566 3464/3464/3617 3463/3463/3616
f 3413/3413/3566 3414/3414/3567 3465/3465/3618 3464/3464/3617
f 3414/3414/3567 3415/3415/3568 3466/3466/3619 3465/3465/3618
f 3415/3415/3568 3416/3416/3569 3467/3467/3620 3466/3466/3619
f 3416/3416/3569 3417/3417/3570 3468/3468/3621 3467/3467/3620
f 3418/3418/3572 3419/3419/3571 3470/3470/3622 3469/3469/3623
f 3419/3419/3571 3420/3420/3573 3471/3471/3624 3470/3470/3622
f 3420/3420/3573 3421/3421/3574 3472/3472/3625 3471/3471/3624
f 3421/3421/3574 3422/3422/3575 3473/3473/3626 3472/3472/3625
f 3422/3422/3575 3423/3423/3576 3474/3474/3627 3473/3473/3626
f 3423/3423/3576 3424/3424/3577 3475/3475/3628 3474/3474/3627
f 3424/3424/3577 3425/3425/3578 3476/3476/3629 3475/3475/3628
f 3425/3425/3578 3426/3426/3579 3477/3477/3630 3476/3476/3629
f 3426/3426/3579 3427/3427/3580 3478/3478/3631 3477/3477/3630
f 3427/3427/3580 3428/3428/3581 3479/3479/3632 3478/3478/3631
f 3428/3428/3581 3429/3429/3582 3480/3480/3633 3479/3479/3632
f 3429/3429/3582 3430/3430/3583 3481/3481/3634 3480/3480/3633
f 3430/3430/3583 3431/3431/3584 3482/3482/3635 3481/3481/3634
f 3431/3431/3584 3432/3432/3585 3483/3483/3636 3482/3482/3635
f 3432/3432/3585 3433/3433/3586 3484/3484/3637 3483/3483/3636
f 3433/3433/3586 3434/3434/3587 3485/3485/3638 3484/3484/3637
f 3434/3434/3587 3435/3435/3588 3486/3486/3639 3485/3485/3638
f 3435/3435/3588 3436/3436/3589 3487/3487/3640 3486/3486/3639
f 3436/3436/3589 3437/3437/3590 3488/3488/3641 3487/3487/3640
f 3437/3437/3590 3438/3438/3591 3489/3489/3642 3488/3488/3641
f 3438/3438/3591 3439/3439/3592 3490/3490/3643 3489/3489/3642
f 3439/3439/3592 3440/3440/3593 3491/3491/3644 3490/3490/3643
f 3440/3440/3593 3441/3441/3594 3492/3492/3645 3491/3491/3644
f 3441/3441/3594 3442/3442/3595 3493/3493/3646 3492/3492/3645
f 3442/3442/3595 3443/3443/3596 3494/3494/3647 3493/3493/3646
f 3443/3443/3596 3444/3444/3597 3495/3495/3648 3494/3494/3647
f 3444/3444/3597 3445/3445/3598 3496/3496/3649 3495/3495/3648
f 3445/3445/3598 3446/3446/3599 3497/3497/3650 3496/3496/3649
f 3446/3446/3599 3447/3447/3600 3498/3498/3651 3497/3497/3650
f 3447/3447/3600 3448/3448/3601 3499/3499/3652 3498/3498/3651
f 3448/3448/3601 3449/3449/3602 3500/3500/3653 3499/3499/3652
f 3449/3449/3602 3450/3450/3603 3501/3501/3654 3500/3500/3653
f 3450/3450/3603 3451/3451/3604 3502/3502/3655 3501/3501/3654
f 3451/3451/3604 3452/3452/3605 3503/3503/3656 3502/3502/3655
f 3452/3452/3605 3453/3453/3606 3504/3504/3657 3503/3503/3656
f 3453/3453/3606 3454/3454/3607 3505/3505/3658 3504/3504/3657
f 3454/3454/3607 3455/3455/3608 3506/3506/3659 3505/3505/3658
f 3455/3455/3608 3456/3456/3609 3507/3507/3660 3506/3506/3659
f 3456/3456/3609 3457/3457/3610 3508/3508/3661 3507/3507/3660
f 3457/3457/3610 3458/3458/3611 3509/3509/3662 3508/3508/3661
f 3458/3458/3611 3459/3459/3612 3510/3510/3663 3509/3509/3662
f 3459/3459/3612 3460/3460/3613 3511/3511/3664 3510/3510/3663
f 3460/3460/3613 3461/3461/3614 3512/3512/3665 3511/3511/3664
f 3461/3461/3614 3462/3462/3615 3513/3513/3666 3512/3512/3665
f 3462/3462/3615 3463/3463/3616 3514/3514/3667 3513/3513/3666
f 3463/3463/3616 3464/3464/3617 3515/3515/3668 3514/3514/3667
f 3464/3464/3617 3465/3465/3618 3516/3516/3669 3515/3515/3668
f 3465/3465/3618 3466/3466/3619 3517/3517/3670 3516/3516/3669
f 3466/3466/3619 3467/3467/3620 3518/3518/3671 3517/3517/3670
f 3467/3467/3620 3468/3468/3621 3519/3519/3672 3518/3518/3671
f 3469/3469/3623 3470/3470/3622 3521/3521/3673 3520/3520/3674
f 3470/3470/3622 3471/3471/3624 3522/3522/3675 3521/3521/3673
f 3471/3471/3624 3472/3472/3625 3523/3523/3676 3522/3522/3675
f 3472/3472/3625 3473/3473/3626 3524/3524/3677 3523/3523/3676
f 3473/3473/3626 3474/3474/3627 3525/3525/3678 3524/3524/3677
f 3474/3474/3627 3475/3475/3628 3526/3526/3679 3525/3525/3678
f 3475/3475/3628 3476/3476/3629 3527/3527/3680 3526/3526/3679
f 3476/3476/3629 3477/3477/3630 3528/3528/3681 3527/3527/3680
f 3477/3477/3630 3478/3478/3631 3529/3529/3682 3528/3528/3681
f 3478/3478/3631 3479/3479/3632 3530/3530/3683 3529/3529/3682
f 3479/3479/3632 3480/3480/3633 3531/3531/3684 3530/3530/3683
f 3480/3480/3633 3481/3481/3634 3532/3532/3685 3531/3531/3684
f 3481/3481/3634 3482/3482/3635 3533/3533/3686 3532/3532/3685
f 3482/3482/3635 3483/3483/3636 3534/3534/3687 3533/3533/3686
f 3483/3483/3636 3484/3484/3637 3535/3535/3688 3534/3534/3687
f 3484/3484/3637 3485/3485/3638 3536/3536/3689 3535/3535/3688
f 3485/3485/3638 3486/3486/3639 3537/3537/3690 3536/3536/3689
f 3486/3486/3639 3487/3487/3640 3538/3538/3691 3537/3537/3690
f 3487/3487/3640 3488/3488/3641 3539/3539/3692 3538/3538/3691
f 3488/3488/3641 3489/3489/3642 3540/3540/3693 3539/3539/3692
f 3489/3489/3642 3490/3490/3643 3541/3541/3694 3540/3540/3693
f 3490/3490/3643 3491/3491/3644 3542/3542/3695 3541/3541/3694
f 3491/3491/3644 3492/3492/3645 3543/3543/3696 3542/3542/3695
f 3492/3492/3645 3493/3493/3646 3544/3544/3697 3543/3543/3696
f 3493/3493/3646 3494/3494/3647 3545/3545/3698 3544/3544/3697
f 3494/3494/3647 3495/3495/3648 3546/3546/3699 3545/3545/3698
f 3495/3495/3648 3496/3496/3649 3547/3547/3700 3546/3546/3699
f 3496/3496/3649 3497/3497/3650 3548/3548/3701 3547/3547/3700
f 3497/3497/3650 3498/3498/3651 3549/3549/3702 3548/3548/3701
f 3498/3498/3651 3499/3499/3652 3550/3550/3703 3549/3549/3702
f 3499/3499/3652 3500/3500/3653 3551/3551/3704 3550/3550/3703
f 3500/3500/3653 3501/3501/3654 3552/3552/3705 3551/3551/3704
f 3501/3501/3654 3502/3502/3655 3553/3553/3706 3552/3552/3705
f 3502/3502/3655 3503/3503/3656 3554/3554/3707 3553/3553/3706
f 3503/3503/3656 3504/3504/3657 3555/3555/3708 3554/3554/3707
f 3504/3504/3657 3505/3505/3658 3556/3556/3709 3555/3555/3708
f 3505/3505/3658 3506/3506/3659 3557/3557/3710 3556/3556/3709
f 3506/3506/3659 3507/3507/3660 3558/3558/3711 3557/3557/3710
f 3507/3507/3660 3508/3508/3661 3559/3559/3712 3558/3558/3711
f 3508/3508/3661 3509/3509/3662 3560/3560/3713 3559/3559/3712
f 3509/3509/3662 3510/3510/3663 3561/3561/3714 3560/3560/3713
f 3510/3510/3663 3511/3511/3664 3562/3562/3715 3561/3561/3714
f 3511/3511/3664 3512/3512/3665 3563/3563/3716 3562/3562/3715
f 3512/3512/3665 3513/3513/3666 3564/3564/3717 3563/3563/3716
f 3513/3513/3666 3514/3514/3667 3565/3565/3718 3564/3564/3717
f 3514/3514/3667 3515/3515/3668 3566/3566/3719 3565/3565/3718
f 3515/3515/3668 3516/3516/3669 3567/3567/3720 3566/3566/3719
f 3516/3516/3669 3517/3517/3670 3568/3568/3721 3567/3567/3720
f 3517/3517/3670 3518/3518/3671 3569/3569/3722 3568/3568/3721
f 3518/3518/3671 3519/3519/3672 3570/3570/3723 3569/3569/3722
f 3520/3520/3674 3521/3521/3673 3572/3572/3724 3571/3571/3725
f 3521/3521/3673 3522/3522/3675 3573/3573/3726 3572/3572/3724
f 3522/3522/3675 3523/3523/3676 3574/3574/3727 3573/3573/3726
f 3523/3523/3676 3524/3524/3677 3575/3575/3728 3574/3574/3727
f 3524/3524/3677 3525/3525/3678 3576/3576/3729 3575/3575/3728
f 3525/3525/3678 3526/3526/3679 3577/3577/3730 3576/3576/3729
f 3526/3526/3679 3527/3527/3680 3578/3578/3731 3577/3577/3730
f 3527/3527/3680 3528/3528/3681 3579/3579/3732 3578/3578/3731
f 3528/3528/3681 3529/3529/3682 3580/3580/3733 3579/3579/3732
f 3529/3529/3682 3530/3530/3683 3581/3581/3734 3580/3580/3733
f 3530/3530/3683 3531/3531/3684 3582/3582/3735 3581/3581/3734
f 3531/3531/3684 3532/3532/3685 3583/3583/3736 3582/3582/3735
f 3532/3532/3685 3533/3533/3686 3584/3584/3737 3583/3583/3736
f 3533/3533/3686 3534/3534/3687 3585/3585/3738 3584/3584/3737
f 3534/3534/3687 3535/3535/3688 3586/3586/3739 3585/3585/3738
f 3535/3535/3688 3536/3536/3689 3587/3587/3740 3586/3586/3739
f 3536/3536/3689 3537/3537/3690 3588/3588/3741 3587/3587/3740
f 3537/3537/3690 3538/3538/3691 3589/3589/3742 3588/3588/3741
f 3538/3538/3691 3539/3539/3692 3590/3590/3743 3589/3589/3742
f 3539/3539/3692 3540/3540/3693 3591/3591/3744 3590/3590/3743
f 3540/3540/3693 3541/3541/3694 3592/3592/3745 3591/3591/3744
f 3541/3541/3694 3542/3542/3695 3593/3593/3746 3592/3592/3745
f 3542/3542/3695 3543/3543/3696 3594/3594/3747 3593/3593/3746
f 3543/3543/3696 3544/3544/3697 3595/3595/3748 3594/3594/3747
f 3544/3544/3697 3545/3545/3698 3596/3596/3749 3595/3595/3748
f 3545/3545/3698 3546/3546/3699 3597/3597/3750 3596/3596/3749
f 3546/3546/3699 3547/3547/3700 3598/3598/3751 3597/3597/3750
f 3547/3547/3700 3548/3548/3701 3599/3599/3752 3598/3598/3751
f 3548/3548/3701 3549/3549/3702 3600/3600/3753 3599/3599/3752
f 3549/3549/3702 3550/3550/3703 3601/3601/3754 3600/3600/3753
f 3550/3550/3703 3551/3551/3704 3602/3602/3755 3601/3601/3754
f 3551/3551/3704 3552/3552/3705 3603/3603/3756 3602/3602/3755
f 3552/3552/3705 3553/3553/3706 3604/3604/3757 3603/3603/3756
f 3553/3553/3706 3554/3554/3707 3605/3605/3758 3604/3604/3757
f 3554/3554/3707 3555/3555/3708 3606/3606/3759 3605/3605/3758
f 3555/3555/3708 3556/3556/3709 3607/3607/3760 3606/3606/3759
f 3556/3556/3709 3557/3557/3710 3608/3608/3761 3607/3607/3760
f 3557/3557/3710 3558/3558/3711 3609/3609/3762 3608/3608/3761
f 3558/3558/3711 3559/3559/3712 3610/3610/3763 3609/3609/3762
f 3559/3559/3712 3560/3560/3713 3611/3611/3764 3610/3610/3763
f 3560/3560/3713 3561/3561/3714 3612/3612/3765 3611/3611/3764
f 3561/3561/3714 3562/3562/3715 3613/3613/3766 3612/3612/3765
f 3562/3562/3715 3563/3563/3716 3614/3614/3767 3613/3613/3766
f 3563/3563/3716 3564/3564/3717 3615/3615/3768 3614/3614/3767
f 3564/3564/3717 3565/3565/3718 3616/3616/3769 3615/3615/3768
f 3565/3565/3718 3566/3566/3719 3617/3617/3770 3616/3616/3769
f 3566/3566/3719 3567/3567/3720 3618/3618/3771 3617/3617/3770
f 3567/3567/3720 3568/3568/3721 3619/3619/3772 3618/3618/3771
f 3568/3568/3721 3569/3569/3722 3620/3620/3773 3619/3619/3772
f 3569/3569/3722 3570/3570/3723 3621/3621/3774 3620/3620/3773
f 3571/3571/3725 3572/3572/3724 3623/3623/3775 3622/3622/3776
f 3572/3572/3724 3573/3573/3726 3624/3624/3777 3623/3623/3775
f 3573/3573/3726 3574/3574/3727 3625/3625/3778 3624/3624/3777
f 3574/3574/3727 3575/3575/3728 3626/3626/3779 3625/3625/3778
f 3575/3575/3728 3576/3576/3729 3627/3627/3780 3626/3626/3779
f 3576/3576/3729 3577/3577/3730 3628/3628/3781 3627/3627/3780
f 3577/3577/3730 3578/3578/3731 3629/3629/3782 3628/3628/3781
f 3578/3578/3731 3579/3579/3732 3630/3630/3783 3629/3629/3782
f 3579/3579/3732 3580/3580/3733 3631/3631/3784 3630/3630/3783
f 3580/3580/3733 3581/3581/3734 3632/3632/3785 3631/3631/3784
f 3581/3581/3734 3582/3582/3735 3633/3633/3786 3632/3632/3785
f 3582/3582/3735 3583/3583/3736 3634/3634/3787 3633/3633/3786
f 3583/3583/3736 3584/3584/3737 3635/3635/3788 3634/3634/3787
f 3584/3584/3737 3585/3585/3738 3636/3636/3789 3635/3635/3788
f 3585/3585/3738 3586/3586/3739 3637/3637/3790 3636/3636/3789
f 3586/3586/3739 3587/3587/3740 3638/3638/3791 3637/3637/3790
f 3587/3587/3740 3588/3588/3741 3639/3639/3792 3638/3638/3791
f 3588/3588/3741 3589/3589/3742 3640/3640/3793 3639/3639/3792
f 3589/3589/3742 3590/3590/3743 3641/3641/3794 3640/3640/3793
f 3590/3590/3743 3591/3591/3744 3642/3642/3795 3641/3641/3794
f 3591/3591/3744 3592/3592/3745 3643/3643/3796 3642/3642/3795
f 3592/3592/3745 3593/3593/3746 3644/3644/3797 3643/3643/3796
f 3593/3593/3746 3594/3594/3747 3645/3645/3798 3644/3644/3797
f 3594/3594/3747 3595/3595/3748 3646/3646/3799 3645/3645/3798
f 3595/3595/3748 3596/3596/3749 3647/3647/3800 3646/3646/3799
f 3596/3596/3749 3597/3597/3750 3648/3648/3801 3647/3647/3800
f 3597/3597/3750 3598/3598/3751 3649/3649/3802 3648/3648/3801
f 3598/3598/3751 3599/3599/3752 3650/3650/3803 3649/3649/3802
f 3599/3599/3752 3600/3600/3753 3651/3651/3804 3650/3650/3803
f 3600/3600/3753 3601/3601/3754 3652/3652/3805 3651/3651/3804
f 3601/3601/3754 3602/3602/3755 3653/3653/3806 3652/3652/3805
f 3602/3602/3755 3603/3603/3756 3654/3654/3807 3653/3653/3806
f 3603/3603/3756 3604/3604/3757 3655/3655/3808 3654/3654/3807
f 3604/3604/3757 3605/3605/3758 3656/3656/3809 3655/3655/3808
f 3605/3605/3758 3606/3606/3759 3657/3657/3810 3656/3656/3809
f 3606/3606/3759 3607/3607/3760 3658/3658/3811 3657/3657/3810
f 3607/3607/3760 3608/3608/3761 3659/3659/3812 3658/3658/3811
f 3608/3608/3761 3609/3609/3762 3660/3660/3813 3659/3659/3812
f 3609/3609/3762 3610/3610/3763 3661/3661/3814 3660/3660/3813
f 3610/3610/3763 3611/3611/3764 3662/3662/3815 3661/3661/3814
f 3611/3611/3764 3612/3612/3765 3663/3663/3816 3662/3662/3815
f 3612/3612/3765 3613/3613/3766 3664/3664/3817 3663/3663/3816
f 3613/3613/3766 3614/3614/3767 3665/3665/3818 3664/3664/3817
f 3614/3614/3767 3615/3615/3768 3666/3666/3819 3665/3665/3818
f 3615/3615/3768 3616/3616/3769 3667/3667/3820 3666/3666/3819
f 3616/3616/3769 3617/3617/3770 3668/3668/3821 3667/3667/3820
f 3617/3617/3770 3618/3618/3771 3669/3669/3822 3668/3668/3821
f 3618/3618/3771 3619/3619/3772 3670/3670/3823 3669/3669/3822
f 3619/3619/3772 3620/3620/3773 3671/3671/3824 3670/3670/3823
f 3620/3620/3773 3621/3621/3774 3672/3672/3825 3671/3671/3824
f 3622/3622/3776 3623/3623/3775 3674/3674/3826 3673/3673/3827
f 3623/3623/3775 3624/3624/3777 3675/3675/3828 3674/3674/3826
f 3624/3624/3777 3625/3625/3778 3676/3676/3829 3675/3675/3828
f 3625/3625/3778 3626/3626/3779 3677/3677/3830 3676/3676/3829
f 3626/3626/3779 3627/3627/3780 3678/3678/3831 3677/3677/3830
f 3627/3627/3780 3628/3628/3781 3679/3679/3832 3678/3678/3831
f 3628/3628/3781 3629/3629/3782 3680/3680/3833 3679/3679/3832
f 3629/3629/3782 3630/3630/3783 3681/3681/3834 3680/3680/3833
f 3630/3630/3783 3631/3631/3784 3682/3682/3835 3681/3681/3834
f 3631/3631/3784 3632/3632/3785 3683/3683/3836 3682/3682/3835
f 3632/3632/3785 3633/3633/3786 3684/3684/3837 3683/3683/3836
f 3633/3633/3786 3634/3634/3787 3685/3685/3838 3684/3684/3837
f 3634/3634/3787 3635/3635/3788 3686/3686/3839 3685/3685/3838
f 3635/3635/3788 3636/3636/3789 3687/3687/3840 3686/3686/3839
f 3636/3636/3789 3637/3637/3790 3688/3688/3841 3687/3687/3840
f 3637/3637/3790 3638/3638/3791 3689/3689/3842 3688/3688/3841
f 3638/3638/3791 3639/3639/3792 3690/3690/3843 3689/3689/3842
f 3639/3639/3792 3640/3640/3793 3691/3691/3844 3690/3690/3843
f 3640/3640/3793 3641/3641/3794 3692/3692/3845 3691/3691/3844
f 3641/3641/3794 3642/3642/3795 3693/3693/3846 3692/3692/3845
f 3642/3642/3795 3643/3643/3796 3694/3694/3847 3693/3693/3846
f 3643/3643/3796 3644/3644/3797 3695/3695/3848 3694/3694/3847
f 3644/3644/3797 3645/3645/3798 3696/3696/3849 3695/3695/3848
f 3645/3645/3798 3646/3646/3799 3697/3697/3850 3696/3696/3849
f 3646/3646/3799 3647/3647/3800 3698/3698/3851 3697/3697/3850
f 3647/3647/3800 3648/3648/3801 3699/3699/3852 3698/3698/3851
f 3648/3648/3801 3649/3649/3802 3700/3700/3853 3699/3699/3852
f 3649/3649/3802 3650/3650/3803 3701/3701/3854 3700/3700/3853
f 3650/3650/3803 3651/3651/3804 3702/3702/3855 3701/3701/3854
f 3651/3651/3804 3652/3652/3805 3703/3703/3856 3702/3702/3855
f 3652/3652/3805 3653/3653/3806 3704/3704/3857 3703/3703/3856
f 3653/3653/3806 3654/3654/3807 3705/3705/3858 3704/3704/3857
f 3654/3654/3807 3655/3655/3808 3706/3706/3859 3705/3705/3858
f 3655/3655/3808 3656/3656/3809 3707/3707/3860 3706/3706/3859
f 3656/3656/3809 3657/3657/3810 3708/3708/3861 3707/3707/3860
f 3657/3657/3810 3658/3658/3811 3709/3709/3862 3708/3708/3861
f 3658/3658/3811 3659/3659/3812 3710/3710/3863 3709/3709/3862
f 3659/3659/3812 3660/3660/3813 3711/3711/3864 3710/3710/3863
f 3660/3660/3813 3661/3661/3814 3712/3712/3865 3711/3711/3864
f 3661/3661/3814 3662/3662/3815 3713/3713/3866 3712/3712/3865
f 3662/3662/3815 3663/3663/3816 3714/3714/3867 3713/3713/3866
f 3663/3663/3816 3664/3664/3817 3715/3715/3868 3714/3714/3867
f 3664/3664/3817 3665/3665/3818 3716/3716/3869 3715/3715/3868
f 3665/3665/3818 3666/3666/3819 3717/3717/3870 3716/3716/3869
f 3666/3666/3819 3667/3667/3820 3718/3718/3871 3717/3717/3870
f 3667/3667/3820 3668/3668/3821 3719/3719/3872 3718/3718/3871
f 3668/3668/3821 3669/3669/3822 3720/3720/3873 3719/3719/3872
f 3669/3669/3822 3670/3670/3823 3721/3721/3874 3720/3720/3873
f 3670/3670/3823 3671/3671/3824 3722/3722/3875 3721/3721/3874
f 3671/3671/3824 3672/3672/3825 3723/3723/3876 3722/3722/3875
f 3673/3673/3827 3674/3674/3826 3725/3725/3877 3724/3724/3878
f 3674/3674/3826 3675/3675/3828 3726/3726/3879 3725/3725/3877
f 3675/3675/3828 3676/3676/3829 3727/3727/3880 3726/3726/3879
f 3676/3676/3829 3677/3677/3830 3728/3728/3881 3727/3727/3880
f 3677/3677/3830 3678/3678/3831 3729/3729/3882 3728/3728/3881
f 3678/3678/3831 3679/3679/3832 3730/3730/3883 3729/3729/3882
f 3679/3679/3832 3680/3680/3833 3731/3731/3884 3730/3730/3883
f 3680/3680/3833 3681/3681/3834 3732/3732/3885 3731/3731/3884
f 3681/3681/3834 3682/3682/3835 3733/3733/3886 3732/3732/3885
f 3682/3682/3835 3683/3683/3836 3734/3734/3887 3733/3733/3886
f 3683/3683/3836 3684/3684/3837 3735/3735/3888 3734/3734/3887
f 3684/3684/3837 3685/3685/3838 3736/3736/3889 3735/3735/3888
f 3685/3685/3838 3686/3686/3839 3737/3737/3890 3736/3736/3889
f 3686/3686/3839 3687/3687/3840 3738/3738/3891 3737/3737/3890
f 3687/3687/3840 3688/3688/3841 3739/3739/3892 3738/3738/3891
f 3688/3688/3841 3689/3689/3842 3740/3740/3893 3739/3739/3892
f 3689/3689/3842 3690/3690/3843 3741/3741/3894 3740/3740/3893
f 3690/3690/3843 3691/3691/3844 3742/3742/3895 3741/3741/3894
f 3691/3691/3844 3692/3692/3845 3743/3743/3896 3742/3742/3895
f 3692/3692/3845 3693/3693/3846 3744/3744/3897 3743/3743/3896
f 3693/3693/3846 3694/3694/3847 3745/3745/3898 3744/3744/3897
f 3694/3694/3847 3695/3695/3848 3746/3746/3899 3745/3745/3898
f 3695/3695/3848 3696/3696/3849 3747/3747/3900 3746/3746/3899
f 3696/3696/3849 3697/3697/3850 3748/3748/3901 3747/3747/3900
f 3697/3697/3850 3698/3698/3851 3749/3749/3902 3748/3748/3901
f 3698/3698/3851 3699/3699/3852 3750/3750/3903 3749/3749/3902
f 3699/3699/3852 3700/3700/3853 3751/3751/3904 3750/3750/3903
f 3700/3700/3853 3701/3701/3854 3752/3752/3905 3751/3751/3904
f 3701/3701/3854 3702/3702/3855 3753/3753/3906 3752/3752/3905
f 3702/3702/3855 3703/3703/3856 3754/3754/3907 3753/3753/3906
f 3703/3703/3856 3704/3704/3857 3755/3755/3908 3754/3754/3907
f 3704/3704/3857 3705/3705/3858 3756/3756/3909 3755/3755/3908
f 3705/3705/3858 3706/3706/3859 3757/3757/3910 3756/3756/3909
f 3706/3706/3859 3707/3707/3860 3758/3758/3911 3757/3757/3910
f 3707/3707/3860 3708/3708/3861 3759/3759/3912 3758/3758/3911
f 3708/3708/3861 3709/3709/3862 3760/3760/3913 3759/3759/3912
f 3709/3709/3862 3710/3710/3863 3761/3761/3914 3760/3760/3913
f 3710/3710/3863 3711/3711/3864 3762/3762/3915 3761/3761/3914
f 3711/3711/3864 3712/3712/3865 3763/3763/3916 3762/3762/3915
f 3712/3712/3865 3713/3713/3866 3764/3764/3917 3763/3763/3916
f 3713/3713/3866 3714/3714/3867 3765/3765/3918 3764/3764/3917
f 3714/3714/3867 3715/3715/3868 3766/3766/3919 3765/3765/3918
f 3715/3715/3868 3716/3716/3869 3767/3767/3920 3766/3766/3919
f 3716/3716/3869 3717/3717/3870 3768/3768/3921 3767/3767/3920
f 3717/3717/3870 3718/3718/3871 3769/3769/3922 3768/3768/3921
f 3718/3718/3871 3719/3719/3872 3770/3770/3923 3769/3769/3922
f 3719/3719/3872 3720/3720/3873 3771/3771/3924 3770/3770/3923
f 3720/3720/3873 3721/3721/3874 3772/3772/3925 3771/3771/3924
f 3721/3721/3874 3722/3722/3875 3773/3773/3926 3772/3772/3925
f 3722/3722/3875 3723/3723/3876 3774/3774/3927 3773/3773/3926
f 3724/3724/3878 3725/3725/3877 3776/3776/3928 3775/3775/3929
f 3725/3725/3877 3726/3726/3879 3777/3777/3930 3776/3776/3928
f 3726/3726/3879 3727/3727/3880 3778/3778/3931 3777/3777/3930
f 3727/3727/3880 3728/3728/3881 3779/3779/3932 3778/3778/3931
f 3728/3728/3881 3729/3729/3882 3780/3780/3933 3779/3779/3932
f 3729/3729/3882 3730/3730/3883 3781/3781/3934 3780/3780/3933
f 3730/3730/3883 3731/3731/3884 3782/3782/3935 3781/3781/3934
f 3731/3731/3884 3732/3732/3885 3783/3783/3936 3782/3782/3935
f 3732/3732/3885 3733/3733/3886 3784/3784/3937 3783/3783/3936
f 3733/3733/3886 3734/3734/3887 3785/3785/3938 3784/3784/3937
f 3734/3734/3887 3735/3735/3888 3786/3786/3939 3785/3785/3938
f 3735/3735/3888 3736/3736/3889 3787/3787/3940 3786/3786/3939
f 3736/3736/3889 3737/3737/3890 3788/3788/3941 3787/3787/3940
f 3737/3737/3890 3738/3738/3891 3789/3789/3942 3788/3788/3941
f 3738/3738/3891 3739/3739/3892 3790/3790/3943 3789/3789/3942
f 3739/3739/3892 3740/3740/3893 3791/3791/3944 3790/3790/3943
f 3740/3740/3893 3741/3741/3894 3792/3792/3945 3791/3791/3944
f 3741/3741/3894 3742/3742/3895 3793/3793/3946 3792/3792/3945
f 3742/3742/3895 3743/3743/3896 3794/3794/3947 3793/3793/3946
f 3743/3743/3896 3744/3744/3897 3795/3795/3948 3794/3794/3947
f 3744/3744/3897 3745/3745/3898 3796/3796/3949 3795/3795/3948
f 3745/3745/3898 3746/3746/3899 3797/3797/3950 3796/3796/3949
f 3746/3746/3899 3747/3747/3900 3798/3798/3951 3797/3797/3950
f 3747/3747/3900 3748/3748/3901 3799/3799/3952 3798/3798/3951
f 3748/3748/3901 3749/3749/3902 3800/3800/3953 3799/3799/3952
f 3749/3749/3902 3750/3750/3903 3801/3801/3954 3800/3800/3953
f 3750/3750/3903 3751/3751/3904 3802/3802/3955 3801/3801/3954
f 3751/3751/3904 3752/3752/3905 3803/3803/3956 3802/3802/3955
f 3752/3752/3905 3753/3753/3906 3804/3804/3957 3803/3803/3956
f 3753/3753/3906 3754/3754/3907 3805/3805/3958 3804/3804/3957
f 3754/3754/3907 3755/3755/3908 3806/3806/3959 3805/3805/3958
f 3755/3755/3908 3756/3756/3909 3807/3807/3960 3806/3806/3959
f 3756/3756/3909 3757/3757/3910 3808/3808/3961 3807/3807/3960
f 3757/3757/3910 3758/3758/3911 3809/3809/3962 3808/3808/3961
f 3758/3758/3911 3759/3759/3912 3810/3810/3963 3809/3809/3962
f 3759/3759/3912 3760/3760/3913 3811/3811/3964 3810/3810/3963
f 3760/3760/3913 3761/3761/3914 3812/3812/3965 3811/3811/3964
f 3761/3761/3914 3762/3762/3915 3813/3813/3966 3812/3812/3965
f 3762/3762/3915 3763/3763/3916 3814/3814/3967 3813/3813/3966
f 3763/3763/3916 3764/3764/3917 3815/3815/3968 3814/3814/3967
f 3764/3764/3917 3765/3765/3918 3816/3816/3969 3815/3815/3968
f 3765/3765/3918 3766/3766/3919 3817/3817/3970 3816/3816/3969
f 3766/3766/3919 3767/3767/3920 3818/3818/3971 3817/3817/3970
f 3767/3767/3920 3768/3768/3921 3819/3819/3972 3818/3818/3971
f 3768/3768/3921 3769/3769/3922 3820/3820/3973 3819/3819/3972
f 3769/3769/3922 3770/3770/3923 3821/3821/3974 3820/3820/3973
f 3770/3770/3923 3771/3771/3924 3822/3822/3975 3821/3821/3974
f 3771/3771/3924 3772/3772/3925 3823/3823/3976 3822/3822/3975
f 3772/3772/3925 3773/3773/3926 3824/3824/3977 3823/3823/3976
f 3773/3773/3926 3774/3774/3927 3825/3825/3978 3824/3824/3977
f 3775/3775/3929 3776/3776/3928 3827/3827/3979 3826/3826/3980
f 3776/3776/3928 3777/3777/3930 3828/3828/3981 3827/3827/3979
f 3777/3777/3930 3778/3778/3931 3829/3829/3982 3828/3828/3981
f 3778/3778/3931 3779/3779/3932 3830/3830/3983 3829/3829/3982
f 3779/3779/3932 3780/3780/3933 3831/3831/3984 3830/3830/3983
f 3780/3780/3933 3781/3781/3934 3832/3832/3985 3831/3831/3984
f 3781/3781/3934 3782/3782/3935 3833/3833/3986 3832/3832/3985
f 3782/3782/3935 3783/3783/3936 3834/3834/3987 3833/3833/3986
f 3783/3783/3936 3784/3784/3937 3835/3835/3988 3834/3834/3987
f 3784/3784/3937 3785/3785/3938 3836/3836/3989 3835/3835/3988
f 3785/3785/3938 3786/3786/3939 3837/3837/3990 3836/3836/3989
f 3786/3786/3939 3787/3787/3940 3838/3838/3991 3837/3837/3990
f 3787/3787/3940 3788/3788/3941 3839/3839/3992 3838/3838/3991
f 3788/3788/3941 3789/3789/3942 3840/3840/3993 3839/3839/3992
f 3789/3789/3942 3790/3790/3943 3841/3841/3994 3840/3840/3993
f 3790/3790/3943 3791/3791/3944 3842/3842/3995 3841/3841/3994
f 3791/3791/3944 3792/3792/3945 3843/3843/3996 3842/3842/3995
f 3792/3792/3945 3793/3793/3946 3844/3844/3997 3843/3843/3996
f 3793/3793/3946 3794/3794/3947 3845/3845/3998 3844/3844/3997
f 3794/3794/3947 3795/3795/3948 3846/3846/3999 3845/3845/3998
f 3795/3795/3948 3796/3796/3949 3847/3847/4000 3846/3846/3999
f 3796/3796/3949 3797/3797/3950 3848/3848/4001 3847/3847/4000
f 3797/3797/3950 3798/3798/3951 3849/3849/4002 3848/3848/4001
f 3798/3798/3951 3799/3799/3952 3850/3850/4003 3849/3849/4002
f 3799/3799/3952 3800/3800/3953 3851/3851/4004 3850/3850/4003
f 3800/3800/3953 3801/3801/3954 3852/3852/4005 3851/3851/4004
f 3801/3801/3954 3802/3802/3955 3853/3853/4006 3852/3852/4005
f 3802/3802/3955 3803/3803/3956 3854/3854/4007 3853/3853/4006
f 3803/3803/3956 3804/3804/3957 3855/3855/4008 3854/3854/4007
f 3804/3804/3957 3805/3805/3958 3856/3856/4009 3855/3855/4008
f 3805/3805/3958 3806/3806/3959 3857/3857/4010 3856/3856/4009
f 3806/3806/3959 3807/3807/3960 3858/3858/4011 3857/3857/4010
f 3807/3807/3960 3808/3808/3961 3859/3859/4012 3858/3858/4011
f 3808/3808/3961 3809/3809/3962 3860/3860/4013 3859/3859/4012
f 3809/3809/3962 3810/3810/3963 3861/3861/4014 3860/3860/4013
f 3810/3810/3963 3811/3811/3964 3862/3862/4015 3861/3861/4014
f 3811/3811/3964 3812/3812/3965 3863/3863/4016 3862/3862/4015
f 3812/3812/3965 3813/3813/3966 3864/3864/4017 3863/3863/4016
f 3813/3813/3966 3814/3814/3967 3865/3865/4018 3864/3864/4017
f 3814/3814/3967 3815/3815/3968 3866/3866/4019 3865/3865/4018
f 3815/3815/3968 3816/3816/3969 3867/3867/4020 3866/3866/4019
f 3816/3816/3969 3817/3817/3970 3868/3868/4021 3867/3867/4020
f 3817/3817/3970 3818/3818/3971 3869/3869/4022 3868/3868/4021
f 3818/3818/3971 3819/3819/3972 3870/3870/4023 3869/3869/4022
f 3819/3819/3972 3820/3820/3973 3871/3871/4024 3870/3870/4023
f 3820/3820/3973 3821/3821/3974 3872/3872/4025 3871/3871/4024
f 3821/3821/3974 3822/3822/3975 3873/3873/4026 3872/3872/4025
f 3822/3822/3975 3823/3823/3976 3874/3874/4027 3873/3873/4026
f 3823/3823/3976 3824/3824/3977 3875/3875/4028 3874/3874/4027
f 3824/3824/3977 3825/3825/3978 3876/3876/4029 3875/3875/4028
f 3826/3826/3980 3827/3827/3979 3878/3878/4030 3877/3877/4031
f 3827/3827/3979 3828/3828/3981 3879/3879/4032 3878/3878/4030
f 3828/3828/3981 3829/3829/3982 3880/3880/4033 3879/3879/4032
f 3829/3829/3982 3830/3830/3983 3881/3881/4034 3880/3880/4033
f 3830/3830/3983 3831/3831/3984 3882/3882/4035 3881/3881/4034
f 3831/3831/3984 3832/3832/3985 3883/3883/4036 3882/3882/4035
f 3832/3832/3985 3833/3833/3986 3884/3884/4037 3883/3883/4036
f 3833/3833/3986 3834/3834/3987 3885/3885/4038 3884/3884/4037
f 3834/3834/3987 3835/3835/3988 3886/3886/4039 3885/3885/4038
f 3835/3835/3988 3836/3836/3989 3887/3887/4040 3886/3886/4039
f 3836/3836/3989 3837/3837/3990 3888/3888/4041 3887/3887/4040
f 3837/3837/3990 3838/3838/3991 3889/3889/4042 3888/3888/4041
f 3838/3838/3991 3839/3839/3992 3890/3890/4043 3889/3889/4042
f 3839/3839/3992 3840/3840/3993 3891/3891/4044 3890/3890/4043
f 3840/3840/3993 3841/3841/3994 3892/3892/4045 3891/3891/4044
f 3841/3841/3994 3842/3842/3995 3893/3893/4046 3892/3892/4045
f 3842/3842/3995 3843/3843/3996 3894/3894/4047 3893/3893/4046
f 3843/3843/3996 3844/3844/3997 3895/3895/4048 3894/3894/4047
f 3844/3844/3997 3845/3845/3998 3896/3896/4049 3895/3895/4048
f 3845/3845/3998 3846/3846/3999 3897/3897/4050 3896/3896/4049
f 3846/3846/3999 3847/3847/4000 3898/3898/4051 3897/3897/4050
f 3847/3847/4000 3848/3848/4001 3899/3899/4052 3898/3898/4051
f 3848/3848/4001 3849/3849/4002 3900/3900/4053 3899/3899/4052
f 3849/3849/4002 3850/3850/4003 3901/3901/4054 3900/3900/4053
f 3850/3850/4003 3851/3851/4004 3902/3902/4055 3901/3901/4054
f 3851/3851/4004 3852/3852/4005 3903/3903/4056 3902/3902/4055
f 3852/3852/4005 3853/3853/4006 3904/3904/4057 3903/3903/4056
f 3853/3853/4006 3854/3854/4007 3905/3905/4058 3904/3904/4057
f 3854/3854/4007 3855/3855/4008 3906/3906/4059 3905/3905/4058
f 3855/3855/4008 3856/3856/4009 3907/3907/4060 3906/3906/4059
f 3856/3856/4009 3857/3857/4010 3908/3908/4061 3907/3907/4060
f 3857/3857/4010 3858/3858/4011 3909/3909/4062 3908/3908/4061
f 3858/3858/4011 3859/3859/4012 3910/3910/4063 3909/3909/4062
f 3859/3859/4012 3860/3860/4013 3911/3911/4064 3910/3910/4063
f 3860/3860/4013 3861/3861/4014 3912/3912/4065 3911/3911/4064
f 3861/3861/4014 3862/3862/4015 3913/3913/4066 3912/3912/4065
f 3862/3862/4015 3863/3863/4016 3914/3914/4067 3913/3913/4066
f 3863/3863/4016 3864/3864/4017 3915/3915/4068 3914/3914/4067
f 3864/3864/4017 3865/3865/4018 3916/3916/4069 3915/3915/4068
f 3865/3865/4018 3866/3866/4019 3917/3917/4070 3916/3916/4069
f 3866/3866/4019 3867/3867/4020 3918/3918/4071 3917/3917/4070
f 3867/3867/4020 3868/3868/4021 3919/3919/4072 3918/3918/4071
f 3868/3868/4021 3869/3869/4022 3920/3920/4073 3919/3919/4072
f 3869/3869/4022 3870/3870/4023 3921/3921/4074 3920/3920/4073
f 3870/3870/4023 3871/3871/4024 3922/3922/4075 3921/3921/4074
f 3871/3871/4024 3872/3872/4025 3923/3923/4076 3922/3922/4075
f 3872/3872/4025 3873/3873/4026 3924/3924/4077 3923/3923/4076
f 3873/3873/4026 3874/3874/4027 3925/3925/4078 3924/3924/4077
f 3874/3874/4027 3875/3875/4028 3926/3926/4079 3925/3925/4078
f 3875/3875/4028 3876/3876/4029 3927/3927/4080 3926/3926/4079
f 3877/3877/4031 3878/3878/4030 3929/3929/4081 3928/3928/4082
f 3878/3878/4030 3879/3879/4032 3930/3930/4083 3929/3929/4081
f 3879/3879/4032 3880/3880/4033 3931/3931/4084 3930/3930/4083
f 3880/3880/4033 3881/3881/4034 3932/3932/4085 3931/3931/4084
f 3881/3881/4034 3882/3882/4035 3933/3933/4086 3932/3932/4085
f 3882/3882/4035 3883/3883/4036 3934/3934/4087 3933/3933/4086
f 3883/3883/4036 3884/3884/4037 3935/3935/4088 3934/3934/4087
f 3884/3884/4037 3885/3885/4038 3936/3936/4089 3935/3935/4088
f 3885/3885/4038 3886/3886/4039 3937/3937/4090 3936/3936/4089
f 3886/3886/4039 3887/3887/4040 3938/3938/4091 3937/3937/4090
f 3887/3887/4040 3888/3888/4041 3939/3939/4092 3938/3938/4091
f 3888/3888/4041 3889/3889/4042 3940/3940/4093 3939/3939/4092
f 3889/3889/4042 3890/3890/4043 3941/3941/4094 3940/3940/4093
f 3890/3890/4043 3891/3891/4044 3942/3942/4095 3941/3941/4094
f 3891/3891/4044 3892/3892/4045 3943/3943/4096 3942/3942/4095
f 3892/3892/4045 3893/3893/4046 3944/3944/4097 3943/3943/4096
f 3893/3893/4046 3894/3894/4047 3945/3945/4098 3944/3944/4097
f 3894/3894/4047 3895/3895/4048 3946/3946/4099 3945/3945/4098
f 3895/3895/4048 3896/3896/4049 3947/3947/4100 3946/3946/4099
f 3896/3896/4049 3897/3897/4050 3948/3948/4101 3947/3947/4100
f 3897/3897/4050 3898/3898/4051 3949/3949/4102 3948/3948/4101
f 3898/3898/4051 3899/3899/4052 3950/3950/4103 3949/3949/4102
f 3899/3899/4052 3900/3900/4053 3951/3951/4104 3950/3950/4103
f 3900/3900/4053 3901/3901/4054 3952/3952/4105 3951/3951/4104
f 3901/3901/4054 3902/3902/4055 3953/3953/4106 3952/3952/4105
f 3902/3902/4055 3903/3903/4056 3954/3954/4107 3953/3953/4106
f 3903/3903/4056 3904/3904/4057 3955/3955/4108 3954/3954/4107
f 3904/3904/4057 3905/3905/4058 3956/3956/4109 3955/3955/4108
f 3905/3905/4058 3906/3906/4059 3957/3957/4110 3956/3956/4109
f 3906/3906/4059 3907/3907/4060 3958/3958/4111 3957/3957/4110
f 3907/3907/4060 3908/3908/4061 3959/3959/4112 3958/3958/4111
f 3908/3908/4061 3909/3909/4062 3960/3960/4113 3959/3959/4112
f 3909/3909/4062 3910/3910/4063 3961/3961/4114 3960/3960/4113
f 3910/3910/4063 3911/3911/4064 3962/3962/4115 3961/3961/4114
f 3911/3911/4064 3912/3912/4065 3963/3963/4116 3962/3962/4115
f 3912/3912/4065 3913/3913/4066 3964/3964/4117 3963/3963/4116
f 3913/3913/4066 3914/3914/4067 3965/3965/4118 3964/3964/4117
f 3914/3914/4067 3915/3915/4068 3966/3966/4119 3965/3965/4118
f 3915/3915/4068 3916/3916/4069 3967/3967/4120 3966/3966/4119
f 3916/3916/4069 3917/3917/4070 3968/3968/4121 3967/3967/4120
f 3917/3917/4070 3918/3918/4071 3969/3969/4122 3968/3968/4121
f 3918/3918/4071 3919/3919/4072 3970/3970/4123 3969/3969/4122
f 3919/3919/4072 3920/3920/4073 3971/3971/4124 3970/3970/4123
f 3920/3920/4073 3921/3921/4074 3972/3972/4125 3971/3971/4124
f 3921/3921/4074 3922/3922/4075 3973/3973/4126 3972/3972/4125
f 3922/3922/4075 3923/3923/4076 3974/3974/4127 3973/3973/4126
f 3923/3923/4076 3924/3924/4077 3975/3975/4128 3974/3974/4127
f 3924/3924/4077 3925/3925/4078 3976/3976/4129 3975/3975/4128
f 3925/3925/4078 3926/3926/4079 3977/3977/4130 3976/3976/4129
f 3926/3926/4079 3927/3927/4080 3978/3978/4131 3977/3977/4130
f 3928/3928/4082 3929/3929/4081 3980/3980/4132 3979/3979/4133
f 3929/3929/4081 3930/3930/4083 3981/3981/4134 3980/3980/4132
f 3930/3930/4083 3931/3931/4084 3982/3982/4135 3981/3981/4134
f 3931/3931/4084 3932/3932/4085 3983/3983/4136 3982/3982/4135
f 3932/3932/4085 3933/3933/4086 3984/3984/4137 3983/3983/4136
f 3933/3933/4086 3934/3934/4087 3985/3985/4138 3984/3984/4137
f 3934/3934/4087 3935/3935/4088 3986/3986/4139 3985/3985/4138
f 3935/3935/4088 3936/3936/4089 3987/3987/4140 3986/3986/4139
f 3936/3936/4089 3937/3937/4090 3988/3988/4141 3987/3987/4140
f 3937/3937/4090 3938/3938/4091 3989/3989/4142 3988/3988/4141
f 3938/3938/4091 3939/3939/4092 3990/3990/4143 3989/3989/4142
f 3939/3939/4092 3940/3940/4093 3991/3991/4144 3990/3990/4143
f 3940/3940/4093 3941/3941/4094 3992/3992/4145 3991/3991/4144
f 3941/3941/4094 3942/3942/4095 3993/3993/4146 3992/3992/4145
f 3942/3942/4095 3943/3943/4096 3994/3994/4147 3993/3993/4146
f 3943/3943/4096 3944/3944/4097 3995/3995/4148 3994/3994/4147
f 3944/3944/4097 3945/3945/4098 3996/3996/4149 3995/3995/4148
f 3945/3945/4098 3946/3946/4099 3997/3997/4150 3996/3996/4149
f 3946/3946/4099 3947/3947/4100 3998/3998/4151 3997/3997/4150
f 3947/3947/4100 3948/3948/4101 3999/3999/4152 3998/3998/4151
f 3948/3948/4101 3949/3949/4102 4000/4000/4153 3999/3999/4152
f 3949/3949/4102 3950/3950/4103 4001/4001/4154 4000/4000/4153
f 3950/3950/4103 3951/3951/4104 4002/4002/4155 4001/4001/4154
f 3951/3951/4104 3952/3952/4105 4003/4003/4156 4002/4002/4155
f 3952/3952/4105 3953/3953/4106 4004/4004/4157 4003/4003/4156
f 3953/3953/4106 3954/3954/4107 4005/4005/4158 4004/4004/4157
f 3954/3954/4107 3955/3955/4108 4006/4006/4159 4005/4005/4158
f 3955/3955/4108 3956/3956/4109 4007/4007/4160 4006/4006/4159
f 3956/3956/4109 3957/3957/4110 4008/4008/4161 4007/4007/4160
f 3957/3957/4110 3958/3958/4111 4009/4009/4162 4008/4008/4161
f 3958/3958/4111 3959/3959/4112 4010/4010/4163 4009/4009/4162
f 3959/3959/4112 3960/3960/4113 4011/4011/4164 4010/4010/4163
f 3960/3960/4113 3961/3961/4114 4012/4012/4165 4011/4011/4164
f 3961/3961/4114 3962/3962/4115 4013/4013/4166 4012/4012/4165
f 3962/3962/4115 3963/3963/4116 4014/4014/4167 4013/4013/4166
f 3963/3963/4116 3964/3964/4117 4015/4015/4168 4014/4014/4167
f 3964/3964/4117 3965/3965/4118 4016/4016/4169 4015/4015/4168
f 3965/3965/4118 3966/3966/4119 4017/4017/4170 4016/4016/4169
f 3966/3966/4119 3967/3967/4120 4018/4018/4171 4017/4017/4170
f 3967/3967/4120 3968/3968/4121 4019/4019/4172 4018/4018/4171
f 3968/3968/4121 3969/3969/4122 4020/4020/4173 4019/4019/4172
f 3969/3969/4122 3970/3970/4123 4021/4021/4174 4020/4020/4173
f 3970/3970/4123 3971/3971/4124 4022/4022/4175 4021/4021/4174
f 3971/3971/4124 3972/3972/4125 4023/4023/4176 4022/4022/4175
f 3972/3972/4125 3973/3973/4126 4024/4024/4177 4023/4023/4176
f 3973/3973/4126 3974/3974/4127 4025/4025/4178 4024/4024/4177
f 3974/3974/4127 3975/3975/4128 4026/4026/4179 4025/4025/4178
f 3975/3975/4128 3976/3976/4129 4027/4027/4180 4026/4026/4179
f 3976/3976/4129 3977/3977/4130 4028/4028/4181 4027/4027/4180
f 3977/3977/4130 3978/3978/4131 4029/4029/4182 4028/4028/4181
f 3979/3979/4133 3980/3980/4132 4031/4031/4183 4030/4030/4184
f 3980/3980/4132 3981/3981/4134 4032/4032/4185 4031/4031/4183
f 3981/3981/4134 3982/3982/4135 4033/4033/4186 4032/4032/4185
f 3982/3982/4135 3983/3983/4136 4034/4034/4187 4033/4033/4186
f 3983/3983/4136 3984/3984/4137 4035/4035/4188 4034/4034/4187
f 3984/3984/4137 3985/3985/4138 4036/4036/4189 4035/4035/4188
f 3985/3985/4138 3986/3986/4139 4037/4037/4190 4036/4036/4189
f 3986/3986/4139 3987/3987/4140 4038/4038/4191 4037/4037/4190
f 3987/3987/4140 3988/3988/4141 4039/4039/4192 4038/4038/4191
f 3988/3988/4141 3989/3989/4142 4040/4040/4193 4039/4039/4192
f 3989/3989/4142 3990/3990/4143 4041/4041/4194 4040/4040/4193
f 3990/3990/4143 3991/3991/4144 4042/4042/4195 4041/4041/4194
f 3991/3991/4144 3992/3992/4145 4043/4043/4196 4042/4042/4195
f 3992/3992/4145 3993/3993/4146 4044/4044/4197 4043/4043/4196
f 3993/3993/4146 3994/3994/4147 4045/4045/4198 4044/4044/4197
f 3994/3994/4147 3995/3995/4148 4046/4046/4199 4045/4045/4198
f 3995/3995/4148 3996/3996/4149 4047/4047/4200 4046/4046/4199
f 3996/3996/4149 3997/3997/4150 4048/4048/4201 4047/4047/4200
f 3997/3997/4150 3998/3998/4151 4049/4049/4202 4048/4048/4201
f 3998/3998/4151 3999/3999/4152 4050/4050/4203 4049/4049/4202
f 3999/3999/4152 4000/4000/4153 4051/4051/4204 4050/4050/4203
f 4000/4000/4153 4001/4001/4154 4052/4052/4205 4051/4051/4204
f 4001/4001/4154 4002/4002/4155 4053/4053/4206 4052/4052/4205
f 4002/4002/4155 4003/4003/4156 4054/4054/4207 4053/4053/4206
f 4003/4003/4156 4004/4004/4157 4055/4055/4208 4054/4054/4207
f 4004/4004/4157 4005/4005/4158 4056/4056/4209 4055/4055/4208
f 4005/4005/4158 4006/4006/4159 4057/4057/4210 4056/4056/4209
f 4006/4006/4159 4007/4007/4160 4058/4058/4211 4057/4057/4210
f 4007/4007/4160 4008/4008/4161 4059/4059/4212 4058/4058/4211
f 4008/4008/4161 4009/4009/4162 4060/4060/4213 4059/4059/4212
f 4009/4009/4162 4010/4010/4163 4061/4061/4214 4060/4060/4213
f 4010/4010/4163 4011/4011/4164 4062/4062/4215 4061/4061/4214
f 4011/4011/4164 4012/4012/4165 4063/4063/4216 4062/4062/4215
f 4012/4012/4165 4013/4013/4166 4064/4064/4217 4063/4063/4216
f 4013/4013/4166 4014/4014/4167 4065/4065/4218 4064/4064/4217
f 4014/4014/4167 4015/4015/4168 4066/4066/4219 4065/4065/4218
f 4015/4015/4168 4016/4016/4169 4067/4067/4220 4066/4066/4219
f 4016/4016/4169 4017/4017/4170 4068/4068/4221 4067/4067/4220
f 4017/4017/4170 4018/4018/4171 4069/4069/4222 4068/4068/4221
f 4018/4018/4171 4019/4019/4172 4070/4070/4223 4069/4069/4222
f 4019/4019/4172 4020/4020/4173 4071/4071/4224 4070/4070/4223
f 4020/4020/4173 4021/4021/4174 4072/4072/4225 4071/4071/4224
f 4021/4021/4174 4022/4022/4175 4073/4073/4226 4072/4072/4225
f 4022/4022/4175 4023/4023/4176 4074/4074/4227 4073/4073/4226
f 4023/4023/4176 4024/4024/4177 4075/4075/4228 4074/4074/4227
f 4024/4024/4177 4025/4025/4178 4076/4076/4229 4075/4075/4228
f 4025/4025/4178 4026/4026/4179 4077/4077/4230 4076/4076/4229
f 4026/4026/4179 4027/4027/4180 4078/4078/4231 4077/4077/4230
f 4027/4027/4180 4028/4028/4181 4079/4079/4232 4078/4078/4231
f 4028/4028/4181 4029/4029/4182 4080/4080/4233 4079/4079/4232
f 4030/4030/4184 4031/4031/4183 4082/4082/4234 4081/4081/4235
f 4031/4031/4183 4032/4032/4185 4083/4083/4236 4082/4082/4234
f 4032/4032/4185 4033/4033/4186 4084/4084/4237 4083/4083/4236
f 4033/4033/4186 4034/4034/4187 4085/4085/4238 4084/4084/4237
f 4034/4034/4187 4035/4035/4188 4086/4086/4239 4085/4085/4238
f 4035/4035/4188 4036/4036/4189 4087/4087/4240 4086/4086/4239
f 4036/4036/4189 4037/4037/4190 4088/4088/4241 4087/4087/4240
f 4037/4037/4190 4038/4038/4191 4089/4089/4242 4088/4088/4241
f 4038/4038/4191 4039/4039/4192 4090/4090/4243 4089/4089/4242
f 4039/4039/4192 4040/4040/4193 4091/4091/4244 4090/4090/4243
f 4040/4040/4193 4041/4041/4194 4092/4092/4245 4091/4091/4244
f 4041/4041/4194 4042/4042/4195 4093/4093/4246 4092/4092/4245
f 4042/4042/4195 4043/4043/4196 4094/4094/4247 4093/4093/4246
f 4043/4043/4196 4044/4044/4197 4095/4095/4248 4094/4094/4247
f 4044/4044/4197 4045/4045/4198 4096/4096/4249 4095/4095/4248
f 4045/4045/4198 4046/4046/4199 4097/4097/4250 4096/4096/4249
f 4046/4046/4199 4047/4047/4200 4098/4098/4251 4097/4097/4250
f 4047/4047/4200 4048/4048/4201 4099/4099/4252 4098/4098/4251
f 4048/4048/4201 4049/4049/4202 4100/4100/4253 4099/4099/4252
f 4049/4049/4202 4050/4050/4203 4101/4101/4254 4100/4100/4253
f 4050/4050/4203 4051/4051/4204 4102/4102/4255 4101/4101/4254
f 4051/4051/4204 4052/4052/4205 4103/4103/4256 4102/4102/4255
f 4052/4052/4205 4053/4053/4206 4104/4104/4257 4103/4103/4256
f 4053/4053/4206 4054/4054/4207 4105/4105/4258 4104/4104/4257
f 4054/4054/4207 4055/4055/4208 4106/4106/4259 4105/4105/4258
f 4055/4055/4208 4056/4056/4209 4107/4107/4260 4106/4106/4259
f 4056/4056/4209 4057/4057/4210 4108/4108/4261 4107/4107/4260
f 4057/4057/4210 4058/4058/4211 4109/4109/4262 4108/4108/4261
f 4058/4058/4211 4059/4059/4212 4110/4110/4263 4109/4109/4262
f 4059/4059/4212 4060/4060/4213 4111/4111/4264 4110/4110/4263
f 4060/4060/4213 4061/4061/4214 4112/4112/4265 4111/4111/4264
f 4061/4061/4214 4062/4062/4215 4113/4113/4266 4112/4112/4265
f 4062/4062/4215 4063/4063/4216 4114/4114/4267 4113/4113/4266
f 4063/4063/4216 4064/4064/4217 4115/4115/4268 4114/4114/4267
f 4064/4064/4217 4065/4065/4218 4116/4116/4269 4115/4115/4268
f 4065/4065/4218 4066/4066/4219 4117/4117/4270 4116/4116/4269
f 4066/4066/4219 4067/4067/4220 4118/4118/4271 4117/4117/4270
f 4067/4067/4220 4068/4068/4221 4119/4119/4272 4118/4118/4271
f 4068/4068/4221 4069/4069/4222 4120/4120/4273 4119/4119/4272
f 4069/4069/4222 4070/4070/4223 4121/4121/4274 4120/4120/4273
f 4070/4070/4223 4071/4071/4224 4122/4122/4275 4121/4121/4274
f 4071/4071/4224 4072/4072/4225 4123/4123/4276 4122/4122/4275
f 4072/4072/4225 4073/4073/4226 4124/4124/4277 4123/4123/4276
f 4073/4073/4226 4074/4074/4227 4125/4125/4278 4124/4124/4277
f 4074/4074/4227 4075/4075/4228 4126/4126/4279 4125/4125/4278
f 4075/4075/4228 4076/4076/4229 4127/4127/4280 4126/4126/4279
f 4076/4076/4229 4077/4077/4230 4128/4128/4281 4127/4127/4280
f 4077/4077/4230 4078/4078/4231 4129/4129/4282 4128/4128/4281
f 4078/4078/4231 4079/4079/4232 4130/4130/4283 4129/4129/4282
f 4079/4079/4232 4080/4080/4233 4131/4131/4284 4130/4130/4283
f 4081/4081/4235 4082/4082/4234 4133/4133/4285 4132/4132/4286
f 4082/4082/4234 4083/4083/4236 4134/4134/4287 4133/4133/4285
f 4083/4083/4236 4084/4084/4237 4135/4135/4288 4134/4134/4287
f 4084/4084/4237 4085/4085/4238 4136/4136/4289 4135/4135/4288
f 4085/4085/4238 4086/4086/4239 4137/4137/4290 4136/4136/4289
f 4086/4086/4239 4087/4087/4240 4138/4138/4291 4137/4137/4290
f 4087/4087/4240 4088/4088/4241 4139/4139/4292 4138/4138/4291
f 4088/4088/4241 4089/4089/4242 4140/4140/4293 4139/4139/4292
f 4089/4089/4242 4090/4090/4243 4141/4141/4294 4140/4140/4293
f 4090/4090/4243 4091/4091/4244 4142/4142/4295 4141/4141/4294
f 4091/4091/4244 4092/4092/4245 4143/4143/4296 4142/4142/4295
f 4092/4092/4245 4093/4093/4246 4144/4144/4297 4143/4143/4296
f 4093/4093/4246 4094/4094/4247 4145/4145/4298 4144/4144/4297
f 4094/4094/4247 4095/4095/4248 4146/4146/4299 4145/4145/4298
f 4095/4095/4248 4096/4096/4249 4147/4147/4300 4146/4146/4299
f 4096/4096/4249 4097/4097/4250 4148/4148/4301 4147/4147/4300
f 4097/4097/4250 4098/4098/4251 4149/4149/4302 4148/4148/4301
f 4098/4098/4251 4099/4099/4252 4150/4150/4303 4149/4149/4302
f 4099/4099/4252 4100/4100/4253 4151/4151/4304 4150/4150/4303
f 4100/4100/4253 4101/4101/4254 4152/4152/4305 4151/4151/4304
f 4101/4101/4254 4102/4102/4255 4153/4153/4306 4152/4152/4305
f 4102/4102/4255 4103/4103/4256 4154/4154/4307 4153/4153/4306
f 4103/4103/4256 4104/4104/4257 4155/4155/4308 4154/4154/4307
f 4104/4104/4257 4105/4105/4258 4156/4156/4309 4155/4155/4308
f 4105/4105/4258 4106/4106/4259 4157/4157/4310 4156/4156/4309
f 4106/4106/4259 4107/4107/4260 4158/4158/4311 4157/4157/4310
f 4107/4107/4260 4108/4108/4261 4159/4159/4312 4158/4158/4311
f 4108/4108/4261 4109/4109/4262 4160/4160/4313 4159/4159/4312
f 4109/4109/4262 4110/4110/4263 4161/4161/4314 4160/4160/4313
f 4110/4110/4263 4111/4111/4264 4162/4162/4315 4161/4161/4314
f 4111/4111/4264 4112/4112/4265 4163/4163/4316 4162/4162/4315
f 4112/4112/4265 4113/4113/4266 4164/4164/4317 4163/4163/4316
f 4113/4113/4266 4114/4114/4267 4165/4165/4318 4164/4164/4317
f 4114/4114/4267 4115/4115/4268 4166/4166/4319 4165/4165/4318
f 4115/4115/4268 4116/4116/4269 4167/4167/4320 4166/4166/4319
f 4116/4116/4269 4117/4117/4270 4168/4168/4321 4167/4167/4320
f 4117/4117/4270 4118/4118/4271 4169/4169/4322 4168/4168/4321
f 4118/4118/4271 4119/4119/4272 4170/4170/4323 4169/4169/4322
f 4119/4119/4272 4120/4120/4273 4171/4171/4324 4170/4170/4323
f 4120/4120/4273 4121/4121/4274 4172/4172/4325 4171/4171/4324
f 4121/4121/4274 4122/4122/4275 4173/4173/4326 4172/4172/4325
f 4122/4122/4275 4123/4123/4276 4174/4174/4327 4173/4173/4326
f 4123/4123/4276 4124/4124/4277 4175/4175/4328 4174/4174/4327
f 4124/4124/4277 4125/4125/4278 4176/4176/4329 4175/4175/4328
f 4125/4125/4278 4126/4126/4279 4177/4177/4330 4176/4176/4329
f 4126/4126/4279 4127/4127/4280 4178/4178/4331 4177/4177/4330
f 4127/4127/4280 4128/4128/4281 4179/4179/4332 4178/4178/4331
f 4128/4128/4281 4129/4129/4282 4180/4180/4333 4179/4179/4332
f 4129/4129/4282 4130/4130/4283 4181/4181/4334 4180/4180/4333
f 4130/4130/4283 4131/4131/4284 4182/4182/4335 4181/4181/4334
f 4132/4132/4286 4133/4133/4285 4184/4184/4336 4183/4183/4337
f 4133/4133/4285 4134/4134/4287 4185/4185/4338 4184/4184/4336
f 4134/4134/4287 4135/4135/4288 4186/4186/4339 4185/4185/4338
f 4135/4135/4288 4136/4136/4289 4187/4187/4340 4186/4186/4339
f 4136/4136/4289 4137/4137/4290 4188/4188/4341 4187/4187/4340
f 4137/4137/4290 4138/4138/4291 4189/4189/4342 4188/4188/4341
f 4138/4138/4291 4139/4139/4292 4190/4190/4343 4189/4189/4342
f 4139/4139/4292 4140/4140/4293 4191/4191/4344 4190/4190/4343
f 4140/4140/4293 4141/4141/4294 4192/4192/4345 4191/4191/4344
f 4141/4141/4294 4142/4142/4295 4193/4193/4346 4192/4192/4345
f 4142/4142/4295 4143/4143/4296 4194/4194/4347 4193/4193/4346
f 4143/4143/4296 4144/4144/4297 4195/4195/4348 4194/4194/4347
f 4144/4144/4297 4145/4145/4298 4196/4196/4349 4195/4195/4348
f 4145/4145/4298 4146/4146/4299 4197/4197/4350 4196/4196/4349
f 4146/4146/4299 4147/4147/4300 4198/4198/4351 4197/4197/4350
f 4147/4147/4300 4148/4148/4301 4199/4199/4352 4198/4198/4351
f 4148/4148/4301 4149/4149/4302 4200/4200/4353 4199/4199/4352
f 4149/4149/4302 4150/4150/4303 4201/4201/4354 4200/4200/4353
f 4150/4150/4303 4151/4151/4304 4202/4202/4355 4201/4201/4354
f 4151/4151/4304 4152/4152/4305 4203/4203/4356 4202/4202/4355
f 4152/4152/4305 4153/4153/4306 4204/4204/4357 4203/4203/4356
f 4153/4153/4306 4154/4154/4307 4205/4205/4358 4204/4204/4357
f 4154/4154/4307 4155/4155/4308 4206/4206/4359 4205/4205/4358
f 4155/4155/4308 4156/4156/4309 4207/4207/4360 4206/4206/4359
f 4156/4156/4309 4157/4157/4310 4208/4208/4361 4207/4207/4360
f 4157/4157/4310 4158/4158/4311 4209/4209/4362 4208/4208/4361
f 4158/4158/4311 4159/4159/4312 4210/4210/4363 4209/4209/4362
f 4159/4159/4312 4160/4160/4313 4211/4211/4364 4210/4210/4363
f 4160/4160/4313 4161/4161/4314 4212/4212/4365 4211/4211/4364
f 4161/4161/4314 4162/4162/4315 4213/4213/4366 4212/4212/4365
f 4162/4162/4315 4163/4163/4316 4214/4214/4367 4213/4213/4366
f 4163/4163/4316 4164/4164/4317 4215/4215/4368 4214/4214/4367
f 4164/4164/4317 4165/4165/4318 4216/4216/4369 4215/4215/4368
f 4165/4165/4318 4166/4166/4319 4217/4217/4370 4216/4216/4369
f 4166/4166/4319 4167/4167/4320 4218/4218/4371 4217/4217/4370
f 4167/4167/4320 4168/4168/4321 4219/4219/4372 4218/4218/4371
f 4168/4168/4321 4169/4169/4322 4220/4220/4373 4219/4219/4372
f 4169/4169/4322 4170/4170/4323 4221/4221/4374 4220/4220/4373
f 4170/4170/4323 4171/4171/4324 4222/4222/4375 4221/4221/4374
f 4171/4171/4324 4172/4172/4325 4223/4223/4376 4222/4222/4375
f 4172/4172/4325 4173/4173/4326 4224/4224/4377 4223/4223/4376
f 4173/4173/4326 4174/4174/4327 4225/4225/4378 4224/4224/4377
f 4174/4174/4327 4175/4175/4328 4226/4226/4379 4225/4225/4378
f 4175/4175/4328 4176/4176/4329 4227/4227/4380 4226/4226/4379
f 4176/4176/4329 4177/4177/4330 4228/4228/4381 4227/4227/4380
f 4177/4177/4330 4178/4178/4331 4229/4229/4382 4228/4228/4381
f 4178/4178/4331 4179/4179/4332 4230/4230/4383 4229/4229/4382
f 4179/4179/4332 4180/4180/4333 4231/4231/4384 4230/4230/4383
f 4180/4180/4333 4181/4181/4334 4232/4232/4385 4231/4231/4384
f 4181/4181/4334 4182/4182/4335 4233/4233/4386 4232/4232/4385
f 4183/4183/4337 4184/4184/4336 4235/4235/4387 4234/4234/4388
f 4184/4184/4336 4185/4185/4338 4236/4236/4389 4235/4235/4387
f 4185/4185/4338 4186/4186/4339 4237/4237/4390 4236/4236/4389
f 4186/4186/4339 4187/4187/4340 4238/4238/4391 4237/4237/4390
f 4187/4187/4340 4188/4188/4341 4239/4239/4392 4238/4238/4391
f 4188/4188/4341 4189/4189/4342 4240/4240/4393 4239/4239/4392
f 4189/4189/4342 4190/4190/4343 4241/4241/4394 4240/4240/4393
f 4190/4190/4343 4191/4191/4344 4242/4242/4395 4241/4241/4394
f 4191/4191/4344 4192/4192/4345 4243/4243/4396 4242/4242/4395
f 4192/4192/4345 4193/4193/4346 4244/4244/4397 4243/4243/4396
f 4193/4193/4346 4194/4194/4347 4245/4245/4398 4244/4244/4397
f 4194/4194/4347 4195/4195/4348 4246/4246/4399 4245/4245/4398
f 4195/4195/4348 4196/4196/4349 4247/4247/4400 4246/4246/4399
f 4196/4196/4349 4197/4197/4350 4248/4248/4401 4247/4247/4400
f 4197/4197/4350 4198/4198/4351 4249/4249/4402 4248/4248/4401
f 4198/4198/4351 4199/4199/4352 4250/4250/4403 4249/4249/4402
f 4199/4199/4352 4200/4200/4353 4251/4251/4404 4250/4250/4403
f 4200/4200/4353 4201/4201/4354 4252/4252/4405 4251/4251/4404
f 4201/4201/4354 4202/4202/4355 4253/4253/4406 4252/4252/4405
f 4202/4202/4355 4203/4203/4356 4254/4254/4407 4253/4253/4406
f 4203/4203/4356 4204/4204/4357 4255/4255/4408 4254/4254/4407
f 4204/4204/4357 4205/4205/4358 4256/4256/4409 4255/4255/4408
f 4205/4205/4358 4206/4206/4359 4257/4257/4410 4256/4256/4409
f 4206/4206/4359 4207/4207/4360 4258/4258/4411 4257/4257/4410
f 4207/4207/4360 4208/4208/4361 4259/4259/4412 4258/4258/4411
f 4208/4208/4361 4209/4209/4362 4260/4260/4413 4259/4259/4412
f 4209/4209/4362 4210/4210/4363 4261/4261/4414 4260/4260/4413
f 4210/4210/4363 4211/4211/4364 4262/4262/4415 4261/4261/4414
f 4211/4211/4364 4212/4212/4365 4263/4263/4416 4262/4262/4415
f 4212/4212/4365 4213/4213/4366 4264/4264/4417 4263/4263/4416
f 4213/4213/4366 4214/4214/4367 4265/4265/4418 4264/4264/4417
f 4214/4214/4367 4215/4215/4368 4266/4266/4419 4265/4265/4418
f 4215/4215/4368 4216/4216/4369 4267/4267/4420 4266/4266/4419
f 4216/4216/4369 4217/4217/4370 4268/4268/4421 4267/4267/4420
f 4217/4217/4370 4218/4218/4371 4269/4269/4422 4268/4268/4421
f 4218/4218/4371 4219/4219/4372 4270/4270/4423 4269/4269/4422
f 4219/4219/4372 4220/4220/4373 4271/4271/4424 4270/4270/4423
f 4220/4220/4373 4221/4221/4374 4272/4272/4425 4271/4271/4424
f 4221/4221/4374 4222/4222/4375 4273/4273/4426 4272/4272/4425
f 4222/4222/4375 4223/4223/4376 4274/4274/4427 4273/4273/4426
f 4223/4223/4376 4224/4224/4377 4275/4275/4428 4274/4274/4427
f 4224/4224/4377 4225/4225/4378 4276/4276/4429 4275/4275/4428
f 4225/4225/4378 4226/4226/4379 4277/4277/4430 4276/4276/4429
f 4226/4226/4379 4227/4227/4380 4278/4278/4431 4277/4277/4430
f 4227/4227/4380 4228/4228/4381 4279/4279/4432 4278/4278/4431
f 4228/4228/4381 4229/4229/4382 4280/4280/4433 4279/4279/4432
f 4229/4229/4382 4230/4230/4383 4281/4281/4434 4280/4280/4433
f 4230/4230/4383 4231/4231/4384 4282/4282/4435 4281/4281/4434
f 4231/4231/4384 4232/4232/4385 4283/4283/4436 4282/4282/4435
f 4232/4232/4385 4233/4233/4386 4284/4284/4437 4283/4283/4436
f 4234/4234/4388 4235/4235/4387 4286/4286/4438 4285/4285/4439
f 4235/4235/4387 4236/4236/4389 4287/4287/4440 4286/4286/4438
f 4236/4236/4389 4237/4237/4390 4288/4288/4441 4287/4287/4440
f 4237/4237/4390 4238/4238/4391 4289/4289/4442 4288/4288/4441
f 4238/4238/4391 4239/4239/4392 4290/4290/4443 4289/4289/4442
f 4239/4239/4392 4240/4240/4393 4291/4291/4444 4290/4290/4443
f 4240/4240/4393 4241/4241/4394 4292/4292/4445 4291/4291/4444
f 4241/4241/4394 4242/4242/4395 4293/4293/4446 4292/4292/4445
f 4242/4242/4395 4243/4243/4396 4294/4294/4447 4293/4293/4446
f 4243/4243/4396 4244/4244/4397 4295/4295/4448 4294/4294/4447
f 4244/4244/4397 4245/4245/4398 4296/4296/4449 4295/4295/4448
f 4245/4245/4398 4246/4246/4399 4297/4297/4450 4296/4296/4449
f 4246/4246/4399 4247/4247/4400 4298/4298/4451 4297/4297/4450
f 4247/4247/4400 4248/4248/4401 4299/4299/4452 4298/4298/4451
f 4248/4248/4401 4249/4249/4402 4300/4300/4453 4299/4299/4452
f 4249/4249/4402 4250/4250/4403 4301/4301/4454 4300/4300/4453
f 4250/4250/4403 4251/4251/4404 4302/4302/4455 4301/4301/4454
f 4251/4251/4404 4252/4252/4405 4303/4303/4456 4302/4302/4455
f 4252/4252/4405 4253/4253/4406 4304/4304/4457 4303/4303/4456
f 4253/4253/4406 4254/4254/4407 4305/4305/4458 4304/4304/4457
f 4254/4254/4407 4255/4255/4408 4306/4306/4459 4305/4305/4458
f 4255/4255/4408 4256/4256/4409 4307/4307/4460 4306/4306/4459
f 4256/4256/4409 4257/4257/4410 4308/4308/4461 4307/4307/4460
f 4257/4257/4410 4258/4258/4411 4309/4309/4462 4308/4308/4461
f 4258/4258/4411 4259/4259/4412 4310/4310/4463 4309/4309/4462
f 4259/4259/4412 4260/4260/4413 4311/4311/4464 4310/4310/4463
f 4260/4260/4413 4261/4261/4414 4312/4312/4465 4311/4311/4464
f 4261/4261/4414 4262/4262/4415 4313/4313/4466 4312/4312/4465
f 4262/4262/4415 4263/4263/4416 4314/4314/4467 4313/4313/4466
f 4263/4263/4416 4264/4264/4417 4315/4315/4468 4314/4314/4467
f 4264/4264/4417 4265/4265/4418 4316/4316/4469 4315/4315/4468
f 4265/4265/4418 4266/4266/4419 4317/4317/4470 4316/4316/4469
f 4266/4266/4419 4267/4267/4420 4318/4318/4471 4317/4317/4470
f 4267/4267/4420 4268/4268/4421 4319/4319/4472 4318/4318/4471
f 4268/4268/4421 4269/4269/4422 4320/4320/4473 4319/4319/4472
f 4269/4269/4422 4270/4270/4423 4321/4321/4474 4320/4320/4473
f 4270/4270/4423 4271/4271/4424 4322/4322/4475 4321/4321/4474
f 4271/4271/4424 4272/4272/4425 4323/4323/4476 4322/4322/4475
f 4272/4272/4425 4273/4273/4426 4324/4324/4477 4323/4323/4476
f 4273/4273/4426 4274/4274/4427 4325/4325/4478 4324/4324/4477
f 4274/4274/4427 4275/4275/4428 4326/4326/4479 4325/4325/4478
f 4275/4275/4428 4276/4276/4429 4327/4327/4480 4326/4326/4479
f 4276/4276/4429 4277/4277/4430 4328/4328/4481 4327/4327/4480
f 4277/4277/4430 4278/4278/4431 4329/4329/4482 4328/4328/4481
f 4278/4278/4431 4279/4279/4432 4330/4330/4483 4329/4329/4482
f 4279/4279/4432 4280/4280/4433 4331/4331/4484 4330/4330/4483
f 4280/4280/4433 4281/4281/4434 4332/4332/4485 4331/4331/4484
f 4281/4281/4434 4282/4282/4435 4333/4333/4486 4332/4332/4485
f 4282/4282/4435 4283/4283/4436 4334/4334/4487 4333/4333/4486
f 4283/4283/4436 4284/4284/4437 4335/4335/4488 4334/4334/4487
f 4285/4285/4439 4286/4286/4438 4337/4337/4489 4336/4336/4490
f 4286/4286/4438 4287/4287/4440 4338/4338/4491 4337/4337/4489
f 4287/4287/4440 4288/4288/4441 4339/4339/4492 4338/4338/4491
f 4288/4288/4441 4289/4289/4442 4340/4340/4493 4339/4339/4492
f 4289/4289/4442 4290/4290/4443 4341/4341/4494 4340/4340/4493
f 4290/4290/4443 4291/4291/4444 4342/4342/4495 4341/4341/4494
f 4291/4291/4444 4292/4292/4445 4343/4343/4496 4342/4342/4495
f 4292/4292/4445 4293/4293/4446 4344/4344/4497 4343/4343/4496
f 4293/4293/4446 4294/4294/4447 4345/4345/4498 4344/4344/4497
f 4294/4294/4447 4295/4295/4448 4346/4346/4499 4345/4345/4498
f 4295/4295/4448 4296/4296/4449 4347/4347/4500 4346/4346/4499
f 4296/4296/4449 4297/4297/4450 4348/4348/4501 4347/4347/4500
f 4297/4297/4450 4298/4298/4451 4349/4349/4502 4348/4348/4501
f 4298/4298/4451 4299/4299/4452 4350/4350/4503 4349/4349/4502
f 4299/4299/4452 4300/4300/4453 4351/4351/4504 4350/4350/4503
f 4300/4300/4453 4301/4301/4454 4352/4352/4505 4351/4351/4504
f 4301/4301/4454 4302/4302/4455 4353/4353/4506 4352/4352/4505
f 4302/4302/4455 4303/4303/4456 4354/4354/4507 4353/4353/4506
f 4303/4303/4456 4304/4304/4457 4355/4355/4508 4354/4354/4507
f 4304/4304/4457 4305/4305/4458 4356/4356/4509 4355/4355/4508
f 4305/4305/4458 4306/4306/4459 4357/4357/4510 4356/4356/4509
f 4306/4306/4459 4307/4307/4460 4358/4358/4511 4357/4357/4510
f 4307/4307/4460 4308/4308/4461 4359/4359/4512 4358/4358/4511
f 4308/4308/4461 4309/4309/4462 4360/4360/4513 4359/4359/4512
f 4309/4309/4462 4310/4310/4463 4361/4361/4514 4360/4360/4513
f 4310/4310/4463 4311/4311/4464 4362/4362/4515 4361/4361/4514
f 4311/4311/4464 4312/4312/4465 4363/4363/4516 4362/4362/4515
f 4312/4312/4465 4313/4313/4466 4364/4364/4517 4363/4363/4516
f 4313/4313/4466 4314/4314/4467 4365/4365/4518 4364/4364/4517
f 4314/4314/4467 4315/4315/4468 4366/4366/4519 4365/4365/4518
f 4315/4315/4468 4316/4316/4469 4367/4367/4520 4366/4366/4519
f 4316/4316/4469 4317/4317/4470 4368/4368/4521 4367/4367/4520
f 4317/4317/4470 4318/4318/4471 4369/4369/4522 4368/4368/4521
f 4318/4318/4471 4319/4319/4472 4370/4370/4523 4369/4369/4522
f 4319/4319/4472 4320/4320/4473 4371/4371/4524 4370/4370/4523
f 4320/4320/4473 4321/4321/4474 4372/4372/4525 4371/4371/4524
f 4321/4321/4474 4322/4322/4475 4373/4373/4526 4372/4372/4525
f 4322/4322/4475 4323/4323/4476 4374/4374/4527 4373/4373/4526
f 4323/4323/4476 4324/4324/4477 4375/4375/4528 4374/4374/4527
f 4324/4324/4477 4325/4325/4478 4376/4376/4529 4375/4375/4528
f 4325/4325/4478 4326/4326/4479 4377/4377/4530 4376/4376/4529
f 4326/4326/4479 4327/4327/4480 4378/4378/4531 4377/4377/4530
f 4327/4327/4480 4328/4328/4481 4379/4379/4532 4378/4378/4531
f 4328/4328/4481 4329/4329/4482 4380/4380/4533 4379/4379/4532
f 4329/4329/4482 4330/4330/4483 4381/4381/4534 4380/4380/4533
f 4330/4330/4483 4331/4331/4484 4382/4382/4535 4381/4381/4534
f 4331/4331/4484 4332/4332/4485 4383/4383/4536 4382/4382/4535
f 4332/4332/4485 4333/4333/4486 4384/4384/4537 4383/4383/4536
f 4333/4333/4486 4334/4334/4487 4385/4385/4538 4384/4384/4537
f 4334/4334/4487 4335/4335/4488 4386/4386/4539 4385/4385/4538
f 4336/4336/4490 4337/4337/4489 4388/4388/4540 4387/4387/4541
f 4337/4337/4489 4338/4338/4491 4389/4389/4542 4388/4388/4540
f 4338/4338/4491 4339/4339/4492 4390/4390/4543 4389/4389/4542
f 4339/4339/4492 4340/4340/4493 4391/4391/4544 4390/4390/4543
f 4340/4340/4493 4341/4341/4494 4392/4392/4545 4391/4391/4544
f 4341/4341/4494 4342/4342/4495 4393/4393/4546 4392/4392/4545
f 4342/4342/4495 4343/4343/4496 4394/4394/4547 4393/4393/4546
f 4343/4343/4496 4344/4344/4497 4395/4395/4548 4394/4394/4547
f 4344/4344/4497 4345/4345/4498 4396/4396/4549 4395/4395/4548
f 4345/4345/4498 4346/4346/4499 4397/4397/4550 4396/4396/4549
f 4346/4346/4499 4347/4347/4500 4398/4398/4551 4397/4397/4550
f 4347/4347/4500 4348/4348/4501 4399/4399/4552 4398/4398/4551
f 4348/4348/4501 4349/4349/4502 4400/4400/4553 4399/4399/4552
f 4349/4349/4502 4350/4350/4503 4401/4401/4554 4400/4400/4553
f 4350/4350/4503 4351/4351/4504 4402/4402/4555 4401/4401/4554
f 4351/4351/4504 4352/4352/4505 4403/4403/4556 4402/4402/4555
f 4352/4352/4505 4353/4353/4506 4404/4404/4557 4403/4403/4556
f 4353/4353/4506 4354/4354/4507 4405/4405/4558 4404/4404/4557
f 4354/4354/4507 4355/4355/4508 4406/4406/4559 4405/4405/4558
f 4355/4355/4508 4356/4356/4509 4407/4407/4560 4406/4406/4559
f 4356/4356/4509 4357/4357/4510 4408/4408/4561 4407/4407/4560
f 4357/4357/4510 4358/4358/4511 4409/4409/4562 4408/4408/4561
f 4358/4358/4511 4359/4359/4512 4410/4410/4563 4409/4409/4562
f 4359/4359/4512 4360/4360/4513 4411/4411/4564 4410/4410/4563
f 4360/4360/4513 4361/4361/4514 4412/4412/4565 4411/4411/4564
f 4361/4361/4514 4362/4362/4515 4413/4413/4566 4412/4412/4565
f 4362/4362/4515 4363/4363/4516 4414/4414/4567 4413/4413/4566
f 4363/4363/4516 4364/4364/4517 4415/4415/4568 4414/4414/4567
f 4364/4364/4517 4365/4365/4518 4416/4416/4569 4415/4415/4568
f 4365/4365/4518 4366/4366/4519 4417/4417/4570 4416/4416/4569
f 4366/4366/4519 4367/4367/4520 4418/4418/4571 4417/4417/4570
f 4367/4367/4520 4368/4368/4521 4419/4419/4572 4418/4418/4571
f 4368/4368/4521 4369/4369/4522 4420/4420/4573 4419/4419/4572
f 4369/4369/4522 4370/4370/4523 4421/4421/4574 4420/4420/4573
f 4370/4370/4523 4371/4371/4524 4422/4422/4575 4421/4421/4574
f 4371/4371/4524 4372/4372/4525 4423/4423/4576 4422/4422/4575
f 4372/4372/4525 4373/4373/4526 4424/4424/4577 4423/4423/4576
f 4373/4373/4526 4374/4374/4527 4425/4425/4578 4424/4424/4577
f 4374/4374/4527 4375/4375/4528 4426/4426/4579 4425/4425/4578
f 4375/4375/4528 4376/4376/4529 4427/4427/4580 4426/4426/4579
f 4376/4376/4529 4377/4377/4530 4428/4428/4581 4427/4427/4580
f 4377/4377/4530 4378/4378/4531 4429/4429/4582 4428/4428/4581
f 4378/4378/4531 4379/4379/4532 4430/4430/4583 4429/4429/4582
f 4379/4379/4532 4380/4380/4533 4431/4431/4584 4430/4430/4583
f 4380/4380/4533 4381/4381/4534 4432/4432/4585 4431/4431/4584
f 4381/4381/4534 4382/4382/4535 4433/4433/4586 4432/4432/4585
f 4382/4382/4535 4383/4383/4536 4434/4434/4587 4433/4433/4586
f 4383/4383/4536 4384/4384/4537 4435/4435/4588 4434/4434/4587
f 4384/4384/4537 4385/4385/4538 4436/4436/4589 4435/4435/4588
f 4385/4385/4538 4386/4386/4539 4437/4437/4590 4436/4436/4589
f 4387/4387/4541 4388/4388/4540 4439/4439/4591 4438/4438/4592
f 4388/4388/4540 4389/4389/4542 4440/4440/4593 4439/4439/4591
f 4389/4389/4542 4390/4390/4543 4441/4441/4594 4440/4440/4593
f 4390/4390/4543 4391/4391/4544 4442/4442/4595 4441/4441/4594
f 4391/4391/4544 4392/4392/4545 4443/4443/4596 4442/4442/4595
f 4392/4392/4545 4393/4393/4546 4444/4444/4597 4443/4443/4596
f 4393/4393/4546 4394/4394/4547 4445/4445/4598 4444/4444/4597
f 4394/4394/4547 4395/4395/4548 4446/4446/4599 4445/4445/4598
f 4395/4395/4548 4396/4396/4549 4447/4447/4600 4446/4446/4599
f 4396/4396/4549 4397/4397/4550 4448/4448/4601 4447/4447/4600
f 4397/4397/4550 4398/4398/4551 4449/4449/4602 4448/4448/4601
f 4398/4398/4551 4399/4399/4552 4450/4450/4603 4449/4449/4602
f 4399/4399/4552 4400/4400/4553 4451/4451/4604 4450/4450/4603
f 4400/4400/4553 4401/4401/4554 4452/4452/4605 4451/4451/4604
f 4401/4401/4554 4402/4402/4555 4453/4453/4606 4452/4452/4605
f 4402/4402/4555 4403/4403/4556 4454/4454/4607 4453/4453/4606
f 4403/4403/4556 4404/4404/4557 4455/4455/4608 4454/4454/4607
f 4404/4404/4557 4405/4405/4558 4456/4456/4609 4455/4455/4608
f 4405/4405/4558 4406/4406/4559 4457/4457/4610 4456/4456/4609
f 4406/4406/4559 4407/4407/4560 4458/4458/4611 4457/4457/4610
f 4407/4407/4560 4408/4408/4561 4459/4459/4612 4458/4458/4611
f 4408/4408/4561 4409/4409/4562 4460/4460/4613 4459/4459/4612
f 4409/4409/4562 4410/4410/4563 4461/4461/4614 4460/4460/4613
f 4410/4410/4563 4411/4411/4564 4462/4462/4615 4461/4461/4614
f 4411/4411/4564 4412/4412/4565 4463/4463/4616 4462/4462/4615
f 4412/4412/4565 4413/4413/4566 4464/4464/4617 4463/4463/4616
f 4413/4413/4566 4414/4414/4567 4465/4465/4618 4464/4464/4617
f 4414/4414/4567 4415/4415/4568 4466/4466/4619 4465/4465/4618
f 4415/4415/4568 4416/4416/4569 4467/4467/4620 4466/4466/4619
f 4416/4416/4569 4417/4417/4570 4468/4468/4621 4467/4467/4620
f 4417/4417/4570 4418/4418/4571 4469/4469/4622 4468/4468/4621
f 4418/4418/4571 4419/4419/4572 4470/4470/4623 4469/4469/4622
f 4419/4419/4572 4420/4420/4573 4471/4471/4624 4470/4470/4623
f 4420/4420/4573 4421/4421/4574 4472/4472/4625 4471/4471/4624
f 4421/4421/4574 4422/4422/4575 4473/4473/4626 4472/4472/4625
f 4422/4422/4575 4423/4423/4576 4474/4474/4627 4473/4473/4626
f 4423/4423/4576 4424/4424/4577 4475/4475/4628 4474/4474/4627
f 4424/4424/4577 4425/4425/4578 4476/4476/4629 4475/4475/4628
f 4425/4425/4578 4426/4426/4579 4477/4477/4630 4476/4476/4629
f 4426/4426/4579 4427/4427/4580 4478/4478/4631 4477/4477/4630
f 4427/4427/4580 4428/4428/4581 4479/4479/4632 4478/4478/4631
f 4428/4428/4581 4429/4429/4582 4480/4480/4633 4479/4479/4632
f 4429/4429/4582 4430/4430/4583 4481/4481/4634 4480/4480/4633
f 4430/4430/4583 4431/4431/4584 4482/4482/4635 4481/4481/4634
f 4431/4431/4584 4432/4432/4585 4483/4483/4636 4482/4482/4635
f 4432/4432/4585 4433/4433/4586 4484/4484/4637 4483/4483/4636
f 4433/4433/4586 4434/4434/4587 4485/4485/4638 4484/4484/4637
f 4434/4434/4587 4435/4435/4588 4486/4486/4639 4485/4485/4638
f 4435/4435/4588 4436/4436/4589 4487/4487/4640 4486/4486/4639
f 4436/4436/4589 4437/4437/4590 4488/4488/4641 4487/4487/4640
f 4438/4438/4592 4439/4439/4591 4490/4490/4642 4489/4489/4643
f 4439/4439/4591 4440/4440/4593 4491/4491/4644 4490/4490/4642
f 4440/4440/4593 4441/4441/4594 4492/4492/4645 4491/4491/4644
f 4441/4441/4594 4442/4442/4595 4493/4493/4646 4492/4492/4645
f 4442/4442/4595 4443/4443/4596 4494/4494/4647 4493/4493/4646
f 4443/4443/4596 4444/4444/4597 4495/4495/4648 4494/4494/4647
f 4444/4444/4597 4445/4445/4598 4496/4496/4649 4495/4495/4648
f 4445/4445/4598 4446/4446/4599 4497/4497/4650 4496/4496/4649
f 4446/4446/4599 4447/4447/4600 4498/4498/4651 4497/4497/4650
f 4447/4447/4600 4448/4448/4601 4499/4499/4652 4498/4498/4651
f 4448/4448/4601 4449/4449/4602 4500/4500/4653 4499/4499/4652
f 4449/4449/4602 4450/4450/4603 4501/4501/4654 4500/4500/4653
f 4450/4450/4603 4451/4451/4604 4502/4502/4655 4501/4501/4654
f 4451/4451/4604 4452/4452/4605 4503/4503/4656 4502/4502/4655
f 4452/4452/4605 4453/4453/4606 4504/4504/4657 4503/4503/4656
f 4453/4453/4606 4454/4454/4607 4505/4505/4658 4504/4504/4657
f 4454/4454/4607 4455/4455/4608 4506/4506/4659 4505/4505/4658
f 4455/4455/4608 4456/4456/4609 4507/4507/4660 4506/4506/4659
f 4456/4456/4609 4457/4457/4610 4508/4508/4661 4507/4507/4660
f 4457/4457/4610 4458/4458/4611 4509/4509/4662 4508/4508/4661
f 4458/4458/4611 4459/4459/4612 4510/4510/4663 4509/4509/4662
f 4459/4459/4612 4460/4460/4613 4511/4511/4664 4510/4510/4663
f 4460/4460/4613 4461/4461/4614 4512/4512/4665 4511/4511/4664
f 4461/4461/4614 4462/4462/4615 4513/4513/4666 4512/4512/4665
f 4462/4462/4615 4463/4463/4616 4514/4514/4667 4513/4513/4666
f 4463/4463/4616 4464/4464/4617 4515/4515/4668 4514/4514/4667
f 4464/4464/4617 4465/4465/4618 4516/4516/4669 4515/4515/4668
f 4465/4465/4618 4466/4466/4619 4517/4517/4670 4516/4516/4669
f 4466/4466/4619 4467/4467/4620 4518/4518/4671 4517/4517/4670
f 4467/4467/4620 4468/4468/4621 4519/4519/4672 4518/4518/4671
f 4468/4468/4621 4469/4469/4622 4520/4520/4673 4519/4519/4672
f 4469/4469/4622 4470/4470/4623 4521/4521/4674 4520/4520/4673
f 4470/4470/4623 4471/4471/4624 4522/4522/4675 4521/4521/4674
f 4471/4471/4624 4472/4472/4625 4523/4523/4676 4522/4522/4675
f 4472/4472/4625 4473/4473/4626 4524/4524/4677 4523/4523/4676
f 4473/4473/4626 4474/4474/4627 4525/4525/4678 4524/4524/4677
f 4474/4474/4627 4475/4475/4628 4526/4526/4679 4525/4525/4678
f 4475/4475/4628 4476/4476/4629 4527/4527/4680 4526/4526/4679
f 4476/4476/4629 4477/4477/4630 4528/4528/4681 4527/4527/4680
f 4477/4477/4630 4478/4478/4631 4529/4529/4682 4528/4528/4681
f 4478/4478/4631 4479/4479/4632 4530/4530/4683 4529/4529/4682
f 4479/4479/4632 4480/4480/4633 4531/4531/4684 4530/4530/4683
f 4480/4480/4633 4481/4481/4634 4532/4532/4685 4531/4531/4684
f 4481/4481/4634 4482/4482/4635 4533/4533/4686 4532/4532/4685
f 4482/4482/4635 4483/4483/4636 4534/4534/4687 4533/4533/4686
f 4483/4483/4636 4484/4484/4637 4535/4535/4688 4534/4534/4687
f 4484/4484/4637 4485/4485/4638 4536/4536/4689 4535/4535/4688
f 4485/4485/4638 4486/4486/4639 4537/4537/4690 4536/4536/4689
f 4486/4486/4639 4487/4487/4640 4538/4538/4691 4537/4537/4690
f 4487/4487/4640 4488/4488/4641 4539/4539/4692 4538/4538/4691
f 4489/4489/4643 4490/4490/4642 4541/4541/4693 4540/4540/4694
f 4490/4490/4642 4491/4491/4644 4542/4542/4695 4541/4541/4693
f 4491/4491/4644 4492/4492/4645 4543/4543/4696 4542/4542/4695
f 4492/4492/4645 4493/4493/4646 4544/4544/4697 4543/4543/4696
f 4493/4493/4646 4494/4494/4647 4545/4545/4698 4544/4544/4697
f 4494/4494/4647 4495/4495/4648 4546/4546/4699 4545/4545/4698
f 4495/4495/4648 4496/4496/4649 4547/4547/4700 4546/4546/4699
f 4496/4496/4649 4497/4497/4650 4548/4548/4701 4547/4547/4700
f 4497/4497/4650 4498/4498/4651 4549/4549/4702 4548/4548/4701
f 4498/4498/4651 4499/4499/4652 4550/4550/4703 4549/4549/4702
f 4499/4499/4652 4500/4500/4653 4551/4551/4704 4550/4550/4703
f 4500/4500/4653 4501/4501/4654 4552/4552/4705 4551/4551/4704
f 4501/4501/4654 4502/4502/4655 4553/4553/4706 4552/4552/4705
f 4502/4502/4655 4503/4503/4656 4554/4554/4707 4553/4553/4706
f 4503/4503/4656 4504/4504/4657 4555/4555/4708 4554/4554/4707
f 4504/4504/4657 4505/4505/4658 4556/4556/4709 4555/4555/4708
f 4505/4505/4658 4506/4506/4659 4557/4557/4710 4556/4556/4709
f 4506/4506/4659 4507/4507/4660 4558/4558/4711 4557/4557/4710
f 4507/4507/4660 4508/4508/4661 4559/4559/4712 4558/4558/4711
f 4508/4508/4661 4509/4509/4662 4560/4560/4713 4559/4559/4712
f 4509/4509/4662 4510/4510/4663 4561/4561/4714 4560/4560/4713
f 4510/4510/4663 4511/4511/4664 4562/4562/4715 4561/4561/4714
f 4511/4511/4664 4512/4512/4665 4563/4563/4716 4562/4562/4715
f 4512/4512/4665 4513/4513/4666 4564/4564/4717 4563/4563/4716
f 4513/4513/4666 4514/4514/4667 4565/4565/4718 4564/4564/4717
f 4514/4514/4667 4515/4515/4668 4566/4566/4719 4565/4565/4718
f 4515/4515/4668 4516/4516/4669 4567/4567/4720 4566/4566/4719
f 4516/4516/4669 4517/4517/4670 4568/4568/4721 4567/4567/4720
f 4517/4517/4670 4518/4518/4671 4569/4569/4722 4568/4568/4721
f 4518/4518/4671 4519/4519/4672 4570/4570/4723 4569/4569/4722
f 4519/4519/4672 4520/4520/4673 4571/4571/4724 4570/4570/4723
f 4520/4520/4673 4521/4521/4674 4572/4572/4725 4571/4571/4724
f 4521/4521/4674 4522/4522/4675 4573/4573/4726 4572/4572/4725
f 4522/4522/4675 4523/4523/4676 4574/4574/4727 4573/4573/4726
f 4523/4523/4676 4524/4524/4677 4575/4575/4728 4574/4574/4727
f 4524/4524/4677 4525/4525/4678 4576/4576/4729 4575/4575/4728
f 4525/4525/4678 4526/4526/4679 4577/4577/4730 4576/4576/4729
f 4526/4526/4679 4527/4527/4680 4578/4578/4731 4577/4577/4730
f 4527/4527/4680 4528/4528/4681 4579/4579/4732 4578/4578/4731
f 4528/4528/4681 4529/4529/4682 4580/4580/4733 4579/4579/4732
f 4529/4529/4682 4530/4530/4683 4581/4581/4734 4580/4580/4733
f 4530/4530/4683 4531/4531/4684 4582/4582/4735 4581/4581/4734
f 4531/4531/4684 4532/4532/4685 4583/4583/4736 4582/4582/4735
f 4532/4532/4685 4533/4533/4686 4584/4584/4737 4583/4583/4736
f 4533/4533/4686 4534/4534/4687 4585/4585/4738 4584/4584/4737
f 4534/4534/4687 4535/4535/4688 4586/4586/4739 4585/4585/4738
f 4535/4535/4688 4536/4536/4689 4587/4587/4740 4586/4586/4739
f 4536/4536/4689 4537/4537/4690 4588/4588/4741 4587/4587/4740
f 4537/4537/4690 4538/4538/4691 4589/4589/4742 4588/4588/4741
f 4538/4538/4691 4539/4539/4692 4590/4590/4743 4589/4589/4742
f 4540/4540/4694 4541/4541/4693 4592/4592/4744 4591/4591/4745
f 4541/4541/4693 4542/4542/4695 4593/4593/4746 4592/4592/4744
f 4542/4542/4695 4543/4543/4696 4594/4594/4747 4593/4593/4746
f 4543/4543/4696 4544/4544/4697 4595/4595/4748 4594/4594/4747
f 4544/4544/4697 4545/4545/4698 4596/4596/4749 4595/4595/4748
f 4545/4545/4698 4546/4546/4699 4597/4597/4750 4596/4596/4749
f 4546/4546/4699 4547/4547/4700 4598/4598/4751 4597/4597/4750
f 4547/4547/4700 4548/4548/4701 4599/4599/4752 4598/4598/4751
f 4548/4548/4701 4549/4549/4702 4600/4600/4753 4599/4599/4752
f 4549/4549/4702 4550/4550/4703 4601/4601/4754 4600/4600/4753
f 4550/4550/4703 4551/4551/4704 4602/4602/4755 4601/4601/4754
f 4551/4551/4704 4552/4552/4705 4603/4603/4756 4602/4602/4755
f 4552/4552/4705 4553/4553/4706 4604/4604/4757 4603/4603/4756
f 4553/4553/4706 4554/4554/4707 4605/4605/4758 4604/4604/4757
f 4554/4554/4707 4555/4555/4708 4606/4606/4759 4605/4605/4758
f 4555/4555/4708 4556/4556/4709 4607/4607/4760 4606/4606/4759
f 4556/4556/4709 4557/4557/4710 4608/4608/4761 4607/4607/4760
f 4557/4557/4710 4558/4558/4711 4609/4609/4762 4608/4608/4761
f 4558/4558/4711 4559/4559/4712 4610/4610/4763 4609/4609/4762
f 4559/4559/4712 4560/4560/4713 4611/4611/4764 4610/4610/4763
f 4560/4560/4713 4561/4561/4714 4612/4612/4765 4611/4611/4764
f 4561/4561/4714 4562/4562/4715 4613/4613/4766 4612/4612/4765
f 4562/4562/4715 4563/4563/4716 4614/4614/4767 4613/4613/4766
f 4563/4563/4716 4564/4564/4717 4615/4615/4768 4614/4614/4767
f 4564/4564/4717 4565/4565/4718 4616/4616/4769 4615/4615/4768
f 4565/4565/4718 4566/4566/4719 4617/4617/4770 4616/4616/4769
f 4566/4566/4719 4567/4567/4720 4618/4618/4771 4617/4617/4770
f 4567/4567/4720 4568/4568/4721 4619/4619/4772 4618/4618/4771
f 4568/4568/4721 4569/4569/4722 4620/4620/4773 4619/4619/4772
f 4569/4569/4722 4570/4570/4723 4621/4621/4774 4620/4620/4773
f 4570/4570/4723 4571/4571/4724 4622/4622/4775 4621/4621/4774
f 4571/4571/4724 4572/4572/4725 4623/4623/4776 4622/4622/4775
f 4572/4572/4725 4573/4573/4726 4624/4624/4777 4623/4623/4776
f 4573/4573/4726 4574/4574/4727 4625/4625/4778 4624/4624/4777
f 4574/4574/4727 4575/4575/4728 4626/4626/4779 4625/4625/4778
f 4575/4575/4728 4576/4576/4729 4627/4627/4780 4626/4626/4779
f 4576/4576/4729 4577/4577/4730 4628/4628/4781 4627/4627/4780
f 4577/4577/4730 4578/4578/4731 4629/4629/4782 4628/4628/4781
f 4578/4578/4731 4579/4579/4732 4630/4630/4783 4629/4629/4782
f 4579/4579/4732 4580/4580/4733 4631/4631/4784 4630/4630/4783
f 4580/4580/4733 4581/4581/4734 4632/4632/4785 4631/4631/4784
f 4581/4581/4734 4582/4582/4735 4633/4633/4786 4632/4632/4785
f 4582/4582/4735 4583/4583/4736 4634/4634/4787 4633/4633/4786
f 4583/4583/4736 4584/4584/4737 4635/4635/4788 4634/4634/4787
f 4584/4584/4737 4585/4585/4738 4636/4636/4789 4635/4635/4788
f 4585/4585/4738 4586/4586/4739 4637/4637/4790 4636/4636/4789
f 4586/4586/4739 4587/4587/4740 4638/4638/4791 4637/4637/4790
f 4587/4587/4740 4588/4588/4741 4639/4639/4792 4638/4638/4791
f 4588/4588/4741 4589/4589/4742 4640/4640/4793 4639/4639/4792
f 4589/4589/4742 4590/4590/4743 4641/4641/4794 4640/4640/4793
f 4591/4591/4745 4592/4592/4744 4643/4643/4795 4642/4642/4796
f 4592/4592/4744 4593/4593/4746 4644/4644/4797 4643/4643/4795
f 4593/4593/4746 4594/4594/4747 4645/4645/4798 4644/4644/4797
f 4594/4594/4747 4595/4595/4748 4646/4646/4799 4645/4645/4798
f 4595/4595/4748 4596/4596/4749 4647/4647/4800 4646/4646/4799
f 4596/4596/4749 4597/4597/4750 4648/4648/4801 4647/4647/4800
f 4597/4597/4750 4598/4598/4751 4649/4649/4802 4648/4648/4801
f 4598/4598/4751 4599/4599/4752 4650/4650/4803 4649/4649/4802
f 4599/4599/4752 4600/4600/4753 4651/4651/4804 4650/4650/4803
f 4600/4600/4753 4601/4601/4754 4652/4652/4805 4651/4651/4804
f 4601/4601/4754 4602/4602/4755 4653/4653/4806 4652/4652/4805
f 4602/4602/4755 4603/4603/4756 4654/4654/4807 4653/4653/4806
f 4603/4603/4756 4604/4604/4757 4655/4655/4808 4654/4654/4807
f 4604/4604/4757 4605/4605/4758 4656/4656/4809 4655/4655/4808
f 4605/4605/4758 4606/4606/4759 4657/4657/4810 4656/4656/4809
f 4606/4606/4759 4607/4607/4760 4658/4658/4811 4657/4657/4810
f 4607/4607/4760 4608/4608/4761 4659/4659/4812 4658/4658/4811
f 4608/4608/4761 4609/4609/4762 4660/4660/4813 4659/4659/4812
f 4609/4609/4762 4610/4610/4763 4661/4661/4814 4660/4660/4813
f 4610/4610/4763 4611/4611/4764 4662/4662/4815 4661/4661/4814
f 4611/4611/4764 4612/4612/4765 4663/4663/4816 4662/4662/4815
f 4612/4612/4765 4613/4613/4766 4664/4664/4817 4663/4663/4816
f 4613/4613/4766 4614/4614/4767 4665/4665/4818 4664/4664/4817
f 4614/4614/4767 4615/4615/4768 4666/4666/4819 4665/4665/4818
f 4615/4615/4768 4616/4616/4769 4667/4667/4820 4666/4666/4819
f 4616/4616/4769 4617/4617/4770 4668/4668/4821 4667/4667/4820
f 4617/4617/4770 4618/4618/4771 4669/4669/4822 4668/4668/4821
f 4618/4618/4771 4619/4619/4772 4670/4670/4823 4669/4669/4822
f 4619/4619/4772 4620/4620/4773 4671/4671/4824 4670/4670/4823
f 4620/4620/4773 4621/4621/4774 4672/4672/4825 4671/4671/4824
f 4621/4621/4774 4622/4622/4775 4673/4673/4826 4672/4672/4825
f 4622/4622/4775 4623/4623/4776 4674/4674/4827 4673/4673/4826
f 4623/4623/4776 4624/4624/4777 4675/4675/4828 4674/4674/4827
f 4624/4624/4777 4625/4625/4778 4676/4676/4829 4675/4675/4828
f 4625/4625/4778 4626/4626/4779 4677/4677/4830 4676/4676/4829
f 4626/4626/4779 4627/4627/4780 4678/4678/4831 4677/4677/4830
f 4627/4627/4780 4628/4628/4781 4679/4679/4832 4678/4678/4831
f 4628/4628/4781 4629/4629/4782 4680/4680/4833 4679/4679/4832
f 4629/4629/4782 4630/4630/4783 4681/4681/4834 4680/4680/4833
f 4630/4630/4783 4631/4631/4784 4682/4682/4835 4681/4681/4834
f 4631/4631/4784 4632/4632/4785 4683/4683/4836 4682/4682/4835
f 4632/4632/4785 4633/4633/4786 4684/4684/4837 4683/4683/4836
f 4633/4633/4786 4634/4634/4787 4685/4685/4838 4684/4684/4837
f 4634/4634/4787 4635/4635/4788 4686/4686/4839 4685/4685/4838
f 4635/4635/4788 4636/4636/4789 4687/4687/4840 4686/4686/4839
f 4636/4636/4789 4637/4637/4790 4688/4688/4841 4687/4687/4840
f 4637/4637/4790 4638/4638/4791 4689/4689/4842 4688/4688/4841
f 4638/4638/4791 4639/4639/4792 4690/4690/4843 4689/4689/4842
f 4639/4639/4792 4640/4640/4793 4691/4691/4844 4690/4690/4843
f 4640/4640/4793 4641/4641/4794 4692/4692/4845 4691/4691/4844
f 4642/4642/4796 4643/4643/4795 4694/4694/4846 4693/4693/4847
f 4643/4643/4795 4644/4644/4797 4695/4695/4848 4694/4694/4846
f 4644/4644/4797 4645/4645/4798 4696/4696/4849 4695/4695/4848
f 4645/4645/4798 4646/4646/4799 4697/4697/4850 4696/4696/4849
f 4646/4646/4799 4647/4647/4800 4698/4698/4851 4697/4697/4850
f 4647/4647/4800 4648/4648/4801 4699/4699/4852 4698/4698/4851
f 4648/4648/4801 4649/4649/4802 4700/4700/4853 4699/4699/4852
f 4649/4649/4802 4650/4650/4803 4701/4701/4854 4700/4700/4853
f 4650/4650/4803 4651/4651/4804 4702/4702/4855 4701/4701/4854
f 4651/4651/4804 4652/4652/4805 4703/4703/4856 4702/4702/4855
f 4652/4652/4805 4653/4653/4806 4704/4704/4857 4703/4703/4856
f 4653/4653/4806 4654/4654/4807 4705/4705/4858 4704/4704/4857
f 4654/4654/4807 4655/4655/4808 4706/4706/4859 4705/4705/4858
f 4655/4655/4808 4656/4656/4809 4707/4707/4860 4706/4706/4859
f 4656/4656/4809 4657/4657/4810 4708/4708/4861 4707/4707/4860
f 4657/4657/4810 4658/4658/4811 4709/4709/4862 4708/4708/4861
f 4658/4658/4811 4659/4659/4812 4710/4710/4863 4709/4709/4862
f 4659/4659/4812 4660/4660/4813 4711/4711/4864 4710/4710/4863
f 4660/4660/4813 4661/4661/4814 4712/4712/4865 4711/4711/4864
f 4661/4661/4814 4662/4662/4815 4713/4713/4866 4712/4712/4865
f 4662/4662/4815 4663/4663/4816 4714/4714/4867 4713/4713/4866
f 4663/4663/4816 4664/4664/4817 4715/4715/4868 4714/4714/4867
f 4664/4664/4817 4665/4665/4818 4716/4716/4869 4715/4715/4868
f 4665/4665/4818 4666/4666/4819 4717/4717/4870 4716/4716/4869
f 4666/4666/4819 4667/4667/4820 4718/4718/4871 4717/4717/4870
f 4667/4667/4820 4668/4668/4821 4719/4719/4872 4718/4718/4871
f 4668/4668/4821 4669/4669/4822 4720/4720/4873 4719/4719/4872
f 4669/4669/4822 4670/4670/4823 4721/4721/4874 4720/4720/4873
f 4670/4670/4823 4671/4671/4824 4722/4722/4875 4721/4721/4874
f 4671/4671/4824 4672/4672/4825 4723/4723/4876 4722/4722/4875
f 4672/4672/4825 4673/4673/4826 4724/4724/4877 4723/4723/4876
f 4673/4673/4826 4674/4674/4827 4725/4725/4878 4724/4724/4877
f 4674/4674/4827 4675/4675/4828 4726/4726/4879 4725/4725/4878
f 4675/4675/4828 4676/4676/4829 4727/4727/4880 4726/4726/4879
f 4676/4676/4829 4677/4677/4830 4728/4728/4881 4727/4727/4880
f 4677/4677/4830 4678/4678/4831 4729/4729/4882 4728/4728/4881
f 4678/4678/4831 4679/4679/4832 4730/4730/4883 4729/4729/4882
f 4679/4679/4832 4680/4680/4833 4731/4731/4884 4730/4730/4883
f 4680/4680/4833 4681/4681/4834 4732/4732/4885 4731/4731/4884
f 4681/4681/4834 4682/4682/4835 4733/4733/4886 4732/4732/4885
f 4682/4682/4835 4683/4683/4836 4734/4734/4887 4733/4733/4886
f 4683/4683/4836 4684/4684/4837 4735/4735/4888 4734/4734/4887
f 4684/4684/4837 4685/4685/4838 4736/4736/4889 4735/4735/4888
f 4685/4685/4838 4686/4686/4839 4737/4737/4890 4736/4736/4889
f 4686/4686/4839 4687/4687/4840 4738/4738/4891 4737/4737/4890
f 4687/4687/4840 4688/4688/4841 4739/4739/4892 4738/4738/4891
f 4688/4688/4841 4689/4689/4842 4740/4740/4893 4739/4739/4892
f 4689/4689/4842 4690/4690/4843 4741/4741/4894 4740/4740/4893
f 4690/4690/4843 4691/4691/4844 4742/4742/4895 4741/4741/4894
f 4691/4691/4844 4692/4692/4845 4743/4743/4896 4742/4742/4895
f 4693/4693/4847 4694/4694/4846 4745/4745/4897 4744/4744/4898
f 4694/4694/4846 4695/4695/4848 4746/4746/4899 4745/4745/4897
f 4695/4695/4848 4696/4696/4849 4747/4747/4900 4746/4746/4899
f 4696/4696/4849 4697/4697/4850 4748/4748/4901 4747/4747/4900
f 4697/4697/4850 4698/4698/4851 4749/4749/4902 4748/4748/4901
f 4698/4698/4851 4699/4699/4852 4750/4750/4903 4749/4749/4902
f 4699/4699/4852 4700/4700/4853 4751/4751/4904 4750/4750/4903
f 4700/4700/4853 4701/4701/4854 4752/4752/4905 4751/4751/4904
f 4701/4701/4854 4702/4702/4855 4753/4753/4906 4752/4752/4905
f 4702/4702/4855 4703/4703/4856 4754/4754/4907 4753/4753/4906
f 4703/4703/4856 4704/4704/4857 4755/4755/4908 4754/4754/4907
f 4704/4704/4857 4705/4705/4858 4756/4756/4909 4755/4755/4908
f 4705/4705/4858 4706/4706/4859 4757/4757/4910 4756/4756/4909
f 4706/4706/4859 4707/4707/4860 4758/4758/4911 4757/4757/4910
f 4707/4707/4860 4708/4708/4861 4759/4759/4912 4758/4758/4911
f 4708/4708/4861 4709/4709/4862 4760/4760/4913 4759/4759/4912
f 4709/4709/4862 4710/4710/4863 4761/4761/4914 4760/4760/4913
f 4710/4710/4863 4711/4711/4864 4762/4762/4915 4761/4761/4914
f 4711/4711/4864 4712/4712/4865 4763/4763/4916 4762/4762/4915
f 4712/4712/4865 4713/4713/4866 4764/4764/4917 4763/4763/4916
f 4713/4713/4866 4714/4714/4867 4765/4765/4918 4764/4764/4917
f 4714/4714/4867 4715/4715/4868 4766/4766/4919 4765/4765/4918
f 4715/4715/4868 4716/4716/4869 4767/4767/4920 4766/4766/4919
f 4716/4716/4869 4717/4717/4870 4768/4768/4921 4767/4767/4920
f 4717/4717/4870 4718/4718/4871 4769/4769/4922 4768/4768/4921
f 4718/4718/4871 4719/4719/4872 4770/4770/4923 4769/4769/4922
f 4719/4719/4872 4720/4720/4873 4771/4771/4924 4770/4770/4923
f 4720/4720/4873 4721/4721/4874 4772/4772/4925 4771/4771/4924
f 4721/4721/4874 4722/4722/4875 4773/4773/4926 4772/4772/4925
f 4722/4722/4875 4723/4723/4876 4774/4774/4927 4773/4773/4926
f 4723/4723/4876 4724/4724/4877 4775/4775/4928 4774/4774/4927
f 4724/4724/4877 4725/4725/4878 4776/4776/4929 4775/4775/4928
f 4725/4725/4878 4726/4726/4879 4777/4777/4930 4776/4776/4929
f 4726/4726/4879 4727/4727/4880 4778/4778/4931 4777/4777/4930
f 4727/4727/4880 4728/4728/4881 4779/4779/4932 4778/4778/4931
f 4728/4728/4881 4729/4729/4882 4780/4780/4933 4779/4779/4932
f 4729/4729/4882 4730/4730/4883 4781/4781/4934 4780/4780/4933
f 4730/4730/4883 4731/4731/4884 4782/4782/4935 4781/4781/4934
f 4731/4731/4884 4732/4732/4885 4783/4783/4936 4782/4782/4935
f 4732/4732/4885 4733/4733/4886 4784/4784/4937 4783/4783/4936
f 4733/4733/4886 4734/4734/4887 4785/4785/4938 4784/4784/4937
f 4734/4734/4887 4735/4735/4888 4786/4786/4939 4785/4785/4938
f 4735/4735/4888 4736/4736/4889 4787/4787/4940 4786/4786/4939
f 4736/4736/4889 4737/4737/4890 4788/4788/4941 4787/4787/4940
f 4737/4737/4890 4738/4738/4891 4789/4789/4942 4788/4788/4941
f 4738/4738/4891 4739/4739/4892 4790/4790/4943 4789/4789/4942
f 4739/4739/4892 4740/4740/4893 4791/4791/4944 4790/4790/4943
f 4740/4740/4893 4741/4741/4894 4792/4792/4945 4791/4791/4944
f 4741/4741/4894 4742/4742/4895 4793/4793/4946 4792/4792/4945
f 4742/4742/4895 4743/4743/4896 4794/4794/4947 4793/4793/4946
f 4744/4744/4898 4745/4745/4897 4796/4796/4948 4795/4795/4949
f 4745/4745/4897 4746/4746/4899 4797/4797/4950 4796/4796/4948
f 4746/4746/4899 4747/4747/4900 4798/4798/4951 4797/4797/4950
f 4747/4747/4900 4748/4748/4901 4799/4799/4952 4798/4798/4951
f 4748/4748/4901 4749/4749/4902 4800/4800/4953 4799/4799/4952
f 4749/4749/4902 4750/4750/4903 4801/4801/4954 4800/4800/4953
f 4750/4750/4903 4751/4751/4904 4802/4802/4955 4801/4801/4954
f 4751/4751/4904 4752/4752/4905 4803/4803/4956 4802/4802/4955
f 4752/4752/4905 4753/4753/4906 4804/4804/4957 4803/4803/4956
f 4753/4753/4906 4754/4754/4907 4805/4805/4958 4804/4804/4957
f 4754/4754/4907 4755/4755/4908 4806/4806/4959 4805/4805/4958
f 4755/4755/4908 4756/4756/4909 4807/4807/4960 4806/4806/4959
f 4756/4756/4909 4757/4757/4910 4808/4808/4961 4807/4807/4960
f 4757/4757/4910 4758/4758/4911 4809/4809/4962 4808/4808/4961
f 4758/4758/4911 4759/4759/4912 4810/4810/4963 4809/4809/4962
f 4759/4759/4912 4760/4760/4913 4811/4811/4964 4810/4810/4963
f 4760/4760/4913 4761/4761/4914 4812/4812/4965 4811/4811/4964
f 4761/4761/4914 4762/4762/4915 4813/4813/4966 4812/4812/4965
f 4762/4762/4915 4763/4763/4916 4814/4814/4967 4813/4813/4966
f 4763/4763/4916 4764/4764/4917 4815/4815/4968 4814/4814/4967
f 4764/4764/4917 4765/4765/4918 4816/4816/4969 4815/4815/4968
f 4765/4765/4918 4766/4766/4919 4817/4817/4970 4816/4816/4969
f 4766/4766/4919 4767/4767/4920 4818/4818/4971 4817/4817/4970
f 4767/4767/4920 4768/4768/4921 4819/4819/4972 4818/4818/4971
f 4768/4768/4921 4769/4769/4922 4820/4820/4973 4819/4819/4972
f 4769/4769/4922 4770/4770/4923 4821/4821/4974 4820/4820/4973
f 4770/4770/4923 4771/4771/4924 4822/4822/4975 4821/4821/4974
f 4771/4771/4924 4772/4772/4925 4823/4823/4976 4822/4822/4975
f 4772/4772/4925 4773/4773/4926 4824/4824/4977 4823/4823/4976
f 4773/4773/4926 4774/4774/4927 4825/4825/4978 4824/4824/4977
f 4774/4774/4927 4775/4775/4928 4826/4826/4979 4825/4825/4978
f 4775/4775/4928 4776/4776/4929 4827/4827/4980 4826/4826/4979
f 4776/4776/4929 4777/4777/4930 4828/4828/4981 4827/4827/4980
f 4777/4777/4930 4778/4778/4931 4829/4829/4982 4828/4828/4981
f 4778/4778/4931 4779/4779/4932 4830/4830/4983 4829/4829/4982
f 4779/4779/4932 4780/4780/4933 4831/4831/4984 4830/4830/4983
f 4780/4780/4933 4781/4781/4934 4832/4832/4985 4831/4831/4984
f 4781/4781/4934 4782/4782/4935 4833/4833/4986 4832/4832/4985
f 4782/4782/4935 4783/4783/4936 4834/4834/4987 4833/4833/4986
f 4783/4783/4936 4784/4784/4937 4835/4835/4988 4834/4834/4987
f 4784/4784/4937 4785/4785/4938 4836/4836/4989 4835/4835/4988
f 4785/4785/4938 4786/4786/4939 4837/4837/4990 4836/4836/4989
f 4786/4786/4939 4787/4787/4940 4838/4838/4991 4837/4837/4990
f 4787/4787/4940 4788/4788/4941 4839/4839/4992 4838/4838/4991
f 4788/4788/4941 4789/4789/4942 4840/4840/4993 4839/4839/4992
f 4789/4789/4942 4790/4790/4943 4841/4841/4994 4840/4840/4993
f 4790/4790/4943 4791/4791/4944 4842/4842/4995 4841/4841/4994
f 4791/4791/4944 4792/4792/4945 4843/4843/4996 4842/4842/4995
f 4792/4792/4945 4793/4793/4946 4844/4844/4997 4843/4843/4996
f 4793/4793/4946 4794/4794/4947 4845/4845/4998 4844/4844/4997
f 4795/4795/4949 4796/4796/4948 4847/4847/4999 4846/4846/5000
f 4796/4796/4948 4797/4797/4950 4848/4848/5001 4847/4847/4999
f 4797/4797/4950 4798/4798/4951 4849/4849/5002 4848/4848/5001
f 4798/4798/4951 4799/4799/4952 4850/4850/5003 4849/4849/5002
f 4799/4799/4952 4800/4800/4953 4851/4851/5004 4850/4850/5003
f 4800/4800/4953 4801/4801/4954 4852/4852/5005 4851/4851/5004
f 4801/4801/4954 4802/4802/4955 4853/4853/5006 4852/4852/5005
f 4802/4802/4955 4803/4803/4956 4854/4854/5007 4853/4853/5006
f 4803/4803/4956 4804/4804/4957 4855/4855/5008 4854/4854/5007
f 4804/4804/4957 4805/4805/4958 4856/4856/5009 4855/4855/5008
f 4805/4805/4958 4806/4806/4959 4857/4857/5010 4856/4856/5009
f 4806/4806/4959 4807/4807/4960 4858/4858/5011 4857/4857/5010
f 4807/4807/4960 4808/4808/4961 4859/4859/5012 4858/4858/5011
f 4808/4808/4961 4809/4809/4962 4860/4860/5013 4859/4859/5012
f 4809/4809/4962 4810/4810/4963 4861/4861/5014 4860/4860/5013
f 4810/4810/4963 4811/4811/4964 4862/4862/5015 4861/4861/5014
f 4811/4811/4964 4812/4812/4965 4863/4863/5016 4862/4862/5015
f 4812/4812/4965 4813/4813/4966 4864/4864/5017 4863/4863/5016
f 4813/4813/4966 4814/4814/4967 4865/4865/5018 4864/4864/5017
f 4814/4814/4967 4815/4815/4968 4866/4866/5019 4865/4865/5018
f 4815/4815/4968 4816/4816/4969 4867/4867/5020 4866/4866/5019
f 4816/4816/4969 4817/4817/4970 4868/4868/5021 4867/4867/5020
f 4817/4817/4970 4818/4818/4971 4869/4869/5022 4868/4868/5021
f 4818/4818/4971 4819/4819/4972 4870/4870/5023 4869/4869/5022
f 4819/4819/4972 4820/4820/4973 4871/4871/5024 4870/4870/5023
f 4820/4820/4973 4821/4821/4974 4872/4872/5025 4871/4871/5024
f 4821/4821/4974 4822/4822/4975 4873/4873/5026 4872/4872/5025
f 4822/4822/4975 4823/4823/4976 4874/4874/5027 4873/4873/5026
f 4823/4823/4976 4824/4824/4977 4875/4875/5028 4874/4874/5027
f 4824/4824/4977 4825/4825/4978 4876/4876/5029 4875/4875/5028
f 4825/4825/4978 4826/4826/4979 4877/4877/5030 4876/4876/5029
f 4826/4826/4979 4827/4827/4980 4878/4878/5031 4877/4877/5030
f 4827/4827/4980 4828/4828/4981 4879/4879/5032 4878/4878/5031
f 4828/4828/4981 4829/4829/4982 4880/4880/5033 4879/4879/5032
f 4829/4829/4982 4830/4830/4983 4881/4881/5034 4880/4880/5033
f 4830/4830/4983 4831/4831/4984 4882/4882/5035 4881/4881/5034
f 4831/4831/4984 4832/4832/4985 4883/4883/5036 4882/4882/5035
f 4832/4832/4985 4833/4833/4986 4884/4884/5037 4883/4883/5036
f 4833/4833/4986 4834/4834/4987 4885/4885/5038 4884/4884/5037
f 4834/4834/4987 4835/4835/4988 4886/4886/5039 4885/4885/5038
f 4835/4835/4988 4836/4836/4989 4887/4887/5040 4886/4886/5039
f 4836/4836/4989 4837/4837/4990 4888/4888/5041 4887/4887/5040
f 4837/4837/4990 4838/4838/4991 4889/4889/5042 4888/4888/5041
f 4838/4838/4991 4839/4839/4992 4890/4890/5043 4889/4889/5042
f 4839/4839/4992 4840/4840/4993 4891/4891/5044 4890/4890/5043
f 4840/4840/4993 4841/4841/4994 4892/4892/5045 4891/4891/5044
f 4841/4841/4994 4842/4842/4995 4893/4893/5046 4892/4892/5045
f 4842/4842/4995 4843/4843/4996 4894/4894/5047 4893/4893/5046
f 4843/4843/4996 4844/4844/4997 4895/4895/5048 4894/4894/5047
f 4844/4844/4997 4845/4845/4998 4896/4896/5049 4895/4895/5048
f 4846/4846/5000 4847/4847/4999 4898/4898/5050 4897/4897/5051
f 4847/4847/4999 4848/4848/5001 4899/4899/5052 4898/4898/5050
f 4848/4848/5001 4849/4849/5002 4900/4900/5053 4899/4899/5052
f 4849/4849/5002 4850/4850/5003 4901/4901/5054 4900/4900/5053
f 4850/4850/5003 4851/4851/5004 4902/4902/5055 4901/4901/5054
f 4851/4851/5004 4852/4852/5005 4903/4903/5056 4902/4902/5055
f 4852/4852/5005 4853/4853/5006 4904/4904/5057 4903/4903/5056
f 4853/4853/5006 4854/4854/5007 4905/4905/5058 4904/4904/5057
f 4854/4854/5007 4855/4855/5008 4906/4906/5059 4905/4905/5058
f 4855/4855/5008 4856/4856/5009 4907/4907/5060 4906/4906/5059
f 4856/4856/5009 4857/4857/5010 4908/4908/5061 4907/4907/5060
f 4857/4857/5010 4858/4858/5011 4909/4909/5062 4908/4908/5061
f 4858/4858/5011 4859/4859/5012 4910/4910/5063 4909/4909/5062
f 4859/4859/5012 4860/4860/5013 4911/4911/5064 4910/4910/5063
f 4860/4860/5013 4861/4861/5014 4912/4912/5065 4911/4911/5064
f 4861/4861/5014 4862/4862/5015 4913/4913/5066 4912/4912/5065
f 4862/4862/5015 4863/4863/5016 4914/4914/5067 4913/4913/5066
f 4863/4863/5016 4864/4864/5017 4915/4915/5068 4914/4914/5067
f 4864/4864/5017 4865/4865/5018 4916/4916/5069 4915/4915/5068
f 4865/4865/5018 4866/4866/5019 4917/4917/5070 4916/4916/5069
f 4866/4866/5019 4867/4867/5020 4918/4918/5071 4917/4917/5070
f 4867/4867/5020 4868/4868/5021 4919/4919/5072 4918/4918/5071
f 4868/4868/5021 4869/4869/5022 4920/4920/5073 4919/4919/5072
f 4869/4869/5022 4870/4870/5023 4921/4921/5074 4920/4920/5073
f 4870/4870/5023 4871/4871/5024 4922/4922/5075 4921/4921/5074
f 4871/4871/5024 4872/4872/5025 4923/4923/5076 4922/4922/5075
f 4872/4872/5025 4873/4873/5026 4924/4924/5077 4923/4923/5076
f 4873/4873/5026 4874/4874/5027 4925/4925/5078 4924/4924/5077
f 4874/4874/5027 4875/4875/5028 4926/4926/5079 4925/4925/5078
f 4875/4875/5028 4876/4876/5029 4927/4927/5080 4926/4926/5079
f 4876/4876/5029 4877/4877/5030 4928/4928/5081 4927/4927/5080
f 4877/4877/5030 4878/4878/5031 4929/4929/5082 4928/4928/5081
f 4878/4878/5031 4879/4879/5032 4930/4930/5083 4929/4929/5082
f 4879/4879/5032 4880/4880/5033 4931/4931/5084 4930/4930/5083
f 4880/4880/5033 4881/4881/5034 4932/4932/5085 4931/4931/5084
f 4881/4881/5034 4882/4882/5035 4933/4933/5086 4932/4932/5085
f 4882/4882/5035 4883/4883/5036 4934/4934/5087 4933/4933/5086
f 4883/4883/5036 4884/4884/5037 4935/4935/5088 4934/4934/5087
f 4884/4884/5037 4885/4885/5038 4936/4936/5089 4935/4935/5088
f 4885/4885/5038 4886/4886/5039 4937/4937/5090 4936/4936/5089
f 4886/4886/5039 4887/4887/5040 4938/4938/5091 4937/4937/5090
f 4887/4887/5040 4888/4888/5041 4939/4939/5092 4938/4938/5091
f 4888/4888/5041 4889/4889/5042 4940/4940/5093 4939/4939/5092
f 4889/4889/5042 4890/4890/5043 4941/4941/5094 4940/4940/5093
f 4890/4890/5043 4891/4891/5044 4942/4942/5095 4941/4941/5094
f 4891/4891/5044 4892/4892/5045 4943/4943/5096 4942/4942/5095
f 4892/4892/5045 4893/4893/5046 4944/4944/5097 4943/4943/5096
f 4893/4893/5046 4894/4894/5047 4945/4945/5098 4944/4944/5097
f 4894/4894/5047 4895/4895/5048 4946/4946/5099 4945/4945/5098
f 4895/4895/5048 4896/4896/5049 4947/4947/5100 4946/4946/5099
f 4897/4897/5051 4898/4898/5050 4949/4949/5101 4948/4948/5102
f 4898/4898/5050 4899/4899/5052 4950/4950/5103 4949/4949/5101
f 4899/4899/5052 4900/4900/5053 4951/4951/5104 4950/4950/5103
f 4900/4900/5053 4901/4901/5054 4952/4952/5105 4951/4951/5104
f 4901/4901/5054 4902/4902/5055 4953/4953/5106 4952/4952/5105
f 4902/4902/5055 4903/4903/5056 4954/4954/5107 4953/4953/5106
f 4903/4903/5056 4904/4904/5057 4955/4955/5108 4954/4954/5107
f 4904/4904/5057 4905/4905/5058 4956/4956/5109 4955/4955/5108
f 4905/4905/5058 4906/4906/5059 4957/4957/5110 4956/4956/5109
f 4906/4906/5059 4907/4907/5060 4958/4958/5111 4957/4957/5110
f 4907/4907/5060 4908/4908/5061 4959/4959/5112 4958/4958/5111
f 4908/4908/5061 4909/4909/5062 4960/4960/5113 4959/4959/5112
f 4909/4909/5062 4910/4910/5063 4961/4961/5114 4960/4960/5113
f 4910/4910/5063 4911/4911/5064 4962/4962/5115 4961/4961/5114
f 4911/4911/5064 4912/4912/5065 4963/4963/5116 4962/4962/5115
f 4912/4912/5065 4913/4913/5066 4964/4964/5117 4963/4963/5116
f 4913/4913/5066 4914/4914/5067 4965/4965/5118 4964/4964/5117
f 4914/4914/5067 4915/4915/5068 4966/4966/5119 4965/4965/5118
f 4915/4915/5068 4916/4916/5069 4967/4967/5120 4966/4966/5119
f 4916/4916/5069 4917/4917/5070 4968/4968/5121 4967/4967/5120
f 4917/4917/5070 4918/4918/5071 4969/4969/5122 4968/4968/5121
f 4918/4918/5071 4919/4919/5072 4970/4970/5123 4969/4969/5122
f 4919/4919/5072 4920/4920/5073 4971/4971/5124 4970/4970/5123
f 4920/4920/5073 4921/4921/5074 4972/4972/5125 4971/4971/5124
f 4921/4921/5074 4922/4922/5075 4973/4973/5126 4972/4972/5125
f 4922/4922/5075 4923/4923/5076 4974/4974/5127 4973/4973/5126
f 4923/4923/5076 4924/4924/5077 4975/4975/5128 4974/4974/5127
f 4924/4924/5077 4925/4925/5078 4976/4976/5129 4975/4975/5128
f 4925/4925/5078 4926/4926/5079 4977/4977/5130 4976/4976/5129
f 4926/4926/5079 4927/4927/5080 4978/4978/5131 4977/4977/5130
f 4927/4927/5080 4928/4928/5081 4979/4979/5132 4978/4978/5131
f 4928/4928/5081 4929/4929/5082 4980/4980/5133 4979/4979/5132
f 4929/4929/5082 4930/4930/5083 4981/4981/5134 4980/4980/5133
f 4930/4930/5083 4931/4931/5084 4982/4982/5135 4981/4981/5134
f 4931/4931/5084 4932/4932/5085 4983/4983/5136 4982/4982/5135
f 4932/4932/5085 4933/4933/5086 4984/4984/5137 4983/4983/5136
f 4933/4933/5086 4934/4934/5087 4985/4985/5138 4984/4984/5137
f 4934/4934/5087 4935/4935/5088 4986/4986/5139 4985/4985/5138
f 4935/4935/5088 4936/4936/5089 4987/4987/5140 4986/4986/5139
f 4936/4936/5089 4937/4937/5090 4988/4988/5141 4987/4987/5140
f 4937/4937/5090 4938/4938/5091 4989/4989/5142 4988/4988/5141
f 4938/4938/5091 4939/4939/5092 4990/4990/5143 4989/4989/5142
f 4939/4939/5092 4940/4940/5093 4991/4991/5144 4990/4990/5143
f 4940/4940/5093 4941/4941/5094 4992/4992/5145 4991/4991/5144
f 4941/4941/5094 4942/4942/5095 4993/4993/5146 4992/4992/5145
f 4942/4942/5095 4943/4943/5096 4994/4994/5147 4993/4993/5146
f 4943/4943/5096 4944/4944/5097 4995/4995/5148 4994/4994/5147
f 4944/4944/5097 4945/4945/5098 4996/4996/5149 4995/4995/5148
f 4945/4945/5098 4946/4946/5099 4997/4997/5150 4996/4996/5149
f 4946/4946/5099 4947/4947/5100 4998/4998/5151 4997/4997/5150
f 4948/4948/5102 4949/4949/5101 5000/5000/5152 4999/4999/5153
f 4949/4949/5101 4950/4950/5103 5001/5001/5154 5000/5000/5152
f 4950/4950/5103 4951/4951/5104 5002/5002/5155 5001/5001/5154
f 4951/4951/5104 4952/4952/5105 5003/5003/5156 5002/5002/5155
f 4952/4952/5105 4953/4953/5106 5004/5004/5157 5003/5003/5156
f 4953/4953/5106 4954/4954/5107 5005/5005/5158 5004/5004/5157
f 4954/4954/5107 4955/4955/5108 5006/5006/5159 5005/5005/5158
f 4955/4955/5108 4956/4956/5109 5007/5007/5160 5006/5006/5159
f 4956/4956/5109 4957/4957/5110 5008/5008/5161 5007/5007/5160
f 4957/4957/5110 4958/4958/5111 5009/5009/5162 5008/5008/5161
f 4958/4958/5111 4959/4959/5112 5010/5010/5163 5009/5009/5162
f 4959/4959/5112 4960/4960/5113 5011/5011/5164 5010/5010/5163
f 4960/4960/5113 4961/4961/5114 5012/5012/5165 5011/5011/5164
f 4961/4961/5114 4962/4962/5115 5013/5013/5166 5012/5012/5165
f 4962/4962/5115 4963/4963/5116 5014/5014/5167 5013/5013/5166
f 4963/4963/5116 4964/4964/5117 5015/5015/5168 5014/5014/5167
f 4964/4964/5117 4965/4965/5118 5016/5016/5169 5015/5015/5168
f 4965/4965/5118 4966/4966/5119 5017/5017/5170 5016/5016/5169
f 4966/4966/5119 4967/4967/5120 5018/5018/5171 5017/5017/5170
f 4967/4967/5120 4968/4968/5121 5019/5019/5172 5018/5018/5171
f 4968/4968/5121 4969/4969/5122 5020/5020/5173 5019/5019/5172
f 4969/4969/5122 4970/4970/5123 5021/5021/5174 5020/5020/5173
f 4970/4970/5123 4971/4971/5124 5022/5022/5175 5021/5021/5174
f 4971/4971/5124 4972/4972/5125 5023/5023/5176 5022/5022/5175
f 4972/4972/5125 4973/4973/5126 5024/5024/5177 5023/5023/5176
f 4973/4973/5126 4974/4974/5127 5025/5025/5178 5024/5024/5177
f 4974/4974/5127 4975/4975/5128 5026/5026/5179 5025/5025/5178
f 4975/4975/5128 4976/4976/5129 5027/5027/5180 5026/5026/5179
f 4976/4976/5129 4977/4977/5130 5028/5028/5181 5027/5027/5180
f 4977/4977/5130 4978/4978/5131 5029/5029/5182 5028/5028/5181
f 4978/4978/5131 4979/4979/5132 5030/5030/5183 5029/5029/5182
f 4979/4979/5132 4980/4980/5133 5031/5031/5184 5030/5030/5183
f 4980/4980/5133 4981/4981/5134 5032/5032/5185 5031/5031/5184
f 4981/4981/5134 4982/4982/5135 5033/5033/5186 5032/5032/5185
f 4982/4982/5135 4983/4983/5136 5034/5034/5187 5033/5033/5186
f 4983/4983/5136 4984/4984/5137 5035/5035/5188 5034/5034/5187
f 4984/4984/5137 4985/4985/5138 5036/5036/5189 5035/5035/5188
f 4985/4985/5138 4986/4986/5139 5037/5037/5190 5036/5036/5189
f 4986/4986/5139 4987/4987/5140 5038/5038/5191 5037/5037/5190
f 4987/4987/5140 4988/4988/5141 5039/5039/5192 5038/5038/5191
f 4988/4988/5141 4989/4989/5142 5040/5040/5193 5039/5039/5192
f 4989/4989/5142 4990/4990/5143 5041/5041/5194 5040/5040/5193
f 4990/4990/5143 4991/4991/5144 5042/5042/5195 5041/5041/5194
f 4991/4991/5144 4992/4992/5145 5043/5043/5196 5042/5042/5195
f 4992/4992/5145 4993/4993/5146 5044/5044/5197 5043/5043/5196
f 4993/4993/5146 4994/4994/5147 5045/5045/5198 5044/5044/5197
f 4994/4994/5147 4995/4995/5148 5046/5046/5199 5045/5045/5198
f 4995/4995/5148 4996/4996/5149 5047/5047/5200 5046/5046/5199
f 4996/4996/5149 4997/4997/5150 5048/5048/5201 5047/5047/5200
f 4997/4997/5150 4998/4998/5151 5049/5049/5202 5048/5048/5201
f 4999/4999/5153 5000/5000/5152 5051/5051/5203 5050/5050/5204
f 5000/5000/5152 5001/5001/5154 5052/5052/5205 5051/5051/5203
f 5001/5001/5154 5002/5002/5155 5053/5053/5206 5052/5052/5205
f 5002/5002/5155 5003/5003/5156 5054/5054/5207 5053/5053/5206
f 5003/5003/5156 5004/5004/5157 5055/5055/5208 5054/5054/5207
f 5004/5004/5157 5005/5005/5158 5056/5056/5209 5055/5055/5208
f 5005/5005/5158 5006/5006/5159 5057/5057/5210 5056/5056/5209
f 5006/5006/5159 5007/5007/5160 5058/5058/5211 5057/5057/5210
f 5007/5007/5160 5008/5008/5161 5059/5059/5212 5058/5058/5211
f 5008/5008/5161 5009/5009/5162 5060/5060/5213 5059/5059/5212
f 5009/5009/5162 5010/5010/5163 5061/5061/5214 5060/5060/5213
f 5010/5010/5163 5011/5011/5164 5062/5062/5215 5061/5061/5214
f 5011/5011/5164 5012/5012/5165 5063/5063/5216 5062/5062/5215
f 5012/5012/5165 5013/5013/5166 5064/5064/5217 5063/5063/5216
f 5013/5013/5166 5014/5014/5167 5065/5065/5218 5064/5064/5217
f 5014/5014/5167 5015/5015/5168 5066/5066/5219 5065/5065/5218
f 5015/5015/5168 5016/5016/5169 5067/5067/5220 5066/5066/5219
f 5016/5016/5169 5017/5017/5170 5068/5068/5221 5067/5067/5220
f 5017/5017/5170 5018/5018/5171 5069/5069/5222 5068/5068/5221
f 5018/5018/5171 5019/5019/5172 5070/5070/5223 5069/5069/5222
f 5019/5019/5172 5020/5020/5173 5071/5071/5224 5070/5070/5223
f 5020/5020/5173 5021/5021/5174 5072/5072/5225 5071/5071/5224
f 5021/5021/5174 5022/5022/5175 5073/5073/5226 5072/5072/5225
f 5022/5022/5175 5023/5023/5176 5074/5074/5227 5073/5073/5226
f 5023/5023/5176 5024/5024/5177 5075/5075/5228 5074/5074/5227
f 5024/5024/5177 5025/5025/5178 5076/5076/5229 5075/5075/5228
f 5025/5025/5178 5026/5026/5179 5077/5077/5230 5076/5076/5229
f 5026/5026/5179 5027/5027/5180 5078/5078/5231 5077/5077/5230
f 5027/5027/5180 5028/5028/5181 5079/5079/5232 5078/5078/5231
f 5028/5028/5181 5029/5029/5182 5080/5080/5233 5079/5079/5232
f 5029/5029/5182 5030/5030/5183 5081/5081/5234 5080/5080/5233
f 5030/5030/5183 5031/5031/5184 5082/5082/5235 5081/5081/5234
f 5031/5031/5184 5032/5032/5185 5083/5083/5236 5082/5082/5235
f 5032/5032/5185 5033/5033/5186 5084/5084/5237 5083/5083/5236
f 5033/5033/5186 5034/5034/5187 5085/5085/5238 5084/5084/5237
f 5034/5034/5187 5035/5035/5188 5086/5086/5239 5085/5085/5238
f 5035/5035/5188 5036/5036/5189 5087/5087/5240 5086/5086/5239
f 5036/5036/5189 5037/5037/5190 5088/5088/5241 5087/5087/5240
f 5037/5037/5190 5038/5038/5191 5089/5089/5242 5088/5088/5241
f 5038/5038/5191 5039/5039/5192 5090/5090/5243 5089/5089/5242
f 5039/5039/5192 5040/5040/5193 5091/5091/5244 5090/5090/5243
f 5040/5040/5193 5041/5041/5194 5092/5092/5245 5091/5091/5244
f 5041/5041/5194 5042/5042/5195 5093/5093/5246 5092/5092/5245
f 5042/5042/5195 5043/5043/5196 5094/5094/5247 5093/5093/5246
f 5043/5043/5196 5044/5044/5197 5095/5095/5248 5094/5094/5247
f 5044/5044/5197 5045/5045/5198 5096/5096/5249 5095/5095/5248
f 5045/5045/5198 5046/5046/5199 5097/5097/5250 5096/5096/5249
f 5046/5046/5199 5047/5047/5200 5098/5098/5251 5097/5097/5250
f 5047/5047/5200 5048/5048/5201 5099/5099/5252 5098/5098/5251
f 5048/5048/5201 5049/5049/5202 5100/5100/5253 5099/5099/5252
f 5050/5050/5204 5051/5051/5203 5102/5102/5254 5101/5101/5255
f 5051/5051/5203 5052/5052/5205 5103/5103/5256 5102/5102/5254
f 5052/5052/5205 5053/5053/5206 5104/5104/5257 5103/5103/5256
f 5053/5053/5206 5054/5054/5207 5105/5105/5258 5104/5104/5257
f 5054/5054/5207 5055/5055/5208 5106/5106/5259 5105/5105/5258
f 5055/5055/5208 5056/5056/5209 5107/5107/5260 5106/5106/5259
f 5056/5056/5209 5057/5057/5210 5108/5108/5261 5107/5107/5260
f 5057/5057/5210 5058/5058/5211 5109/5109/5262 5108/5108/5261
f 5058/5058/5211 5059/5059/5212 5110/5110/5263 5109/5109/5262
f 5059/5059/5212 5060/5060/5213 5111/5111/5264 5110/5110/5263
f 5060/5060/5213 5061/5061/5214 5112/5112/5265 5111/5111/5264
f 5061/5061/5214 5062/5062/5215 5113/5113/5266 5112/5112/5265
f 5062/5062/5215 5063/5063/5216 5114/5114/5267 5113/5113/5266
f 5063/5063/5216 5064/5064/5217 5115/5115/5268 5114/5114/5267
f 5064/5064/5217 5065/5065/5218 5116/5116/5269 5115/5115/5268
f 5065/5065/5218 5066/5066/5219 5117/5117/5270 5116/5116/5269
f 5066/5066/5219 5067/5067/5220 5118/5118/5271 5117/5117/5270
f 5067/5067/5220 5068/5068/5221 5119/5119/5272 5118/5118/5271
f 5068/5068/5221 5069/5069/5222 5120/5120/5273 5119/5119/5272
f 5069/5069/5222 5070/5070/5223 5121/5121/5274 5120/5120/5273
f 5070/5070/5223 5071/5071/5224 5122/5122/5275 5121/5121/5274
f 5071/5071/5224 5072/5072/5225 5123/5123/5276 5122/5122/5275
f 5072/5072/5225 5073/5073/5226 5124/5124/5277 5123/5123/5276
f 5073/5073/5226 5074/5074/5227 5125/5125/5278 5124/5124/5277
f 5074/5074/5227 5075/5075/5228 5126/5126/5279 5125/5125/5278
f 5075/5075/5228 5076/5076/5229 5127/5127/5280 5126/5126/5279
f 5076/5076/5229 5077/5077/5230 5128/5128/5281 5127/5127/5280
f 5077/5077/5230 5078/5078/5231 5129/5129/5282 5128/5128/5281
f 5078/5078/5231 5079/5079/5232 5130/5130/5283 5129/5129/5282
f 5079/5079/5232 5080/5080/5233 5131/5131/5284 5130/5130/5283
f 5080/5080/5233 5081/5081/5234 5132/5132/5285 5131/5131/5284
f 5081/5081/5234 5082/5082/5235 5133/5133/5286 5132/5132/5285
f 5082/5082/5235 5083/5083/5236 5134/5134/5287 5133/5133/5286
f 5083/5083/5236 5084/5084/5237 5135/5135/5288 5134/5134/5287
f 5084/5084/5237 5085/5085/5238 5136/5136/5289 5135/5135/5288
f 5085/5085/5238 5086/5086/5239 5137/5137/5290 5136/5136/5289
f 5086/5086/5239 5087/5087/5240 5138/5138/5291 5137/5137/5290
f 5087/5087/5240 5088/5088/5241 5139/5139/5292 5138/5138/5291
f 5088/5088/5241 5089/5089/5242 5140/5140/5293 5139/5139/5292
f 5089/5089/5242 5090/5090/5243 5141/5141/5294 5140/5140/5293
f 5090/5090/5243 5091/5091/5244 5142/5142/5295 5141/5141/5294
f 5091/5091/5244 5092/5092/5245 5143/5143/5296 5142/5142/5295
f 5092/5092/5245 5093/5093/5246 5144/5144/5297 5143/5143/5296
f 5093/5093/5246 5094/5094/5247 5145/5145/5298 5144/5144/5297
f 5094/5094/5247 5095/5095/5248 5146/5146/5299 5145/5145/5298
f 5095/5095/5248 5096/5096/5249 5147/5147/5300 5146/5146/5299
f 5096/5096/5249 5097/5097/5250 5148/5148/5301 5147/5147/5300
f 5097/5097/5250 5098/5098/5251 5149/5149/5302 5148/5148/5301
f 5098/5098/5251 5099/5099/5252 5150/5150/5303 5149/5149/5302
f 5099/5099/5252 5100/5100/5253 5151/5151/5304 5150/5150/5303
f 5101/5101/5255 5102/5102/5254 5153/5153/5305 5152/5152/5306
f 5102/5102/5254 5103/5103/5256 5154/5154/5307 5153/5153/5305
f 5103/5103/5256 5104/5104/5257 5155/5155/5308 5154/5154/5307
f 5104/5104/5257 5105/5105/5258 5156/5156/5309 5155/5155/5308
f 5105/5105/5258 5106/5106/5259 5157/5157/5310 5156/5156/5309
f 5106/5106/5259 5107/5107/5260 5158/5158/5311 5157/5157/5310
f 5107/5107/5260 5108/5108/5261 5159/5159/5312 5158/5158/5311
f 5108/5108/5261 5109/5109/5262 5160/5160/5313 5159/5159/5312
f 5109/5109/5262 5110/5110/5263 5161/5161/5314 5160/5160/5313
f 5110/5110/5263 5111/5111/5264 5162/5162/5315 5161/5161/5314
f 5111/5111/5264 5112/5112/5265 5163/5163/5316 5162/5162/5315
f 5112/5112/5265 5113/5113/5266 5164/5164/5317 5163/5163/5316
f 5113/5113/5266 5114/5114/5267 5165/5165/5318 5164/5164/5317
f 5114/5114/5267 5115/5115/5268 5166/5166/5319 5165/5165/5318
f 5115/5115/5268 5116/5116/5269 5167/5167/5320 5166/5166/5319
f 5116/5116/5269 5117/5117/5270 5168/5168/5321 5167/5167/5320
f 5117/5117/5270 5118/5118/5271 5169/5169/5322 5168/5168/5321
f 5118/5118/5271 5119/5119/5272 5170/5170/5323 5169/5169/5322
f 5119/5119/5272 5120/5120/5273 5171/5171/5324 5170/5170/5323
f 5120/5120/5273 5121/5121/5274 5172/5172/5325 5171/5171/5324
f 5121/5121/5274 5122/5122/5275 5173/5173/5326 5172/5172/5325
f 5122/5122/5275 5123/5123/5276 5174/5174/5327 5173/5173/5326
f 5123/5123/5276 5124/5124/5277 5175/5175/5328 5174/5174/5327
f 5124/5124/5277 5125/5125/5278 5176/5176/5329 5175/5175/5328
f 5125/5125/5278 5126/5126/5279 5177/5177/5330 5176/5176/5329
f 5126/5126/5279 5127/5127/5280 5178/5178/5331 5177/5177/5330
f 5127/5127/5280 5128/5128/5281 5179/5179/5332 5178/5178/5331
f 5128/5128/5281 5129/5129/5282 5180/5180/5333 5179/5179/5332
f 5129/5129/5282 5130/5130/5283 5181/5181/5334 5180/5180/5333
f 5130/5130/5283 5131/5131/5284 5182/5182/5335 5181/5181/5334
f 5131/5131/5284 5132/5132/5285 5183/5183/5336 5182/5182/5335
f 5132/5132/5285 5133/5133/5286 5184/5184/5337 5183/5183/5336
f 5133/5133/5286 5134/5134/5287 5185/5185/5338 5184/5184/5337
f 5134/5134/5287 5135/5135/5288 5186/5186/5339 5185/5185/5338
f 5135/5135/5288 5136/5136/5289 5187/5187/5340 5186/5186/5339
f 5136/5136/5289 5137/5137/5290 5188/5188/5341 5187/5187/5340
f 5137/5137/5290 5138/5138/5291 5189/5189/5342 5188/5188/5341
f 5138/5138/5291 5139/5139/5292 5190/5190/5343 5189/5189/5342
f 5139/5139/5292 5140/5140/5293 5191/5191/5344 5190/5190/5343
f 5140/5140/5293 5141/5141/5294 5192/5192/5345 5191/5191/5344
f 5141/5141/5294 5142/5142/5295 5193/5193/5346 5192/5192/5345
f 5142/5142/5295 5143/5143/5296 5194/5194/5347 5193/5193/5346
f 5143/5143/5296 5144/5144/5297 5195/5195/5348 5194/5194/5347
f 5144/5144/5297 5145/5145/5298 5196/5196/5349 5195/5195/5348
f 5145/5145/5298 5146/5146/5299 5197/5197/5350 5196/5196/5349
f 5146/5146/5299 5147/5147/5300 5198/5198/5351 5197/5197/5350
f 5147/5147/5300 5148/5148/5301 5199/5199/5352 5198/5198/5351
f 5148/5148/5301 5149/5149/5302 5200/5200/5353 5199/5199/5352
f 5149/5149/5302 5150/5150/5303 5201/5201/5354 5200/5200/5353
f 5150/5150/5303 5151/5151/5304 5202/5202/5355 5201/5201/5354
f 5152/5152/5306 5153/5153/5305 5204/5204/5356 5203/5203/5357
f 5153/5153/5305 5154/5154/5307 5205/5205/5358 5204/5204/5356
f 5154/5154/5307 5155/5155/5308 5206/5206/5359 5205/5205/5358
f 5155/5155/5308 5156/5156/5309 5207/5207/5360 5206/5206/5359
f 5156/5156/5309 5157/5157/5310 5208/5208/5361 5207/5207/5360
f 5157/5157/5310 5158/5158/5311 5209/5209/5362 5208/5208/5361
f 5158/5158/5311 5159/5159/5312 5210/5210/5363 5209/5209/5362
f 5159/5159/5312 5160/5160/5313 5211/5211/5364 5210/5210/5363
f 5160/5160/5313 5161/5161/5314 5212/5212/5365 5211/5211/5364
f 5161/5161/5314 5162/5162/5315 5213/5213/5366 5212/5212/5365
f 5162/5162/5315 5163/5163/5316 5214/5214/5367 5213/5213/5366
f 5163/5163/5316 5164/5164/5317 5215/5215/5368 5214/5214/5367
f 5164/5164/5317 5165/5165/5318 5216/5216/5369 5215/5215/5368
f 5165/5165/5318 5166/5166/5319 5217/5217/5370 5216/5216/5369
f 5166/5166/5319 5167/5167/5320 5218/5218/5371 5217/5217/5370
f 5167/5167/5320 5168/5168/5321 5219/5219/5372 5218/5218/5371
f 5168/5168/5321 5169/5169/5322 5220/5220/5373 5219/5219/5372
f 5169/5169/5322 5170/5170/5323 5221/5221/5374 5220/5220/5373
f 5170/5170/5323 5171/5171/5324 5222/5222/5375 5221/5221/5374
f 5171/5171/5324 5172/5172/5325 5223/5223/5376 5222/5222/5375
f 5172/5172/5325 5173/5173/5326 5224/5224/5377 5223/5223/5376
f 5173/5173/5326 5174/5174/5327 5225/5225/5378 5224/5224/5377
f 5174/5174/5327 5175/5175/5328 5226/5226/5379 5225/5225/5378
f 5175/5175/5328 5176/5176/5329 5227/5227/5380 5226/5226/5379
f 5176/5176/5329 5177/5177/5330 5228/5228/5381 5227/5227/5380
f 5177/5177/5330 5178/5178/5331 5229/5229/5382 5228/5228/5381
f 5178/5178/5331 5179/5179/5332 5230/5230/5383 5229/5229/5382
f 5179/5179/5332 5180/5180/5333 5231/5231/5384 5230/5230/5383
f 5180/5180/5333 5181/5181/5334 5232/5232/5385 5231/5231/5384
f 5181/5181/5334 5182/5182/5335 5233/5233/5386 5232/5232/5385
f 5182/5182/5335 5183/5183/5336 5234/5234/5387 5233/5233/5386
f 5183/5183/5336 5184/5184/5337 5235/5235/5388 5234/5234/5387
f 5184/5184/5337 5185/5185/5338 5236/5236/5389 5235/5235/5388
f 5185/5185/5338 5186/5186/5339 5237/5237/5390 5236/5236/5389
f 5186/5186/5339 5187/5187/5340 5238/5238/5391 5237/5237/5390
f 5187/5187/5340 5188/5188/5341 5239/5239/5392 5238/5238/5391
f 5188/5188/5341 5189/5189/5342 5240/5240/5393 5239/5239/5392
f 5189/5189/5342 5190/5190/5343 5241/5241/5394 5240/5240/5393
f 5190/5190/5343 5191/5191/5344 5242/5242/5395 5241/5241/5394
f 5191/5191/5344 5192/5192/5345 5243/5243/5396 5242/5242/5395
f 5192/5192/5345 5193/5193/5346 5244/5244/5397 5243/5243/5396
f 5193/5193/5346 5194/5194/5347 5245/5245/5398 5244/5244/5397
f 5194/5194/5347 5195/5195/5348 5246/5246/5399 5245/5245/5398
f 5195/5195/5348 5196/5196/5349 5247/5247/5400 5246/5246/5399
f 5196/5196/5349 5197/5197/5350 5248/5248/5401 5247/5247/5400
f 5197/5197/5350 5198/5198/5351 5249/5249/5402 5248/5248/5401
f 5198/5198/5351 5199/5199/5352 5250/5250/5403 5249/5249/5402
f 5199/5199/5352 5200/5200/5353 5251/5251/5404 5250/5250/5403
f 5200/5200/5353 5201/5201/5354 5252/5252/5405 5251/5251/5404
f 5201/5201/5354 5202/5202/5355 5253/5253/5406 5252/5252/5405
f 5203/5203/5357 5204/5204/5356 5255/5255/5407 5254/5254/5408
f 5204/5204/5356 5205/5205/5358 5256/5256/5409 5255/5255/5407
f 5205/5205/5358 5206/5206/5359 5257/5257/5410 5256/5256/5409
f 5206/5206/5359 5207/5207/5360 5258/5258/5411 5257/5257/5410
f 5207/5207/5360 5208/5208/5361 5259/5259/5412 5258/5258/5411
f 5208/5208/5361 5209/5209/5362 5260/5260/5413 5259/5259/5412
f 5209/5209/5362 5210/5210/5363 5261/5261/5414 5260/5260/5413
f 5210/5210/5363 5211/5211/5364 5262/5262/5415 5261/5261/5414
f 5211/5211/5364 5212/5212/5365 5263/5263/5416 5262/5262/5415
f 5212/5212/5365 5213/5213/5366 5264/5264/5417 5263/5263/5416
f 5213/5213/5366 5214/5214/5367 5265/5265/5418 5264/5264/5417
f 5214/5214/5367 5215/5215/5368 5266/5266/5419 5265/5265/5418
f 5215/5215/5368 5216/5216/5369 5267/5267/5420 5266/5266/5419
f 5216/5216/5369 5217/5217/5370 5268/5268/5421 5267/5267/5420
f 5217/5217/5370 5218/5218/5371 5269/5269/5422 5268/5268/5421
f 5218/5218/5371 5219/5219/5372 5270/5270/5423 5269/5269/5422
f 5219/5219/5372 5220/5220/5373 5271/5271/5424 5270/5270/5423
f 5220/5220/5373 5221/5221/5374 5272/5272/5425 5271/5271/5424
f 5221/5221/5374 5222/5222/5375 5273/5273/5426 5272/5272/5425
f 5222/5222/5375 5223/5223/5376 5274/5274/5427 5273/5273/5426
f 5223/5223/5376 5224/5224/5377 5275/5275/5428 5274/5274/5427
f 5224/5224/5377 5225/5225/5378 5276/5276/5429 5275/5275/5428
f 5225/5225/5378 5226/5226/5379 5277/5277/5430 5276/5276/5429
f 5226/5226/5379 5227/5227/5380 5278/5278/5431 5277/5277/5430
f 5227/5227/5380 5228/5228/5381 5279/5279/5432 5278/5278/5431
f 5228/5228/5381 5229/5229/5382 5280/5280/5433 5279/5279/5432
f 5229/5229/5382 5230/5230/5383 5281/5281/5434 5280/5280/5433
f 5230/5230/5383 5231/5231/5384 5282/5282/5435 5281/5281/5434
f 5231/5231/5384 5232/5232/5385 5283/5283/5436 5282/5282/5435
f 5232/5232/5385 5233/5233/5386 5284/5284/5437 5283/5283/5436
f 5233/5233/5386 5234/5234/5387 5285/5285/5438 5284/5284/5437
f 5234/5234/5387 5235/5235/5388 5286/5286/5439 5285/5285/5438
f 5235/5235/5388 5236/5236/5389 5287/5287/5440 5286/5286/5439
f 5236/5236/5389 5237/5237/5390 5288/5288/5441 5287/5287/5440
f 5237/5237/5390 5238/5238/5391 5289/5289/5442 5288/5288/5441
f 5238/5238/5391 5239/5239/5392 5290/5290/5443 5289/5289/5442
f 5239/5239/5392 5240/5240/5393 5291/5291/5444 5290/5290/5443
f 5240/5240/5393 5241/5241/5394 5292/5292/5445 5291/5291/5444
f 5241/5241/5394 5242/5242/5395 5293/5293/5446 5292/5292/5445
f 5242/5242/5395 5243/5243/5396 5294/5294/5447 5293/5293/5446
f 5243/5243/5396 5244/5244/5397 5295/5295/5448 5294/5294/5447
f 5244/5244/5397 5245/5245/5398 5296/5296/5449 5295/5295/5448
f 5245/5245/5398 5246/5246/5399 5297/5297/5450 5296/5296/5449
f 5246/5246/5399 5247/5247/5400 5298/5298/5451 5297/5297/5450
f 5247/5247/5400 5248/5248/5401 5299/5299/5452 5298/5298/5451
f 5248/5248/5401 5249/5249/5402 5300/5300/5453 5299/5299/5452
f 5249/5249/5402 5250/5250/5403 5301/5301/5454 5300/5300/5453
f 5250/5250/5403 5251/5251/5404 5302/5302/5455 5301/5301/5454
f 5251/5251/5404 5252/5252/5405 5303/5303/5456 5302/5302/5455
f 5252/5252/5405 5253/5253/5406 5304/5304/5457 5303/5303/5456
f 5254/5254/5408 5255/5255/5407 5306/5306/5458 5305/5305/5459
f 5255/5255/5407 5256/5256/5409 5307/5307/5460 5306/5306/5458
f 5256/5256/5409 5257/5257/5410 5308/5308/5461 5307/5307/5460
f 5257/5257/5410 5258/5258/5411 5309/5309/5462 5308/5308/5461
f 5258/5258/5411 5259/5259/5412 5310/5310/5463 5309/5309/5462
f 5259/5259/5412 5260/5260/5413 5311/5311/5464 5310/5310/5463
f 5260/5260/5413 5261/5261/5414 5312/5312/5465 5311/5311/5464
f 5261/5261/5414 5262/5262/5415 5313/5313/5466 5312/5312/5465
f 5262/5262/5415 5263/5263/5416 5314/5314/5467 5313/5313/5466
f 5263/5263/5416 5264/5264/5417 5315/5315/5468 5314/5314/5467
f 5264/5264/5417 5265/5265/5418 5316/5316/5469 5315/5315/5468
f 5265/5265/5418 5266/5266/5419 5317/5317/5470 5316/5316/5469
f 5266/5266/5419 5267/5267/5420 5318/5318/5471 5317/5317/5470
f 5267/5267/5420 5268/5268/5421 5319/5319/5472 5318/5318/5471
f 5268/5268/5421 5269/5269/5422 5320/5320/5473 5319/5319/5472
f 5269/5269/5422 5270/5270/5423 5321/5321/5474 5320/5320/5473
f 5270/5270/5423 5271/5271/5424 5322/5322/5475 5321/5321/5474
f 5271/5271/5424 5272/5272/5425 5323/5323/5476 5322/5322/5475
f 5272/5272/5425 5273/5273/5426 5324/5324/5477 5323/5323/5476
f 5273/5273/5426 5274/5274/5427 5325/5325/5478 5324/5324/5477
f 5274/5274/5427 5275/5275/5428 5326/5326/5479 5325/5325/5478
f 5275/5275/5428 5276/5276/5429 5327/5327/5480 5326/5326/5479
f 5276/5276/5429 5277/5277/5430 5328/5328/5481 5327/5327/5480
f 5277/5277/5430 5278/5278/5431 5329/5329/5482 5328/5328/5481
f 5278/5278/5431 5279/5279/5432 5330/5330/5483 5329/5329/5482
f 5279/5279/5432 5280/5280/5433 5331/5331/5484 5330/5330/5483
f 5280/5280/5433 5281/5281/5434 5332/5332/5485 5331/5331/5484
f 5281/5281/5434 5282/5282/5435 5333/5333/5486 5332/5332/5485
f 5282/5282/5435 5283/5283/5436 5334/5334/5487 5333/5333/5486
f 5283/5283/5436 5284/5284/5437 5335/5335/5488 5334/5334/5487
f 5284/5284/5437 5285/5285/5438 5336/5336/5489 5335/5335/5488
f 5285/5285/5438 5286/5286/5439 5337/5337/5490 5336/5336/5489
f 5286/5286/5439 5287/5287/5440 5338/5338/5491 5337/5337/5490
f 5287/5287/5440 5288/5288/5441 5339/5339/5492 5338/5338/5491
f 5288/5288/5441 5289/5289/5442 5340/5340/5493 5339/5339/5492
f 5289/5289/5442 5290/5290/5443 5341/5341/5494 5340/5340/5493
f 5290/5290/5443 5291/5291/5444 5342/5342/5495 5341/5341/5494
f 5291/5291/5444 5292/5292/5445 5343/5343/5496 5342/5342/5495
f 5292/5292/5445 5293/5293/5446 5344/5344/5497 5343/5343/5496
f 5293/5293/5446 5294/5294/5447 5345/5345/5498 5344/5344/5497
f 5294/5294/5447 5295/5295/5448 5346/5346/5499 5345/5345/5498
f 5295/5295/5448 5296/5296/5449 5347/5347/5500 5346/5346/5499
f 5296/5296/5449 5297/5297/5450 5348/5348/5501 5347/5347/5500
f 5297/5297/5450 5298/5298/5451 5349/5349/5502 5348/5348/5501
f 5298/5298/5451 5299/5299/5452 5350/5350/5503 5349/5349/5502
f 5299/5299/5452 5300/5300/5453 5351/5351/5504 5350/5350/5503
f 5300/5300/5453 5301/5301/5454 5352/5352/5505 5351/5351/5504
f 5301/5301/5454 5302/5302/5455 5353/5353/5506 5352/5352/5505
f 5302/5302/5455 5303/5303/5456 5354/5354/5507 5353/5353/5506
f 5303/5303/5456 5304/5304/5457 5355/5355/5508 5354/5354/5507
f 5305/5305/5459 5306/5306/5458 5357/5357/5509 5356/5356/5510
f 5306/5306/5458 5307/5307/5460 5358/5358/5511 5357/5357/5509
f 5307/5307/5460 5308/5308/5461 5359/5359/5512 5358/5358/5511
f 5308/5308/5461 5309/5309/5462 5360/5360/5513 5359/5359/5512
f 5309/5309/5462 5310/5310/5463 5361/5361/5514 5360/5360/5513
f 5310/5310/5463 5311/5311/5464 5362/5362/5515 5361/5361/5514
f 5311/5311/5464 5312/5312/5465 5363/5363/5516 5362/5362/5515
f 5312/5312/5465 5313/5313/5466 5364/5364/5517 5363/5363/5516
f 5313/5313/5466 5314/5314/5467 5365/5365/5518 5364/5364/5517
f 5314/5314/5467 5315/5315/5468 5366/5366/5519 5365/5365/5518
f 5315/5315/5468 5316/5316/5469 5367/5367/5520 5366/5366/5519
f 5316/5316/5469 5317/5317/5470 5368/5368/5521 5367/5367/5520
f 5317/5317/5470 5318/5318/5471 5369/5369/5522 5368/5368/5521
f 5318/5318/5471 5319/5319/5472 5370/5370/5523 5369/5369/5522
f 5319/5319/5472 5320/5320/5473 5371/5371/5524 5370/5370/5523
f 5320/5320/5473 5321/5321/5474 5372/5372/5525 5371/5371/5524
f 5321/5321/5474 5322/5322/5475 5373/5373/5526 5372/5372/5525
f 5322/5322/5475 5323/5323/5476 5374/5374/5527 5373/5373/5526
f 5323/5323/5476 5324/5324/5477 5375/5375/5528 5374/5374/5527
f 5324/5324/5477 5325/5325/5478 5376/5376/5529 5375/5375/5528
f 5325/5325/5478 5326/5326/5479 5377/5377/5530 5376/5376/5529
f 5326/5326/5479 5327/5327/5480 5378/5378/5531 5377/5377/5530
f 5327/5327/5480 5328/5328/5481 5379/5379/5532 5378/5378/5531
f 5328/5328/5481 5329/5329/5482 5380/5380/5533 5379/5379/5532
f 5329/5329/5482 5330/5330/5483 5381/5381/5534 5380/5380/5533
f 5330/5330/5483 5331/5331/5484 5382/5382/5535 5381/5381/5534
f 5331/5331/5484 5332/5332/5485 5383/5383/5536 5382/5382/5535
f 5332/5332/5485 5333/5333/5486 5384/5384/5537 5383/5383/5536
f 5333/5333/5486 5334/5334/5487 5385/5385/5538 5384/5384/5537
f 5334/5334/5487 5335/5335/5488 5386/5386/5539 5385/5385/5538
f 5335/5335/5488 5336/5336/5489 5387/5387/5540 5386/5386/5539
f 5336/5336/5489 5337/5337/5490 5388/5388/5541 5387/5387/5540
f 5337/5337/5490 5338/5338/5491 5389/5389/5542 5388/5388/5541
f 5338/5338/5491 5339/5339/5492 5390/5390/5543 5389/5389/5542
f 5339/5339/5492 5340/5340/5493 5391/5391/5544 5390/5390/5543
f 5340/5340/5493 5341/5341/5494 5392/5392/5545 5391/5391/5544
f 5341/5341/5494 5342/5342/5495 5393/5393/5546 5392/5392/5545
f 5342/5342/5495 5343/5343/5496 5394/5394/5547 5393/5393/5546
f 5343/5343/5496 5344/5344/5497 5395/5395/5548 5394/5394/5547
f 5344/5344/5497 5345/5345/5498 5396/5396/5549 5395/5395/5548
f 5345/5345/5498 5346/5346/5499 5397/5397/5550 5396/5396/5549
f 5346/5346/5499 5347/5347/5500 5398/5398/5551 5397/5397/5550
f 5347/5347/5500 5348/5348/5501 5399/5399/5552 5398/5398/5551
f 5348/5348/5501 5349/5349/5502 5400/5400/5553 5399/5399/5552
f 5349/5349/5502 5350/5350/5503 5401/5401/5554 5400/5400/5553
f 5350/5350/5503 5351/5351/5504 5402/5402/5555 5401/5401/5554
f 5351/5351/5504 5352/5352/5505 5403/5403/5556 5402/5402/5555
f 5352/5352/5505 5353/5353/5506 5404/5404/5557 5403/5403/5556
f 5353/5353/5506 5354/5354/5507 5405/5405/5558 5404/5404/5557
f 5354/5354/5507 5355/5355/5508 5406/5406/5559 5405/5405/5558
f 5356/5356/5510 5357/5357/5509 2/5408/5560 1/5407/5561
f 5357/5357/5509 5358/5358/5511 3/5409/5562 2/5408/5560
f 5358/5358/5511 5359/5359/5512 4/5410/5563 3/5409/5562
f 5359/5359/5512 5360/5360/5513 5/5411/5564 4/5410/5563
f 5360/5360/5513 5361/5361/5514 6/5412/5565 5/5411/5564
f 5361/5361/5514 5362/5362/5515 7/5413/5566 6/5412/5565
f 5362/5362/5515 5363/5363/5516 8/5414/5567 7/5413/5566
f 5363/5363/5516 5364/5364/5517 9/5415/5568 8/5414/5567
f 5364/5364/5517 5365/5365/5518 10/5416/5569 9/5415/5568
f 5365/5365/5518 5366/5366/5519 11/5417/5570 10/5416/5569
f 5366/5366/5519 5367/5367/5520 12/5418/5571 11/5417/5570
f 5367/5367/5520 5368/5368/5521 13/5419/5572 12/5418/5571
f 5368/5368/5521 5369/5369/5522 14/5420/5573 13/5419/5572
f 5369/5369/5522 5370/5370/5523 15/5421/5574 14/5420/5573
f 5370/5370/5523 5371/5371/5524 16/5422/5575 15/5421/5574
f 5371/5371/5524 5372/5372/5525 17/5423/5576 16/5422/5575
f 5372/5372/5525 5373/5373/5526 18/5424/5577 17/5423/5576
f 5373/5373/5526 5374/5374/5527 19/5425/5578 18/5424/5577
f 5374/5374/5527 5375/5375/5528 20/5426/5579 19/5425/5578
f 5375/5375/5528 5376/5376/5529 21/5427/5580 20/5426/5579
f 5376/5376/5529 5377/5377/5530 22/5428/5581 21/5427/5580
f 5377/5377/5530 5378/5378/5531 23/5429/5582 22/5428/5581
f 5378/5378/5531 5379/5379/5532 24/5430/5583 23/5429/5582
f 5379/5379/5532 5380/5380/5533 25/5431/5584 24/5430/5583
f 5380/5380/5533 5381/5381/5534 26/5432/5585 25/5431/5584
f 5381/5381/5534 5382/5382/5535 27/5433/5586 26/5432/5585
f 5382/5382/5535 5383/5383/5536 28/5434/5587 27/5433/5586
f 5383/5383/5536 5384/5384/5537 29/5435/5588 28/5434/5587
f 5384/5384/5537 5385/5385/5538 30/5436/5589 29/5435/5588
f 5385/5385/5538 5386/5386/5539 31/5437/5590 30/5436/5589
f 5386/5386/5539 5387/5387/5540 32/5438/5591 31/5437/5590
f 5387/5387/5540 5388/5388/5541 33/5439/5592 32/5438/5591
f 5388/5388/5541 5389/5389/5542 34/5440/5593 33/5439/5592
f 5389/5389/5542 5390/5390/5543 35/5441/5594 34/5440/5593
f 5390/5390/5543 5391/5391/5544 36/5442/5595 35/5441/5594
f 5391/5391/5544 5392/5392/5545 37/5443/5596 36/5442/5595
f 5392/5392/5545 5393/5393/5546 38/5444/5597 37/5443/5596
f 5393/5393/5546 5394/5394/5547 39/5445/5598 38/5444/5597
f 5394/5394/5547 5395/5395/5548 40/5446/5599 39/5445/5598
f 5395/5395/5548 5396/5396/5549 41/5447/5600 40/5446/5599
f 5396/5396/5549 5397/5397/5550 42/5448/5601 41/5447/5600
f 5397/5397/5550 5398/5398/5551 43/5449/5602 42/5448/5601
f 5398/5398/5551 5399/5399/5552 44/5450/5603 43/5449/5602
f 5399/5399/5552 5400/5400/5553 45/5451/5604 44/5450/5603
f 5400/5400/5553 5401/5401/5554 46/5452/5605 45/5451/5604
f 5401/5401/5554 5402/5402/5555 47/5453/5606 46/5452/5605
f 5402/5402/5555 5403/5403/5556 48/5454/5607 47/5453/5606
f 5403/5403/5556 5404/5404/5557 49/5455/5608 48/5454/5607
f 5404/5404/5557 5405/5405/5558 50/5456/5609 49/5455/5608
f 5405/5405/5558 5406/5406/5559 51/5457/5610 50/5456/5609
s 5
f 2958/5459/5611 2907/5458/5612 2856/5508/5613 5407/5509/5614
f 3009/5460/5615 2958/5459/5611 5407/5509/5614 5408/5510/5616
f 3060/5461/5617 3009/5460/5615 5408/5510/5616 5409/5511/5618
f 3111/5462/5619 3060/5461/5617 5409/5511/5618 5410/5512/5620
f 3162/5463/5621 3111/5462/5619 5410/5512/5620 5411/5513/5622
f 3213/5464/5623 3162/5463/5621 5411/5513/5622 5412/5514/5624
f 3264/5465/5625 3213/5464/5623 5412/5514/5624 5413/5515/5626
f 3315/5466/5627 3264/5465/5625 5413/5515/5626 5414/5516/5628
f 3366/5467/5629 3315/5466/5627 5414/5516/5628 5415/5517/5630
f 3417/5468/5631 3366/5467/5629 5415/5517/5630 5416/5518/5632
f 3468/5469/5633 3417/5468/5631 5416/5518/5632 5417/5519/5634
f 3519/5470/5635 3468/5469/5633 5417/5519/5634 5418/5520/5636
f 3570/5471/5637 3519/5470/5635 5418/5520/5636 5419/5521/5638
f 3621/5472/5639 3570/5471/5637 5419/5521/5638 5420/5522/5640
f 3672/5473/5641 3621/5472/5639 5420/5522/5640 5421/5523/5642
f 3723/5474/5643 3672/5473/5641 5421/5523/5642 5422/5524/5644
f 3774/5475/5645 3723/5474/5643 5422/5524/5644 5423/5525/5646
f 3825/5476/5647 3774/5475/5645 5423/5525/5646 5424/5526/5648
f 3876/5477/5649 3825/5476/5647 5424/5526/5648 5425/5527/5650
f 3927/5478/5651 3876/5477/5649 5425/5527/5650 5426/5528/5652
f 3978/5479/5653 3927/5478/5651 5426/5528/5652 5427/5529/5654
f 4029/5480/5655 3978/5479/5653 5427/5529/5654 5428/5530/5656
f 4080/5481/5657 4029/5480/5655 5428/5530/5656 5429/5531/5658
f 4131/5482/5659 4080/5481/5657 5429/5531/5658 5430/5532/5660
f 4182/5483/5661 4131/5482/5659 5430/5532/5660 5431/5533/5662
f 4233/5484/5663 4182/5483/5661 5431/5533/5662 5432/5534/5664
f 4284/5485/5665 4233/5484/5663 5432/5534/5664 5433/5535/5666
f 4335/5486/5667 4284/5485/5665 5433/5535/5666 5434/5536/5668
f 4386/5487/5669 4335/5486/5667 5434/5536/5668 5435/5537/5670
f 4437/5488/5671 4386/5487/5669 5435/5537/5670 5436/5538/5672
f 4488/5489/5673 4437/5488/5671 5436/5538/5672 5437/5539/5674
f 4539/5490/5675 4488/5489/5673 5437/5539/5674 5438/5540/5676
f 4590/5491/5677 4539/5490/5675 5438/5540/5676 5439/5541/5678
f 4641/5492/5679 4590/5491/5677 5439/5541/5678 5440/5542/5680
f 4692/5493/5681 4641/5492/5679 5440/5542/5680 5441/5543/5682
f 4743/5494/5683 4692/5493/5681 5441/5543/5682 5442/5544/5684
f 4794/5495/5685 4743/5494/5683 5442/5544/5684 5443/5545/5686
f 4845/5496/5687 4794/5495/5685 5443/5545/5686 5444/5546/5688
f 4896/5497/5689 4845/5496/5687 5444/5546/5688 5445/5547/5690
f 4947/5498/5691 4896/5497/5689 5445/5547/5690 5446/5548/5692
f 4998/5499/5693 4947/5498/5691 5446/5548/5692 5447/5549/5694
f 5049/5500/5695 4998/5499/5693 5447/5549/5694 5448/5550/5696
f 5100/5501/5697 5049/5500/5695 5448/5550/5696 5449/5551/5698
f 5151/5502/5699 5100/5501/5697 5449/5551/5698 5450/5552/5700
f 5202/5503/5701 5151/5502/5699 5450/5552/5700 5451/5553/5702
f 5253/5504/5703 5202/5503/5701 5451/5553/5702 5452/5554/5704
f 5304/5505/5705 5253/5504/5703 5452/5554/5704 5453/5555/5706
f 5355/5506/5707 5304/5505/5705 5453/5555/5706 5454/5556/5708
f 5406/5507/5709 5355/5506/5707 5454/5556/5708 5455/5557/5710
f 51/51/5711 5406/5507/5709 5455/5557/5710 102/102/5712
f 5407/5509/5614 2856/5508/5613 2805/5558/5713 5456/5559/5714
f 5408/5510/5616 5407/5509/5614 5456/5559/5714 5457/5560/5715
f 5409/5511/5618 5408/5510/5616 5457/5560/5715 5458/5561/5716
f 5410/5512/5620 5409/5511/5618 5458/5561/5716 5459/5562/5717
f 5411/5513/5622 5410/5512/5620 5459/5562/5717 5460/5563/5718
f 5412/5514/5624 5411/5513/5622 5460/5563/5718 5461/5564/5719
f 5413/5515/5626 5412/5514/5624 5461/5564/5719 5462/5565/5720
f 5414/5516/5628 5413/5515/5626 5462/5565/5720 5463/5566/5721
f 5415/5517/5630 5414/5516/5628 5463/5566/5721 5464/5567/5722
f 5416/5518/5632 5415/5517/5630 5464/5567/5722 5465/5568/5723
f 5417/5519/5634 5416/5518/5632 5465/5568/5723 5466/5569/5724
f 5418/5520/5636 5417/5519/5634 5466/5569/5724 5467/5570/5725
f 5419/5521/5638 5418/5520/5636 5467/5570/5725 5468/5571/5726
f 5420/5522/5640 5419/5521/5638 5468/5571/5726 5469/5572/5727
f 5421/5523/5642 5420/5522/5640 5469/5572/5727 5470/5573/5728
f 5422/5524/5644 5421/5523/5642 5470/5573/5728 5471/5574/5729
f 5423/5525/5646 5422/5524/5644 5471/5574/5729 5472/5575/5730
f 5424/5526/5648 5423/5525/5646 5472/5575/5730 5473/5576/5731
f 5425/5527/5650 5424/5526/5648 5473/5576/5731 5474/5577/5732
f 5426/5528/5652 5425/5527/5650 5474/5577/5732 5475/5578/5733
f 5427/5529/5654 5426/5528/5652 5475/5578/5733 5476/5579/5734
f 5428/5530/5656 5427/5529/5654 5476/5579/5734 5477/5580/5735
f 5429/5531/5658 5428/5530/5656 5477/5580/5735 5478/5581/5736
f 5430/5532/5660 5429/5531/5658 5478/5581/5736 5479/5582/5737
f 5431/5533/5662 5430/5532/5660 5479/5582/5737 5480/5583/5738
f 5432/5534/5664 5431/5533/5662 5480/5583/5738 5481/5584/5739
f 5433/5535/5666 5432/5534/5664 5481/5584/5739 5482/5585/5740
f 5434/5536/5668 5433/5535/5666 5482/5585/5740 5483/5586/5741
f 5435/5537/5670 5434/5536/5668 5483/5586/5741 5484/5587/5742
f 5436/5538/5672 5435/5537/5670 5484/5587/5742 5485/5588/5743
f 5437/5539/5674 5436/5538/5672 5485/5588/5743 5486/5589/5744
f 5438/5540/5676 5437/5539/5674 5486/5589/5744 5487/5590/5745
f 5439/5541/5678 5438/5540/5676 5487/5590/5745 5488/5591/5746
f 5440/5542/5680 5439/5541/5678 5488/5591/5746 5489/5592/5747
f 5441/5543/5682 5440/5542/5680 5489/5592/5747 5490/5593/5748
f 5442/5544/5684 5441/5543/5682 5490/5593/5748 5491/5594/5749
f 5443/5545/5686 5442/5544/5684 5491/5594/5749 5492/5595/5750
f 5444/5546/5688 5443/5545/5686 5492/5595/5750 5493/5596/5751
f 5445/5547/5690 5444/5546/5688 5493/5596/5751 5494/5597/5752
f 5446/5548/5692 5445/5547/5690 5494/5597/5752 5495/5598/5753
f 5447/5549/5694 5446/5548/5692 5495/5598/5753 5496/5599/5754
f 5448/5550/5696 5447/5549/5694 5496/5599/5754 5497/5600/5755
f 5449/5551/5698 5448/5550/5696 5497/5600/5755 5498/5601/5756
f 5450/5552/5700 5449/5551/5698 5498/5601/5756 5499/5602/5757
f 5451/5553/5702 5450/5552/5700 5499/5602/5757 5500/5603/5758
f 5452/5554/5704 5451/5553/5702 5500/5603/5758 5501/5604/5759
f 5453/5555/5706 5452/5554/5704 5501/5604/5759 5502/5605/5760
f 5454/5556/5708 5453/5555/5706 5502/5605/5760 5503/5606/5761
f 5455/5557/5710 5454/5556/5708 5503/5606/5761 5504/5607/5762
f 102/102/5712 5455/5557/5710 5504/5607/5762 153/153/5763
f 5456/5559/5714 2805/5558/5713 2754/5608/5764 2703/5609/5765
f 5457/5560/5715 5456/5559/5714 2703/5609/5765 2652/5610/5766
f 5458/5561/5716 5457/5560/5715 2652/5610/5766 2601/5611/5767
f 5459/5562/5717 5458/5561/5716 2601/5611/5767 2550/5612/5768
f 5460/5563/5718 5459/5562/5717 2550/5612/5768 2499/5613/5769
f 5461/5564/5719 5460/5563/5718 2499/5613/5769 2448/5614/5770
f 5462/5565/5720 5461/5564/5719 2448/5614/5770 2397/5615/5771
f 5463/5566/5721 5462/5565/5720 2397/5615/5771 2346/5616/5772
f 5464/5567/5722 5463/5566/5721 2346/5616/5772 2295/5617/5773
f 5465/5568/5723 5464/5567/5722 2295/5617/5773 2244/5618/5774
f 5466/5569/5724 5465/5568/5723 2244/5618/5774 2193/5619/5775
f 5467/5570/5725 5466/5569/5724 2193/5619/5775 2142/5620/5776
f 5468/5571/5726 5467/5570/5725 2142/5620/5776 2091/5621/5777
f 5469/5572/5727 5468/5571/5726 2091/5621/5777 2040/5622/5778
f 5470/5573/5728 5469/5572/5727 2040/5622/5778 1989/5623/5779
f 5471/5574/5729 5470/5573/5728 1989/5623/5779 1938/5624/5780
f 5472/5575/5730 5471/5574/5729 1938/5624/5780 1887/5625/5781
f 5473/5576/5731 5472/5575/5730 1887/5625/5781 1836/5626/5782
f 5474/5577/5732 5473/5576/5731 1836/5626/5782 1785/5627/5783
f 5475/5578/5733 5474/5577/5732 1785/5627/5783 1734/5628/5784
f 5476/5579/5734 5475/5578/5733 1734/5628/5784 1683/5629/5785
f 5477/5580/5735 5476/5579/5734 1683/5629/5785 1632/5630/5786
f 5478/5581/5736 5477/5580/5735 1632/5630/5786 1581/5631/5787
f 5479/5582/5737 5478/5581/5736 1581/5631/5787 1530/5632/5788
f 5480/5583/5738 5479/5582/5737 1530/5632/5788 1479/5633/5789
f 5481/5584/5739 5480/5583/5738 1479/5633/5789 1428/5634/5790
f 5482/5585/5740 5481/5584/5739 1428/5634/5790 1377/5635/5791
f 5483/5586/5741 5482/5585/5740 1377/5635/5791 1326/5636/5792
f 5484/5587/5742 5483/5586/5741 1326/5636/5792 1275/5637/5793
f 5485/5588/5743 5484/5587/5742 1275/5637/5793 1224/5638/5794
f 5486/5589/5744 5485/5588/5743 1224/5638/5794 1173/5639/5795
f 5487/5590/5745 5486/5589/5744 1173/5639/5795 1122/5640/5796
f 5488/5591/5746 5487/5590/5745 1122/5640/5796 1071/5641/5797
f 5489/5592/5747 5488/5591/5746 1071/5641/5797 1020/5642/5798
f 5490/5593/5748 5489/5592/5747 1020/5642/5798 969/5643/5799
f 5491/5594/5749 5490/5593/5748 969/5643/5799 918/5644/5800
f 5492/5595/5750 5491/5594/5749 918/5644/5800 867/5645/5801
f 5493/5596/5751 5492/5595/5750 867/5645/5801 816/5646/5802
f 5494/5597/5752 5493/5596/5751 816/5646/5802 765/5647/5803
f 5495/5598/5753 5494/5597/5752 765/5647/5803 714/5648/5804
f 5496/5599/5754 5495/5598/5753 714/5648/5804 663/5649/5805
f 5497/5600/5755 5496/5599/5754 663/5649/5805 612/5650/5806
f 5498/5601/5756 5497/5600/5755 612/5650/5806 561/5651/5807
f 5499/5602/5757 5498/5601/5756 561/5651/5807 510/5652/5808
f 5500/5603/5758 5499/5602/5757 510/5652/5808 459/5653/5809
f 5501/5604/5759 5500/5603/5758 459/5653/5809 408/5654/5810
f 5502/5605/5760 5501/5604/5759 408/5654/5810 357/5655/5811
f 5503/5606/5761 5502/5605/5760 357/5655/5811 306/5656/5812
f 5504/5607/5762 5503/5606/5761 306/5656/5812 255/5657/5813
f 153/153/5763 5504/5607/5762 255/5657/5813 204/204/5814
s 6
f 2857/5658/5815 2908/5659/5816 5505/5709/5817 2806/5708/5818
f 2908/5659/5816 2959/5660/5819 5506/5710/5820 5505/5709/5817
f 2959/5660/5819 3010/5661/5821 5507/5711/5822 5506/5710/5820
f 3010/5661/5821 3061/5662/5823 5508/5712/5824 5507/5711/5822
f 3061/5662/5823 3112/5663/5825 5509/5713/5826 5508/5712/5824
f 3112/5663/5825 3163/5664/5827 5510/5714/5828 5509/5713/5826
f 3163/5664/5827 3214/5665/5829 5511/5715/5830 5510/5714/5828
f 3214/5665/5829 3265/5666/5831 5512/5716/5832 5511/5715/5830
f 3265/5666/5831 3316/5667/5833 5513/5717/5834 5512/5716/5832
f 3316/5667/5833 3367/5668/5835 5514/5718/5836 5513/5717/5834
f 3367/5668/5835 3418/5669/5837 5515/5719/5838 5514/5718/5836
f 3418/5669/5837 3469/5670/5839 5516/5720/5840 5515/5719/5838
f 3469/5670/5839 3520/5671/5841 5517/5721/5842 5516/5720/5840
f 3520/5671/5841 3571/5672/5843 5518/5722/5844 5517/5721/5842
f 3571/5672/5843 3622/5673/5845 5519/5723/5846 5518/5722/5844
f 3622/5673/5845 3673/5674/5847 5520/5724/5848 5519/5723/5846
f 3673/5674/5847 3724/5675/5849 5521/5725/5850 5520/5724/5848
f 3724/5675/5849 3775/5676/5851 5522/5726/5852 5521/5725/5850
f 3775/5676/5851 3826/5677/5853 5523/5727/5854 5522/5726/5852
f 3826/5677/5853 3877/5678/5855 5524/5728/5856 5523/5727/5854
f 3877/5678/5855 3928/5679/5857 5525/5729/5858 5524/5728/5856
f 3928/5679/5857 3979/5680/5859 5526/5730/5860 5525/5729/5858
f 3979/5680/5859 4030/5681/5861 5527/5731/5862 5526/5730/5860
f 4030/5681/5861 4081/5682/5863 5528/5732/5864 5527/5731/5862
f 4081/5682/5863 4132/5683/5865 5529/5733/5866 5528/5732/5864
f 4132/5683/5865 4183/5684/5867 5530/5734/5868 5529/5733/5866
f 4183/5684/5867 4234/5685/5869 5531/5735/5870 5530/5734/5868
f 4234/5685/5869 4285/5686/5871 5532/5736/5872 5531/5735/5870
f 4285/5686/5871 4336/5687/5873 5533/5737/5874 5532/5736/5872
f 4336/5687/5873 4387/5688/5875 5534/5738/5876 5533/5737/5874
f 4387/5688/5875 4438/5689/5877 5535/5739/5878 5534/5738/5876
f 4438/5689/5877 4489/5690/5879 5536/5740/5880 5535/5739/5878
f 4489/5690/5879 4540/5691/5881 5537/5741/5882 5536/5740/5880
f 4540/5691/5881 4591/5692/5883 5538/5742/5884 5537/5741/5882
f 4591/5692/5883 4642/5693/5885 5539/5743/5886 5538/5742/5884
f 4642/5693/5885 4693/5694/5887 5540/5744/5888 5539/5743/5886
f 4693/5694/5887 4744/5695/5889 5541/5745/5890 5540/5744/5888
f 4744/5695/5889 4795/5696/5891 5542/5746/5892 5541/5745/5890
f 4795/5696/5891 4846/5697/5893 5543/5747/5894 5542/5746/5892
f 4846/5697/5893 4897/5698/5895 5544/5748/5896 5543/5747/5894
f 4897/5698/5895 4948/5699/5897 5545/5749/5898 5544/5748/5896
f 4948/5699/5897 4999/5700/5899 5546/5750/5900 5545/5749/5898
f 4999/5700/5899 5050/5701/5901 5547/5751/5902 5546/5750/5900
f 5050/5701/5901 5101/5702/5903 5548/5752/5904 5547/5751/5902
f 5101/5702/5903 5152/5703/5905 5549/5753/5906 5548/5752/5904
f 5152/5703/5905 5203/5704/5907 5550/5754/5908 5549/5753/5906
f 5203/5704/5907 5254/5705/5909 5551/5755/5910 5550/5754/5908
f 5254/5705/5909 5305/5706/5911 5552/5756/5912 5551/5755/5910
f 5305/5706/5911 5356/5707/5913 5553/5757/5914 5552/5756/5912
f 5356/5707/5913 1/1/5915 52/52/5916 5553/5757/5914
f 2806/5708/5818 5505/5709/5817 5554/5759/5917 2755/5758/5918
f 5505/5709/5817 5506/5710/5820 5555/5760/5919 5554/5759/5917
f 5506/5710/5820 5507/5711/5822 5556/5761/5920 5555/5760/5919
f 5507/5711/5822 5508/5712/5824 5557/5762/5921 5556/5761/5920
f 5508/5712/5824 5509/5713/5826 5558/5763/5922 5557/5762/5921
f 5509/5713/5826 5510/5714/5828 5559/5764/5923 5558/5763/5922
f 5510/5714/5828 5511/5715/5830 5560/5765/5924 5559/5764/5923
f 5511/5715/5830 5512/5716/5832 5561/5766/5925 5560/5765/5924
f 5512/5716/5832 5513/5717/5834 5562/5767/5926 5561/5766/5925
f 5513/5717/5834 5514/5718/5836 5563/5768/5927 5562/5767/5926
f 5514/5718/5836 5515/5719/5838 5564/5769/5928 5563/5768/5927
f 5515/5719/5838 5516/5720/5840 5565/5770/5929 5564/5769/5928
f 5516/5720/5840 5517/5721/5842 5566/5771/5930 5565/5770/5929
f 5517/5721/5842 5518/5722/5844 5567/5772/5931 5566/5771/5930
f 5518/5722/5844 5519/5723/5846 5568/5773/5932 5567/5772/5931
f 5519/5723/5846 5520/5724/5848 5569/5774/5933 5568/5773/5932
f 5520/5724/5848 5521/5725/5850 5570/5775/5934 5569/5774/5933
f 5521/5725/5850 5522/5726/5852 5571/5776/5935 5570/5775/5934
f 5522/5726/5852 5523/5727/5854 5572/5777/5936 5571/5776/5935
f 5523/5727/5854 5524/5728/5856 5573/5778/5937 5572/5777/5936
f 5524/5728/5856 5525/5729/5858 5574/5779/5938 5573/5778/5937
f 5525/5729/5858 5526/5730/5860 5575/5780/5939 5574/5779/5938
f 5526/5730/5860 5527/5731/5862 5576/5781/5940 5575/5780/5939
f 5527/5731/5862 5528/5732/5864 5577/5782/5941 5576/5781/5940
f 5528/5732/5864 5529/5733/5866 5578/5783/5942 5577/5782/5941
f 5529/5733/5866 5530/5734/5868 5579/5784/5943 5578/5783/5942
f 5530/5734/5868 5531/5735/5870 5580/5785/5944 5579/5784/5943
f 5531/5735/5870 5532/5736/5872 5581/5786/5945 5580/5785/5944
f 5532/5736/5872 5533/5737/5874 5582/5787/5946 5581/5786/5945
f 5533/5737/5874 5534/5738/5876 5583/5788/5947 5582/5787/5946
f 5534/5738/5876 5535/5739/5878 5584/5789/5948 5583/5788/5947
f 5535/5739/5878 5536/5740/5880 5585/5790/5949 5584/5789/5948
f 5536/5740/5880 5537/5741/5882 5586/5791/5950 5585/5790/5949
f 5537/5741/5882 5538/5742/5884 5587/5792/5951 5586/5791/5950
f 5538/5742/5884 5539/5743/5886 5588/5793/5952 5587/5792/5951
f 5539/5743/5886 5540/5744/5888 5589/5794/5953 5588/5793/5952
f 5540/5744/5888 5541/5745/5890 5590/5795/5954 5589/5794/5953
f 5541/5745/5890 5542/5746/5892 5591/5796/5955 5590/5795/5954
f 5542/5746/5892 5543/5747/5894 5592/5797/5956 5591/5796/5955
f 5543/5747/5894 5544/5748/5896 5593/5798/5957 5592/5797/5956
f 5544/5748/5896 5545/5749/5898 5594/5799/5958 5593/5798/5957
f 5545/5749/5898 5546/5750/5900 5595/5800/5959 5594/5799/5958
f 5546/5750/5900 5547/5751/5902 5596/5801/5960 5595/5800/5959
f 5547/5751/5902 5548/5752/5904 5597/5802/5961 5596/5801/5960
f 5548/5752/5904 5549/5753/5906 5598/5803/5962 5597/5802/5961
f 5549/5753/5906 5550/5754/5908 5599/5804/5963 5598/5803/5962
f 5550/5754/5908 5551/5755/5910 5600/5805/5964 5599/5804/5963
f 5551/5755/5910 5552/5756/5912 5601/5806/5965 5600/5805/5964
f 5552/5756/5912 5553/5757/5914 5602/5807/5966 5601/5806/5965
f 5553/5757/5914 52/52/5916 103/103/5967 5602/5807/5966
f 2755/5758/5918 5554/5759/5917 2653/5809/5968 2704/5808/5969
f 5554/5759/5917 5555/5760/5919 2602/5810/5970 2653/5809/5968
f 5555/5760/5919 5556/5761/5920 2551/5811/5971 2602/5810/5970
f 5556/5761/5920 5557/5762/5921 2500/5812/5972 2551/5811/5971
f 5557/5762/5921 5558/5763/5922 2449/5813/5973 2500/5812/5972
f 5558/5763/5922 5559/5764/5923 2398/5814/5974 2449/5813/5973
f 5559/5764/5923 5560/5765/5924 2347/5815/5975 2398/5814/5974
f 5560/5765/5924 5561/5766/5925 2296/5816/5976 2347/5815/5975
f 5561/5766/5925 5562/5767/5926 2245/5817/5977 2296/5816/5976
f 5562/5767/5926 5563/5768/5927 2194/5818/5978 2245/5817/5977
f 5563/5768/5927 5564/5769/5928 2143/5819/5979 2194/5818/5978
f 5564/5769/5928 5565/5770/5929 2092/5820/5980 2143/5819/5979
f 5565/5770/5929 5566/5771/5930 2041/5821/5981 2092/5820/5980
f 5566/5771/5930 5567/5772/5931 1990/5822/5982 2041/5821/5981
f 5567/5772/5931 5568/5773/5932 1939/5823/5983 1990/5822/5982
f 5568/5773/5932 5569/5774/5933 1888/5824/5984 1939/5823/5983
f 5569/5774/5933 5570/5775/5934 1837/5825/5985 1888/5824/5984
f 5570/5775/5934 5571/5776/5935 1786/5826/5986 1837/5825/5985
f 5571/5776/5935 5572/5777/5936 1735/5827/5987 1786/5826/5986
f 5572/5777/5936 5573/5778/5937 1684/5828/5988 1735/5827/5987
f 5573/5778/5937 5574/5779/5938 1633/5829/5989 1684/5828/5988
f 5574/5779/5938 5575/5780/5939 1582/5830/5990 1633/5829/5989
f 5575/5780/5939 5576/5781/5940 1531/5831/5991 1582/5830/5990
f 5576/5781/5940 5577/5782/5941 1480/5832/5992 1531/5831/5991
f 5577/5782/5941 5578/5783/5942 1429/5833/5993 1480/5832/5992
f 5578/5783/5942 5579/5784/5943 1378/5834/5994 1429/5833/5993
f 5579/5784/5943 5580/5785/5944 1327/5835/5995 1378/5834/5994
f 5580/5785/5944 5581/5786/5945 1276/5836/5996 1327/5835/5995
f 5581/5786/5945 5582/5787/5946 1225/5837/5997 1276/5836/5996
f 5582/5787/5946 5583/5788/5947 1174/5838/5998 1225/5837/5997
f 5583/5788/5947 5584/5789/5948 1123/5839/5999 1174/5838/5998
f 5584/5789/5948 5585/5790/5949 1072/5840/6000 1123/5839/5999
f 5585/5790/5949 5586/5791/5950 1021/5841/6001 1072/5840/6000
f 5586/5791/5950 5587/5792/5951 970/5842/6002 1021/5841/6001
f 5587/5792/5951 5588/5793/5952 919/5843/6003 970/5842/6002
f 5588/5793/5952 5589/5794/5953 868/5844/6004 919/5843/6003
f 5589/5794/5953 5590/5795/5954 817/5845/6005 868/5844/6004
f 5590/5795/5954 5591/5796/5955 766/5846/6006 817/5845/6005
f 5591/5796/5955 5592/5797/5956 715/5847/6007 766/5846/6006
f 5592/5797/5956 5593/5798/5957 664/5848/6008 715/5847/6007
f 5593/5798/5957 5594/5799/5958 613/5849/6009 664/5848/6008
f 5594/5799/5958 5595/5800/5959 562/5850/6010 613/5849/6009
f 5595/5800/5959 5596/5801/5960 511/5851/6011 562/5850/6010
f 5596/5801/5960 5597/5802/5961 460/5852/6012 511/5851/6011
f 5597/5802/5961 5598/5803/5962 409/5853/6013 460/5852/6012
f 5598/5803/5962 5599/5804/5963 358/5854/6014 409/5853/6013
f 5599/5804/5963 5600/5805/5964 307/5855/6015 358/5854/6014
f 5600/5805/5964 5601/5806/5965 256/5856/6016 307/5855/6015
f 5601/5806/5965 5602/5807/5966 205/5857/6017 256/5856/6016
f 5602/5807/5966 103/103/5967 154/154/6018 205/5857/6017
g default
v 1579.928628 -141.888878 161.475280
v 1571.835428 -141.499872 167.904770
v 1563.184742 -141.834085 173.456307
v 1556.733575 -140.110732 181.197514
v 1563.592167 -136.362517 187.898132
v 1573.035447 -133.624672 191.233684
v 1581.658433 -130.256248 195.849089
v 1585.918050 -127.654553 204.871780
v 1585.265050 -128.249058 215.147491
v 1584.493016 -128.879818 225.496039
v 1585.096085 -128.245775 235.881265
v 1586.056110 -127.132274 246.171249
v 1587.144717 -125.815782 256.349144
v 1587.302099 -125.356592 266.575303
v 1584.013325 -127.767019 275.971435
v 1576.406744 -132.471168 281.233145
v 1567.360845 -136.805428 283.711750
v 1558.650928 -141.039025 287.206437
v 1557.990261 -145.112499 296.584627
v 1562.425553 -147.712147 305.553695
v 1567.250511 -149.824474 314.475026
v 1576.607816 -134.271120 156.896917
v 1568.412012 -134.067747 163.150344
v 1560.129307 -133.799263 169.298123
v 1555.206873 -131.316128 177.890656
v 1562.414910 -127.747249 184.116179
v 1571.505081 -124.820985 188.038528
v 1578.403202 -121.309580 194.934780
v 1580.447022 -119.846895 204.960208
v 1579.336174 -120.880632 215.164665
v 1578.515733 -121.596032 225.441192
v 1578.833621 -121.186899 235.766075
v 1579.809912 -120.034053 245.991942
v 1581.040036 -118.553272 256.145049
v 1581.334323 -117.940726 266.422313
v 1578.897460 -119.753770 276.217737
v 1572.798237 -123.939919 283.344392
v 1563.803032 -128.199652 285.686452
v 1556.000175 -132.606066 290.732221
v 1555.971552 -136.529904 300.118307
v 1559.312295 -139.557068 309.276194
v 1562.604680 -142.576866 318.527290
v 1572.896046 -127.060681 151.925514
v 1564.897327 -126.754370 158.371511
v 1557.617466 -125.330340 165.531164
v 1553.840837 -122.460113 174.397080
v 1561.106832 -119.080961 180.569879
v 1569.379248 -115.791230 185.845169
v 1573.837631 -112.891495 194.722669
v 1574.246625 -112.605063 204.992117
v 1573.058277 -113.780757 215.163712
v 1572.116061 -114.626601 225.383876
v 1572.282429 -114.350038 235.679800
v 1573.223267 -113.240771 245.884198
v 1574.438386 -111.736940 255.995831
v 1574.841567 -110.961016 266.221711
v 1573.369040 -112.060100 276.330824
v 1569.068956 -115.275545 285.216174
v 1560.273862 -119.741826 287.891780
v 1553.621588 -124.055761 294.344522
v 1553.964479 -127.843561 303.729476
v 1555.840878 -131.540664 313.014064
v 1558.328710 -135.145002 322.422778
v 1568.220119 -121.162697 146.118959
v 1561.425181 -119.243291 153.737086
v 1556.168397 -116.402186 162.060558
v 1552.789260 -113.420259 170.881170
v 1559.656000 -110.359644 177.519757
v 1565.945091 -106.854708 184.814516
v 1567.765001 -105.453852 194.829028
v 1567.356210 -106.022037 204.968676
v 1566.207952 -107.209362 215.080204
v 1565.460473 -107.863632 225.319365
v 1565.582517 -107.638944 235.630580
v 1566.326929 -106.737521 245.841139
v 1567.242175 -105.451789 255.946328
v 1567.371850 -104.932605 266.018660
v 1566.690220 -105.322618 276.035229
v 1564.613789 -106.766659 285.940072
v 1556.418015 -111.434526 289.792973
v 1551.798726 -115.285427 297.977319
v 1552.644125 -119.031125 307.288725
v 1554.947284 -122.795506 316.680578
v 1560.698350 -126.487933 324.815991
v 1564.326363 -113.989480 141.328551
v 1560.308212 -110.493506 150.225317
v 1556.789333 -107.082117 159.261850
v 1552.665702 -103.963558 167.553269
v 1556.697607 -101.362935 176.095398
v 1559.951391 -99.170458 184.888046
v 1560.112573 -99.445295 194.843514
v 1560.159680 -99.714803 204.898936
v 1559.521424 -100.404733 215.019831
v 1559.234293 -100.698362 225.289350
v 1559.341517 -100.489250 235.589385
v 1559.671812 -99.930746 245.788454
v 1559.700960 -99.494517 255.894191
v 1559.387998 -99.356524 265.884203
v 1559.097196 -99.223228 275.794165
v 1558.916026 -99.122553 285.425253
v 1552.792612 -102.784505 292.187272
v 1551.414673 -106.101781 301.457023
v 1553.678848 -110.037495 310.662404
v 1559.577428 -114.552664 318.270654
v 1567.536604 -120.895213 321.389914
v 1569.297790 -106.096311 140.597538
v 1564.325905 -102.060058 148.859890
v 1559.178345 -97.923958 157.034170
v 1554.563636 -94.141640 165.154391
v 1553.392201 -91.993352 174.744149
v 1554.219548 -91.395354 184.681219
v 1554.593648 -91.485273 194.763181
v 1554.910031 -91.638918 204.920283
v 1555.225347 -91.863892 215.106085
v 1555.523071 -91.955576 225.298641
v 1555.522411 -91.807670 235.466683
v 1555.178143 -91.530674 245.628825
v 1554.750826 -91.236435 255.796993
v 1554.317194 -90.995464 265.922422
v 1553.892052 -90.816702 275.969935
v 1553.405247 -90.960980 285.533028
v 1552.262332 -93.126719 295.065331
v 1553.489028 -96.911854 304.431700
v 1558.693990 -102.091267 312.351334
v 1566.544455 -109.143293 314.792973
v 1571.719529 -118.140595 313.235084
v 1573.673707 -97.904958 139.454044
v 1567.917703 -93.869058 147.166985
v 1562.219030 -89.489907 154.824177
v 1557.380063 -84.700649 163.339514
v 1556.196639 -82.497199 173.609815
v 1557.150442 -82.429651 184.171783
v 1557.674451 -82.478448 194.528760
v 1558.064400 -82.689871 204.808832
v 1558.400131 -82.925633 215.036180
v 1558.484511 -82.943044 225.230723
v 1558.415889 -82.786661 235.445655
v 1558.188465 -82.504126 245.670803
v 1557.953192 -82.245680 255.902997
v 1557.592690 -81.936005 266.148448
v 1557.181275 -81.748719 276.433252
v 1556.225261 -81.928235 286.754648
v 1557.151466 -84.771720 296.757810
v 1558.929597 -88.981163 306.268202
v 1565.877048 -97.431267 308.876068
v 1569.757548 -106.677026 306.239497
v 1569.954890 -116.685877 303.822355
v 1572.245745 -89.906727 134.688512
v 1569.463680 -85.446977 143.602566
v 1566.573281 -81.515903 153.133257
v 1564.561853 -78.173386 163.201042
v 1564.232293 -76.721651 173.399051
v 1564.788473 -76.906826 183.844384
v 1565.397352 -77.035010 194.274229
v 1565.850425 -77.272080 204.619678
v 1566.203635 -77.576713 214.932267
v 1566.455714 -77.905540 225.223312
v 1566.468608 -77.894600 235.510670
v 1566.230899 -77.445753 245.801347
v 1565.917183 -77.044281 256.110923
v 1565.546804 -76.692384 266.439349
v 1564.972080 -76.421087 276.916985
v 1564.264524 -76.073043 287.520949
v 1565.230325 -79.280473 297.432688
v 1567.265094 -85.076570 305.278590
v 1568.326528 -94.846389 300.288904
v 1567.942722 -104.490966 297.265619
v 1567.537388 -114.568882 294.935147
v 1578.164766 -95.529472 139.389610
v 1575.994360 -90.474871 148.000862
v 1575.132625 -83.843515 155.957687
v 1574.442086 -77.025843 163.579054
v 1574.239522 -75.245152 173.480520
v 1574.427263 -75.654041 183.674156
v 1574.846602 -76.109406 193.974817
v 1575.275691 -76.517202 204.373626
v 1575.598723 -76.923346 214.758115
v 1575.789964 -77.319303 225.165985
v 1575.812383 -77.224456 235.605411
v 1575.670676 -76.892177 246.013317
v 1575.419119 -76.447255 256.380861
v 1575.039842 -76.081817 266.783195
v 1574.637633 -75.717896 277.135240
v 1574.516426 -74.867199 287.393993
v 1574.953983 -77.491924 297.159431
v 1576.122743 -84.959488 304.784882
v 1576.205830 -95.647445 304.143817
v 1575.975969 -105.872292 301.790337
v 1575.683736 -115.829579 299.218924
v 1585.578495 -99.772172 143.790477
v 1584.395094 -93.055953 151.509121
v 1584.385800 -84.105220 156.788799
v 1584.158665 -76.628497 163.625229
v 1584.166443 -75.365445 173.616807
v 1584.226121 -75.974511 183.622429
v 1584.423057 -76.361631 193.797533
v 1584.692138 -76.746189 204.145879
v 1584.936422 -77.135532 214.603458
v 1585.066766 -77.511823 225.115500
v 1585.105007 -77.454839 235.656360
v 1585.048986 -77.075008 246.164675
v 1584.874139 -76.684413 256.632902
v 1584.661494 -76.302624 266.997389
v 1584.531234 -75.886648 277.156263
v 1584.602453 -75.305170 287.110744
v 1584.729386 -77.405047 296.830009
v 1585.054639 -85.083040 303.374839
v 1584.952599 -95.357565 302.030724
v 1584.484656 -105.076730 298.409574
v 1584.008554 -114.870117 294.970890
v 1593.488244 -102.917332 148.122392
v 1593.476442 -94.194233 153.869983
v 1593.747542 -84.198992 156.904141
v 1593.865598 -76.512129 163.629102
v 1593.969026 -75.435706 173.593865
v 1594.058770 -75.991216 183.602346
v 1594.109161 -76.369658 193.722656
v 1594.172581 -76.748782 204.032240
v 1594.243068 -77.133943 214.505855
v 1594.305071 -77.511871 225.065356
v 1594.346599 -77.459061 235.649323
v 1594.365372 -77.077738 246.227008
v 1594.374854 -76.691871 256.719600
v 1594.421890 -76.312248 267.042673
v 1594.509638 -75.928452 277.128796
v 1594.535425 -75.369788 287.082935
v 1594.533216 -77.316686 296.829736
v 1594.399964 -85.202009 303.278029
v 1594.106539 -95.578236 301.926930
v 1593.705988 -105.367866 298.251013
v 1593.263546 -115.594604 296.433397
v 1602.628432 -103.995125 150.153539
v 1602.797992 -94.195903 153.669315
v 1603.051640 -84.299314 156.879819
v 1603.588018 -76.659490 163.597632
v 1603.814034 -75.553574 173.459516
v 1603.897325 -75.983718 183.475222
v 1603.816210 -76.367474 193.700365
v 1603.672872 -76.747594 204.039781
v 1603.571436 -77.131920 214.490131
v 1603.542125 -77.509254 225.026047
v 1603.580262 -77.461710 235.610915
v 1603.692129 -77.081390 246.166756
v 1603.901077 -76.696213 256.634032
v 1604.182370 -76.315636 266.966226
v 1604.461165 -75.916524 277.220491
v 1604.531317 -75.382559 287.222593
v 1604.322300 -77.480213 296.815459
v 1603.880293 -85.423193 303.382751
v 1603.161822 -95.702334 301.797181
v 1602.953746 -105.871128 298.921175
v 1602.103536 -116.289158 299.376050
v 1611.400511 -102.975408 147.249570
v 1611.392552 -93.327355 150.832567
v 1612.244025 -83.666913 155.636179
v 1613.315729 -76.907380 163.361365
v 1613.682532 -75.594954 173.244183
v 1613.722967 -75.918170 183.346050
v 1613.423857 -76.346973 193.742319
v 1613.159452 -76.733595 204.132144
v 1612.943005 -77.119133 214.536080
v 1612.828644 -77.496371 225.002065
v 1612.865731 -77.448273 235.523237
v 1613.065709 -77.070000 245.997330
v 1613.412930 -76.693428 256.407664
v 1613.836228 -76.268935 266.818991
v 1614.384022 -75.782433 277.288635
v 1614.594055 -75.207569 287.550951
v 1614.220543 -77.838162 297.102848
v 1613.099123 -85.692115 303.371300
v 1612.216352 -96.361834 302.984369
v 1610.645169 -106.498372 304.322191
v 1607.152343 -115.905803 307.415171
v 1615.171978 -105.690400 155.439486
v 1618.194682 -95.727467 156.878005
v 1621.047909 -85.165165 156.028846
v 1623.018836 -77.759176 162.874107
v 1623.836945 -75.047214 172.893409
v 1623.365369 -75.659595 183.549205
v 1622.959536 -76.124127 193.971155
v 1622.629678 -76.518928 204.334056
v 1622.367062 -76.946440 214.683808
v 1622.176572 -77.408499 225.038471
v 1622.210472 -77.468220 235.381729
v 1622.478308 -77.106041 245.703488
v 1622.871900 -76.724276 256.031931
v 1623.370106 -76.374041 266.412748
v 1623.986500 -76.068010 276.966611
v 1624.735407 -75.397015 287.554566
v 1624.312370 -78.271669 297.668529
v 1621.915105 -86.505589 304.940926
v 1619.004254 -96.596496 309.095602
v 1616.677995 -106.530641 311.256872
v 1614.843655 -116.663506 312.571179
v 1622.880011 -107.053019 150.270690
v 1625.716089 -97.587617 152.741947
v 1629.328391 -87.728947 155.307510
v 1632.539208 -80.864494 162.793973
v 1632.937658 -78.841114 173.346043
v 1632.199051 -78.944005 183.940934
v 1631.878066 -79.293597 194.266694
v 1631.561320 -79.653794 204.527095
v 1631.310828 -79.999181 214.780541
v 1631.161339 -80.269178 225.017044
v 1631.216079 -80.261440 235.225796
v 1631.490434 -80.007818 245.436262
v 1631.847927 -79.748778 255.655834
v 1632.299415 -79.456642 265.887400
v 1632.738827 -79.256673 276.257680
v 1634.007109 -79.437731 287.100659
v 1632.835253 -83.878425 296.691125
v 1628.581697 -91.144975 301.852071
v 1622.654743 -99.829172 301.237163
v 1616.815949 -108.343275 301.971724
v 1611.037133 -116.901114 303.674988
v 1628.194646 -106.154462 142.312405
v 1633.054932 -97.976133 147.126540
v 1637.638793 -91.997686 154.878854
v 1638.888360 -88.502391 164.311860
v 1638.627464 -86.407202 174.354720
v 1638.238657 -86.533853 184.387921
v 1637.805005 -86.881086 194.437594
v 1637.430279 -87.256461 204.589149
v 1637.022526 -87.574532 214.779702
v 1636.791921 -87.861289 224.976529
v 1636.641188 -88.005879 235.168954
v 1636.642773 -87.975096 245.308842
v 1636.981077 -87.851616 255.437604
v 1637.277068 -87.668328 265.553273
v 1637.521160 -87.622783 275.537939
v 1638.241319 -87.984535 285.167548
v 1639.375456 -91.135134 294.554716
v 1635.939169 -96.797236 302.185670
v 1629.456315 -104.384138 305.377947
v 1623.434194 -112.523773 306.849075
v 1616.507363 -118.916628 311.021203
v 1636.802307 -107.787709 138.460429
v 1640.393841 -103.948584 147.820992
v 1641.082830 -100.824258 157.617434
v 1640.021518 -98.018596 166.910278
v 1635.483093 -95.442917 174.981994
v 1635.214958 -95.764247 184.404373
v 1634.793106 -96.015131 194.308560
v 1634.324383 -96.237279 204.387197
v 1634.001009 -96.526790 214.543928
v 1633.961727 -96.887219 224.770109
v 1633.973488 -97.099967 235.029191
v 1633.954580 -97.076272 245.251206
v 1634.002490 -96.934868 255.389041
v 1634.136021 -96.850062 265.399452
v 1634.250740 -96.816188 275.079806
v 1634.196116 -96.904509 284.588602
v 1641.056068 -100.237209 290.512479
v 1641.203807 -104.702707 299.347442
v 1636.672961 -110.222434 306.852248
v 1629.957055 -115.743168 312.952951
v 1622.633903 -120.893840 318.072959
v 1639.594853 -116.145763 140.960529
v 1639.803894 -113.041239 150.735669
v 1640.030208 -110.255092 160.338821
v 1637.071000 -107.112773 169.283920
v 1629.196709 -102.751827 174.173587
v 1627.343874 -101.613659 184.122522
v 1627.083178 -101.951336 194.075612
v 1626.993176 -102.428647 204.153569
v 1626.951168 -102.872092 214.344595
v 1627.243106 -103.566425 224.600031
v 1627.221367 -103.766896 234.911465
v 1626.893140 -103.491951 245.149531
v 1626.593639 -103.143638 255.283236
v 1626.416434 -102.855797 265.283731
v 1626.144199 -102.468878 275.255098
v 1629.426874 -105.227000 284.628888
v 1638.864127 -108.875623 286.687192
v 1642.733238 -113.504752 294.834091
v 1638.566136 -118.300032 302.471854
v 1633.288362 -123.572570 309.786649
v 1627.309780 -128.856543 316.576231
v 1633.271041 -122.923477 143.250866
v 1635.221092 -121.076563 153.106955
v 1637.339089 -119.286589 162.935645
v 1633.557434 -115.514695 171.572334
v 1624.797252 -111.211760 174.786291
v 1620.349556 -108.011478 183.560906
v 1619.272061 -107.519927 193.780567
v 1619.090631 -107.848028 203.992662
v 1619.386777 -108.617478 214.209309
v 1619.958957 -109.594459 224.453140
v 1619.641761 -109.489735 234.752214
v 1619.006428 -108.892115 244.972480
v 1618.537876 -108.373248 255.148205
v 1618.433217 -108.164397 265.329477
v 1620.083555 -109.842153 275.422385
v 1626.579104 -114.115059 282.300938
v 1636.402700 -116.983568 283.037908
v 1642.658914 -121.755722 289.575487
v 1638.450299 -126.663613 297.304211
v 1631.150454 -130.275713 303.443280
v 1623.550701 -133.653677 309.513595
v 1626.879282 -129.608880 145.872404
v 1630.250299 -128.681169 155.561146
v 1633.744848 -127.809149 165.193980
v 1630.143242 -124.046385 173.952701
v 1621.170730 -119.803682 176.546052
v 1614.787084 -115.690815 183.496079
v 1612.422351 -114.061478 193.439339
v 1611.844626 -114.025874 203.776930
v 1612.378982 -115.022799 214.036176
v 1612.999601 -115.998877 224.286982
v 1612.285275 -115.487182 234.570050
v 1611.375366 -114.596511 244.798388
v 1610.846587 -113.980502 255.086576
v 1611.711667 -114.870859 265.397860
v 1615.914801 -118.362727 274.314649
v 1624.477826 -122.619887 278.386119
v 1634.459617 -125.016808 278.791006
v 1641.874142 -129.599388 284.110473
v 1637.447908 -134.568276 291.894113
v 1629.004449 -137.074634 297.208215
v 1621.121979 -140.077460 302.999972
v 1620.488910 -135.948310 148.824890
v 1625.196618 -136.284671 158.061548
v 1629.950446 -136.216899 167.291006
v 1626.728540 -132.579068 176.306095
v 1617.602746 -128.357262 178.499853
v 1609.937493 -123.841580 183.837956
v 1606.423762 -121.357264 193.191660
v 1605.417394 -120.911804 203.447841
v 1606.031546 -121.993113 213.728509
v 1606.345781 -122.666058 224.110918
v 1605.321854 -121.838259 234.446518
v 1604.429983 -120.967781 244.779782
v 1604.154293 -120.649730 255.119377
v 1606.578917 -122.856796 264.919340
v 1613.098901 -127.107274 271.725158
v 1622.873058 -130.337409 273.104177
v 1632.922182 -132.878110 273.872122
v 1640.922290 -137.299945 278.715574
v 1635.898254 -141.995525 286.213864
v 1626.933626 -143.788939 290.839865
v 1619.085403 -146.955214 296.760156
vt 0.000000 0.000000
vt 0.050000 0.000000
vt 0.100000 0.000000
vt 0.150000 0.000000
vt 0.200000 0.000000
vt 0.250000 0.000000
vt 0.300000 0.000000
vt 0.350000 0.000000
vt 0.400000 0.000000
vt 0.450000 0.000000
vt 0.500000 0.000000
vt 0.550000 0.000000
vt 0.600000 0.000000
vt 0.650000 0.000000
vt 0.700000 0.000000
vt 0.750000 0.000000
vt 0.800000 0.000000
vt 0.850000 0.000000
vt 0.900000 0.000000
vt 0.950000 0.000000
vt 1.000000 0.000000
vt 0.000000 0.045840
vt 0.050000 0.045840
vt 0.100000 0.045840
vt 0.150000 0.045840
vt 0.200000 0.045840
vt 0.250000 0.045840
vt 0.300000 0.045840
vt 0.350000 0.045840
vt 0.400000 0.045840
vt 0.450000 0.045840
vt 0.500000 0.045840
vt 0.550000 0.045840
vt 0.600000 0.045840
vt 0.650000 0.045840
vt 0.700000 0.045840
vt 0.750000 0.045840
vt 0.800000 0.045840
vt 0.850000 0.045840
vt 0.900000 0.045840
vt 0.950000 0.045840
vt 1.000000 0.045840
vt 0.000000 0.091680
vt 0.050000 0.091680
vt 0.100000 0.091680
vt 0.150000 0.091680
vt 0.200000 0.091680
vt 0.250000 0.091680
vt 0.300000 0.091680
vt 0.350000 0.091680
vt 0.400000 0.091680
vt 0.450000 0.091680
vt 0.500000 0.091680
vt 0.550000 0.091680
vt 0.600000 0.091680
vt 0.650000 0.091680
vt 0.700000 0.091680
vt 0.750000 0.091680
vt 0.800000 0.091680
vt 0.850000 0.091680
vt 0.900000 0.091680
vt 0.950000 0.091680
vt 1.000000 0.091680
vt 0.000000 0.137520
vt 0.050000 0.137520
vt 0.100000 0.137520
vt 0.150000 0.137520
vt 0.200000 0.137520
vt 0.250000 0.137520
vt 0.300000 0.137520
vt 0.350000 0.137520
vt 0.400000 0.137520
vt 0.450000 0.137520
vt 0.500000 0.137520
vt 0.550000 0.137520
vt 0.600000 0.137520
vt 0.650000 0.137520
vt 0.700000 0.137520
vt 0.750000 0.137520
vt 0.800000 0.137520
vt 0.850000 0.137520
vt 0.900000 0.137520
vt 0.950000 0.137520
vt 1.000000 0.137520
vt 0.000000 0.183361
vt 0.050000 0.183361
vt 0.100000 0.183361
vt 0.150000 0.183361
vt 0.200000 0.183361
vt 0.250000 0.183361
vt 0.300000 0.183361
vt 0.350000 0.183361
vt 0.400000 0.183361
vt 0.450000 0.183361
vt 0.500000 0.183361
vt 0.550000 0.183361
vt 0.600000 0.183361
vt 0.650000 0.183361
vt 0.700000 0.183361
vt 0.750000 0.183361
vt 0.800000 0.183361
vt 0.850000 0.183361
vt 0.900000 0.183361
vt 0.950000 0.183361
vt 1.000000 0.183361
vt 0.000000 0.229201
vt 0.050000 0.229201
vt 0.100000 0.229201
vt 0.150000 0.229201
vt 0.200000 0.229201
vt 0.250000 0.229201
vt 0.300000 0.229201
vt 0.350000 0.229201
vt 0.400000 0.229201
vt 0.450000 0.229201
vt 0.500000 0.229201
vt 0.550000 0.229201
vt 0.600000 0.229201
vt 0.650000 0.229201
vt 0.700000 0.229201
vt 0.750000 0.229201
vt 0.800000 0.229201
vt 0.850000 0.229201
vt 0.900000 0.229201
vt 0.950000 0.229201
vt 1.000000 0.229201
vt 0.000000 0.275041
vt 0.050000 0.275041
vt 0.100000 0.275041
vt 0.150000 0.275041
vt 0.200000 0.275041
vt 0.250000 0.275041
vt 0.300000 0.275041
vt 0.350000 0.275041
vt 0.400000 0.275041
vt 0.450000 0.275041
vt 0.500000 0.275041
vt 0.550000 0.275041
vt 0.600000 0.275041
vt 0.650000 0.275041
vt 0.700000 0.275041
vt 0.750000 0.275041
vt 0.800000 0.275041
vt 0.850000 0.275041
vt 0.900000 0.275041
vt 0.950000 0.275041
vt 1.000000 0.275041
vt 0.000000 0.320881
vt 0.050000 0.320881
vt 0.100000 0.320881
vt 0.150000 0.320881
vt 0.200000 0.320881
vt 0.250000 0.320881
vt 0.300000 0.320881
vt 0.350000 0.320881
vt 0.400000 0.320881
vt 0.450000 0.320881
vt 0.500000 0.320881
vt 0.550000 0.320881
vt 0.600000 0.320881
vt 0.650000 0.320881
vt 0.700000 0.320881
vt 0.750000 0.320881
vt 0.800000 0.320881
vt 0.850000 0.320881
vt 0.900000 0.320881
vt 0.950000 0.320881
vt 1.000000 0.320881
vt 0.000000 0.366721
vt 0.050000 0.366721
vt 0.100000 0.366721
vt 0.150000 0.366721
vt 0.200000 0.366721
vt 0.250000 0.366721
vt 0.300000 0.366721
vt 0.350000 0.366721
vt 0.400000 0.366721
vt 0.450000 0.366721
vt 0.500000 0.366721
vt 0.550000 0.366721
vt 0.600000 0.366721
vt 0.650000 0.366721
vt 0.700000 0.366721
vt 0.750000 0.366721
vt 0.800000 0.366721
vt 0.850000 0.366721
vt 0.900000 0.366721
vt 0.950000 0.366721
vt 1.000000 0.366721
vt 0.000000 0.412561
vt 0.050000 0.412561
vt 0.100000 0.412561
vt 0.150000 0.412561
vt 0.200000 0.412561
vt 0.250000 0.412561
vt 0.300000 0.412561
vt 0.350000 0.412561
vt 0.400000 0.412561
vt 0.450000 0.412561
vt 0.500000 0.412561
vt 0.550000 0.412561
vt 0.600000 0.412561
vt 0.650000 0.412561
vt 0.700000 0.412561
vt 0.750000 0.412561
vt 0.800000 0.412561
vt 0.850000 0.412561
vt 0.900000 0.412561
vt 0.950000 0.412561
vt 1.000000 0.412561
vt 0.000000 0.458401
vt 0.050000 0.458401
vt 0.100000 0.458401
vt 0.150000 0.458401
vt 0.200000 0.458401
vt 0.250000 0.458401
vt 0.300000 0.458401
vt 0.350000 0.458401
vt 0.400000 0.458401
vt 0.450000 0.458401
vt 0.500000 0.458401
vt 0.550000 0.458401
vt 0.600000 0.458401
vt 0.650000 0.458401
vt 0.700000 0.458401
vt 0.750000 0.458401
vt 0.800000 0.458401
vt 0.850000 0.458401
vt 0.900000 0.458401
vt 0.950000 0.458401
vt 1.000000 0.458401
vt 0.000000 0.504241
vt 0.050000 0.504241
vt 0.100000 0.504241
vt 0.150000 0.504241
vt 0.200000 0.504241
vt 0.250000 0.504241
vt 0.300000 0.504241
vt 0.350000 0.504241
vt 0.400000 0.504241
vt 0.450000 0.504241
vt 0.500000 0.504241
vt 0.550000 0.504241
vt 0.600000 0.504241
vt 0.650000 0.504241
vt 0.700000 0.504241
vt 0.750000 0.504241
vt 0.800000 0.504241
vt 0.850000 0.504241
vt 0.900000 0.504241
vt 0.950000 0.504241
vt 1.000000 0.504241
vt 0.000000 0.550081
vt 0.050000 0.550081
vt 0.100000 0.550081
vt 0.150000 0.550081
vt 0.200000 0.550081
vt 0.250000 0.550081
vt 0.300000 0.550081
vt 0.350000 0.550081
vt 0.400000 0.550081
vt 0.450000 0.550081
vt 0.500000 0.550081
vt 0.550000 0.550081
vt 0.600000 0.550081
vt 0.650000 0.550081
vt 0.700000 0.550081
vt 0.750000 0.550081
vt 0.800000 0.550081
vt 0.850000 0.550081
vt 0.900000 0.550081
vt 0.950000 0.550081
vt 1.000000 0.550081
vt 0.000000 0.595922
vt 0.050000 0.595922
vt 0.100000 0.595922
vt 0.150000 0.595922
vt 0.200000 0.595922
vt 0.250000 0.595922
vt 0.300000 0.595922
vt 0.350000 0.595922
vt 0.400000 0.595922
vt 0.450000 0.595922
vt 0.500000 0.595922
vt 0.550000 0.595922
vt 0.600000 0.595922
vt 0.650000 0.595922
vt 0.700000 0.595922
vt 0.750000 0.595922
vt 0.800000 0.595922
vt 0.850000 0.595922
vt 0.900000 0.595922
vt 0.950000 0.595922
vt 1.000000 0.595922
vt 0.000000 0.641762
vt 0.050000 0.641762
vt 0.100000 0.641762
vt 0.150000 0.641762
vt 0.200000 0.641762
vt 0.250000 0.641762
vt 0.300000 0.641762
vt 0.350000 0.641762
vt 0.400000 0.641762
vt 0.450000 0.641762
vt 0.500000 0.641762
vt 0.550000 0.641762
vt 0.600000 0.641762
vt 0.650000 0.641762
vt 0.700000 0.641762
vt 0.750000 0.641762
vt 0.800000 0.641762
vt 0.850000 0.641762
vt 0.900000 0.641762
vt 0.950000 0.641762
vt 1.000000 0.641762
vt 0.000000 0.687602
vt 0.050000 0.687602
vt 0.100000 0.687602
vt 0.150000 0.687602
vt 0.200000 0.687602
vt 0.250000 0.687602
vt 0.300000 0.687602
vt 0.350000 0.687602
vt 0.400000 0.687602
vt 0.450000 0.687602
vt 0.500000 0.687602
vt 0.550000 0.687602
vt 0.600000 0.687602
vt 0.650000 0.687602
vt 0.700000 0.687602
vt 0.750000 0.687602
vt 0.800000 0.687602
vt 0.850000 0.687602
vt 0.900000 0.687602
vt 0.950000 0.687602
vt 1.000000 0.687602
vt 0.000000 0.733442
vt 0.050000 0.733442
vt 0.100000 0.733442
vt 0.150000 0.733442
vt 0.200000 0.733442
vt 0.250000 0.733442
vt 0.300000 0.733442
vt 0.350000 0.733442
vt 0.400000 0.733442
vt 0.450000 0.733442
vt 0.500000 0.733442
vt 0.550000 0.733442
vt 0.600000 0.733442
vt 0.650000 0.733442
vt 0.700000 0.733442
vt 0.750000 0.733442
vt 0.800000 0.733442
vt 0.850000 0.733442
vt 0.900000 0.733442
vt 0.950000 0.733442
vt 1.000000 0.733442
vt 0.000000 0.779282
vt 0.050000 0.779282
vt 0.100000 0.779282
vt 0.150000 0.779282
vt 0.200000 0.779282
vt 0.250000 0.779282
vt 0.300000 0.779282
vt 0.350000 0.779282
vt 0.400000 0.779282
vt 0.450000 0.779282
vt 0.500000 0.779282
vt 0.550000 0.779282
vt 0.600000 0.779282
vt 0.650000 0.779282
vt 0.700000 0.779282
vt 0.750000 0.779282
vt 0.800000 0.779282
vt 0.850000 0.779282
vt 0.900000 0.779282
vt 0.950000 0.779282
vt 1.000000 0.779282
vt 0.000000 0.825122
vt 0.050000 0.825122
vt 0.100000 0.825122
vt 0.150000 0.825122
vt 0.200000 0.825122
vt 0.250000 0.825122
vt 0.300000 0.825122
vt 0.350000 0.825122
vt 0.400000 0.825122
vt 0.450000 0.825122
vt 0.500000 0.825122
vt 0.550000 0.825122
vt 0.600000 0.825122
vt 0.650000 0.825122
vt 0.700000 0.825122
vt 0.750000 0.825122
vt 0.800000 0.825122
vt 0.850000 0.825122
vt 0.900000 0.825122
vt 0.950000 0.825122
vt 1.000000 0.825122
vt 0.000000 0.870962
vt 0.050000 0.870962
vt 0.100000 0.870962
vt 0.150000 0.870962
vt 0.200000 0.870962
vt 0.250000 0.870962
vt 0.300000 0.870962
vt 0.350000 0.870962
vt 0.400000 0.870962
vt 0.450000 0.870962
vt 0.500000 0.870962
vt 0.550000 0.870962
vt 0.600000 0.870962
vt 0.650000 0.870962
vt 0.700000 0.870962
vt 0.750000 0.870962
vt 0.800000 0.870962
vt 0.850000 0.870962
vt 0.900000 0.870962
vt 0.950000 0.870962
vt 1.000000 0.870962
vt 0.000000 0.916803
vt 0.050000 0.916803
vt 0.100000 0.916803
vt 0.150000 0.916803
vt 0.200000 0.916803
vt 0.250000 0.916803
vt 0.300000 0.916803
vt 0.350000 0.916803
vt 0.400000 0.916803
vt 0.450000 0.916803
vt 0.500000 0.916803
vt 0.550000 0.916803
vt 0.600000 0.916803
vt 0.650000 0.916803
vt 0.700000 0.916803
vt 0.750000 0.916803
vt 0.800000 0.916803
vt 0.850000 0.916803
vt 0.900000 0.916803
vt 0.950000 0.916803
vt 1.000000 0.916803
vn -0.501851 -0.607006 -0.616189
vn -0.482059 -0.593989 -0.644047
vn -0.507289 -0.595327 -0.623092
vn -0.494147 -0.623951 -0.605395
vn -0.640679 -0.510239 -0.573747
vn -0.697024 -0.483592 -0.529429
vn -0.975061 -0.158491 0.155362
vn -0.972691 -0.127261 0.194103
vn -0.575950 0.227320 0.785243
vn -0.589775 0.202095 0.781871
vn -0.518247 0.154260 0.841204
vn -0.587324 0.072647 0.806085
vn -0.760455 -0.209306 0.614735
vn -0.800625 -0.309459 0.513063
vn -0.841913 -0.524848 0.125367
vn -0.818891 -0.570777 0.060265
vn -0.783450 -0.611962 -0.108212
vn -0.763136 -0.634746 -0.121328
vn -0.768432 -0.639702 -0.017130
vn -0.752351 -0.658200 -0.027217
vn -0.751875 -0.650982 0.104440
vn -0.737341 -0.668369 0.098038
vn -0.746198 -0.646737 0.157860
vn -0.728746 -0.665545 0.161182
vn -0.761910 -0.637875 0.112287
vn -0.739932 -0.661825 0.120363
vn -0.783704 -0.602573 -0.150710
vn -0.766081 -0.631911 -0.117507
vn -0.705797 -0.390020 -0.591385
vn -0.733486 -0.441203 -0.517048
vn -0.452805 -0.047927 -0.890321
vn -0.498718 -0.085809 -0.862506
vn -0.400605 0.099328 -0.910851
vn -0.441296 0.084291 -0.893394
vn -0.826829 -0.065253 -0.558655
vn -0.857474 -0.081830 -0.507979
vn -0.949459 -0.306238 0.068886
vn -0.953224 -0.298390 0.048244
vn -0.856680 -0.456323 0.240559
vn -0.879723 -0.440992 0.177801
vn -0.822457 -0.524923 0.219134
vn -0.847974 -0.505742 0.158635
vn -0.594956 -0.593031 -0.542533
vn -0.517999 -0.669743 -0.532091
vn -0.802446 -0.405770 -0.437528
vn -0.970253 -0.076060 0.229834
vn -0.642582 0.127853 0.755475
vn -0.717685 -0.126830 0.684720
vn -0.816091 -0.497003 0.294930
vn -0.752521 -0.657014 -0.045224
vn -0.716524 -0.684353 -0.135109
vn -0.720776 -0.692053 -0.039307
vn -0.712182 -0.696913 0.084309
vn -0.694404 -0.702316 0.156700
vn -0.686202 -0.716839 0.123566
vn -0.702959 -0.708955 -0.056848
vn -0.740822 -0.572086 -0.351994
vn -0.577101 -0.216007 -0.787588
vn -0.531029 0.014907 -0.847222
vn -0.912537 -0.110263 -0.393851
vn -0.970990 -0.233997 0.049234
vn -0.940015 -0.278517 0.196977
vn -0.922883 -0.287854 0.255786
vn -0.773057 -0.454012 -0.443007
vn -0.686732 -0.585460 -0.430855
vn -0.888337 -0.242579 -0.389888
vn -0.984812 -0.051982 0.165659
vn -0.744090 -0.043224 0.666679
vn -0.778215 -0.406831 0.478404
vn -0.738533 -0.665357 0.108946
vn -0.685790 -0.722750 -0.085579
vn -0.698769 -0.705755 -0.116757
vn -0.725098 -0.687892 -0.032209
vn -0.722989 -0.687716 0.065836
vn -0.689041 -0.714709 0.120057
vn -0.643432 -0.760425 0.088031
vn -0.627042 -0.778739 -0.019602
vn -0.689838 -0.702854 -0.173553
vn -0.648554 -0.405459 -0.644190
vn -0.675806 -0.095286 -0.730895
vn -0.973448 -0.090225 -0.210376
vn -0.977999 -0.060596 0.199612
vn -0.863878 0.077233 0.497745
vn -0.721939 0.184035 0.667035
vn -0.873770 -0.012757 -0.486173
vn -0.857974 -0.051649 -0.511089
vn -0.893521 0.006340 -0.448976
vn -0.998505 -0.011291 -0.053488
vn -0.888440 -0.211780 0.407214
vn -0.808501 -0.537852 0.238833
vn -0.752770 -0.657955 0.020778
vn -0.762688 -0.644714 -0.051482
vn -0.806996 -0.587429 -0.060698
vn -0.837792 -0.545885 -0.010711
vn -0.835018 -0.549098 0.035166
vn -0.802151 -0.594970 0.050643
vn -0.760279 -0.649170 0.023533
vn -0.740309 -0.672069 -0.016304
vn -0.760270 -0.647222 -0.055627
vn -0.796909 -0.457145 -0.394911
vn -0.899303 -0.105797 -0.424335
vn -0.994618 0.050942 0.090218
vn -0.825499 0.191960 0.530757
vn -0.336691 0.406340 0.849427
vn 0.040623 0.485698 0.873182
vn -0.780578 0.241371 -0.576574
vn -0.751086 0.300906 -0.587643
vn -0.827700 0.145703 -0.541925
vn -0.951043 0.121416 -0.284211
vn -0.996340 0.045966 0.072070
vn -0.990073 -0.093999 0.104496
vn -0.990124 -0.137546 0.027114
vn -0.993907 -0.109551 0.012175
vn -0.997231 -0.074291 0.003334
vn -0.998549 -0.053689 0.004226
vn -0.998206 -0.059763 -0.003590
vn -0.996652 -0.080282 -0.015485
vn -0.995097 -0.094382 -0.029567
vn -0.994426 -0.098558 -0.037460
vn -0.993457 -0.105101 -0.044697
vn -0.993651 0.015224 -0.111473
vn -0.977094 0.212144 0.016783
vn -0.829523 0.317818 0.459221
vn -0.308977 0.410294 0.858016
vn 0.498179 0.448679 0.741960
vn 0.782791 0.388925 0.485773
vn -0.835017 0.099522 -0.541149
vn -0.853525 0.039724 -0.519536
vn -0.802734 0.244859 -0.543749
vn -0.820757 0.445435 -0.357694
vn -0.819531 0.569423 -0.064242
vn -0.801735 0.595307 0.053202
vn -0.797415 0.601927 0.042572
vn -0.794092 0.606378 0.041507
vn -0.791627 0.610172 0.031897
vn -0.788990 0.614366 0.007029
vn -0.785948 0.617788 -0.024980
vn -0.784438 0.618781 -0.042042
vn -0.783771 0.619365 -0.045729
vn -0.783692 0.619307 -0.047809
vn -0.784636 0.617617 -0.053807
vn -0.779181 0.622397 0.074157
vn -0.713957 0.622616 0.320334
vn -0.382988 0.565964 0.730072
vn 0.546259 0.361359 0.755659
vn 0.960595 0.220534 0.169178
vn 0.988470 0.141233 -0.054587
vn -0.239981 0.695748 -0.677011
vn -0.223963 0.672747 -0.705160
vn -0.308428 0.744545 -0.592052
vn -0.377147 0.857479 -0.349985
vn -0.382368 0.921474 -0.068414
vn -0.363713 0.930686 0.039201
vn -0.346960 0.937102 0.038201
vn -0.335300 0.941277 0.039635
vn -0.323840 0.945448 0.035436
vn -0.310674 0.950441 0.011976
vn -0.303654 0.952470 -0.024398
vn -0.305200 0.951338 -0.042542
vn -0.310743 0.949514 -0.043145
vn -0.315652 0.947960 -0.041661
vn -0.331119 0.942271 -0.049850
vn -0.359715 0.924853 0.123498
vn -0.308477 0.840372 0.445665
vn -0.086876 0.492831 0.865777
vn 0.279163 -0.081791 0.956754
vn 0.522613 -0.117138 0.844485
vn 0.611054 -0.182219 0.770331
vn 0.535369 0.728865 -0.426774
vn 0.626652 0.719003 -0.300570
vn 0.253051 0.772369 -0.582590
vn 0.003296 0.925485 -0.378769
vn -0.065391 0.996215 -0.057269
vn -0.050790 0.997933 0.039381
vn -0.036127 0.998680 0.036506
vn -0.027569 0.998951 0.036568
vn -0.023024 0.999058 0.036784
vn -0.021677 0.999650 0.015189
vn -0.021279 0.999547 -0.021309
vn -0.019401 0.999062 -0.038704
vn -0.018245 0.999091 -0.038526
vn -0.021063 0.999137 -0.035796
vn -0.029216 0.998273 -0.050964
vn -0.047340 0.993882 0.099785
vn -0.027180 0.875244 0.482918
vn 0.006631 0.319381 0.947603
vn -0.039304 -0.226777 0.973153
vn -0.064405 -0.268137 0.961225
vn -0.044609 -0.263915 0.963514
vn 0.357468 0.615622 -0.702300
vn 0.478903 0.683350 -0.551075
vn 0.114299 0.611952 -0.782592
vn 0.004112 0.892764 -0.450506
vn 0.003076 0.999221 -0.039345
vn 0.014627 0.998811 0.046494
vn 0.014643 0.999170 0.038024
vn 0.012904 0.999226 0.037162
vn 0.011703 0.999258 0.036690
vn 0.011285 0.999824 0.014966
vn 0.011445 0.999721 -0.020645
vn 0.011675 0.999261 -0.036630
vn 0.012451 0.999232 -0.037143
vn 0.012268 0.999231 -0.037246
vn 0.014526 0.998580 -0.051253
vn 0.014867 0.996959 0.076498
vn 0.025614 0.863955 0.502917
vn 0.075684 0.311933 0.947085
vn 0.129240 -0.217070 0.967563
vn 0.165146 -0.297287 0.940397
vn 0.175806 -0.273523 0.945663
vn 0.170790 0.448961 -0.877078
vn 0.271850 0.540961 -0.795901
vn 0.037167 0.515632 -0.856004
vn 0.005416 0.888683 -0.458490
vn 0.005236 0.999560 -0.029204
vn 0.002993 0.998959 0.045507
vn 0.000502 0.999308 0.037197
vn 0.000272 0.999321 0.036848
vn 0.000093 0.999340 0.036320
vn 0.000063 0.999881 0.015433
vn 0.000207 0.999789 -0.020553
vn 0.000401 0.999335 -0.036470
vn 0.000552 0.999321 -0.036831
vn 0.000870 0.999282 -0.037876
vn 0.002011 0.998875 -0.047387
vn 0.003102 0.997323 0.073050
vn 0.005436 0.857149 0.515039
vn 0.005759 0.279430 0.960149
vn -0.007164 -0.233979 0.972215
vn -0.079744 -0.242975 0.966749
vn -0.140923 -0.152515 0.978202
vn -0.116440 0.368442 -0.922330
vn -0.109316 0.395655 -0.911870
vn -0.080215 0.525744 -0.846852
vn -0.010377 0.895492 -0.444956
vn 0.007482 0.999336 -0.035652
vn 0.000277 0.999167 0.040815
vn -0.001674 0.999291 0.037604
vn -0.001012 0.999321 0.036820
vn -0.000850 0.999340 0.036325
vn -0.000755 0.999878 0.015629
vn -0.000784 0.999792 -0.020378
vn -0.000760 0.999340 -0.036308
vn -0.001152 0.999309 -0.037160
vn -0.003274 0.999231 -0.039068
vn -0.005930 0.998854 -0.047489
vn -0.001416 0.996608 0.082284
vn 0.007219 0.851726 0.523938
vn -0.014212 0.285008 0.958420
vn -0.116777 -0.148175 0.982042
vn -0.344569 -0.035656 0.938083
vn -0.471411 0.114045 0.874508
vn 0.169721 0.250211 -0.953199
vn 0.292053 0.224219 -0.929748
vn 0.041676 0.519372 -0.853532
vn 0.009965 0.895288 -0.445377
vn -0.006197 0.998220 -0.059310
vn -0.018151 0.999004 0.040770
vn -0.014029 0.999148 0.038800
vn -0.012171 0.999228 0.037343
vn -0.009610 0.999237 0.037866
vn -0.005169 0.999824 0.018048
vn -0.001186 0.999820 -0.018961
vn 0.000251 0.999345 -0.036177
vn 0.000734 0.999304 -0.037309
vn 0.002866 0.999222 -0.039335
vn 0.004741 0.998778 -0.049195
vn 0.008670 0.994883 0.100665
vn -0.002966 0.845974 0.533216
vn -0.132028 0.399062 0.907369
vn -0.400930 0.093510 0.911324
vn -0.607854 0.210689 0.765587
vn -0.655968 0.300678 0.692314
vn 0.145664 0.177842 -0.973218
vn 0.236178 0.219527 -0.946587
vn 0.110476 0.463085 -0.879402
vn 0.165250 0.865004 -0.473772
vn 0.178545 0.980050 -0.087314
vn 0.161558 0.985711 0.047682
vn 0.156326 0.986731 0.043872
vn 0.154534 0.987109 0.041649
vn 0.152226 0.987500 0.040889
vn 0.149385 0.988567 0.020479
vn 0.150256 0.988485 -0.017879
vn 0.154903 0.987203 -0.037891
vn 0.160743 0.986172 -0.040331
vn 0.169414 0.984713 -0.040475
vn 0.188091 0.980888 -0.049797
vn 0.234809 0.963234 0.130555
vn 0.255588 0.785711 0.563323
vn 0.187873 0.360017 0.913834
vn 0.135709 -0.000571 0.990749
vn 0.277825 -0.085751 0.956797
vn 0.441831 -0.092239 0.892344
vn -0.394108 0.406662 -0.824200
vn -0.554187 0.418569 -0.719498
vn 0.116682 0.565516 -0.816442
vn 0.500535 0.758150 -0.417940
vn 0.590732 0.803862 -0.069588
vn 0.585671 0.808869 0.052159
vn 0.584122 0.810116 0.050136
vn 0.584410 0.810060 0.047609
vn 0.583828 0.810810 0.041615
vn 0.583902 0.811557 0.020813
vn 0.590890 0.806657 -0.012375
vn 0.603832 0.796297 -0.036012
vn 0.615616 0.786788 -0.044519
vn 0.626861 0.777938 -0.043107
vn 0.637575 0.768478 -0.054229
vn 0.661992 0.740039 0.118782
vn 0.610596 0.585056 0.533742
vn 0.420535 0.264916 0.867738
vn 0.341526 0.036105 0.939178
vn 0.518311 0.112631 0.847743
vn 0.633815 0.287095 0.718230
vn 0.060431 0.662995 -0.746181
vn -0.263392 0.662528 -0.701200
vn 0.649087 0.543341 -0.532416
vn 0.902756 0.405199 -0.144377
vn 0.959341 0.278142 0.047981
vn 0.981832 0.184439 0.044598
vn 0.983402 0.175610 0.045623
vn 0.985272 0.165712 0.042162
vn 0.986165 0.163147 0.029348
vn 0.986810 0.161435 0.012053
vn 0.987804 0.155689 -0.002255
vn 0.989539 0.142936 -0.019547
vn 0.991608 0.125471 -0.031139
vn 0.993112 0.113082 -0.030668
vn 0.994451 0.094715 -0.045796
vn 0.974302 0.214014 -0.070235
vn 0.897027 0.356789 0.260854
vn 0.497874 0.345629 0.795401
vn -0.031773 0.386372 0.921796
vn -0.284289 0.591529 0.754502
vn -0.328540 0.702449 0.631369
vn 0.866980 0.306356 -0.393053
vn 0.727212 0.430072 -0.534977
vn 0.990096 0.114937 -0.080624
vn 0.951905 -0.058457 0.300764
vn 0.873914 -0.380679 0.302255
vn 0.825343 -0.563138 0.041048
vn 0.816148 -0.577703 0.012717
vn 0.824337 -0.566050 0.007555
vn 0.836896 -0.547290 -0.008925
vn 0.849930 -0.526697 -0.014464
vn 0.853378 -0.521284 0.002966
vn 0.844005 -0.536252 0.009491
vn 0.828912 -0.559370 0.003120
vn 0.812691 -0.582693 0.001604
vn 0.824921 -0.561624 -0.063904
vn 0.840560 -0.294165 -0.454891
vn 0.941846 0.101039 -0.320496
vn 0.903765 0.152227 0.400044
vn 0.590248 0.198702 0.782384
vn 0.325012 0.410806 0.851825
vn 0.212494 0.536907 0.816441
vn 0.963794 -0.261968 -0.049734
vn 0.955394 -0.283535 -0.082650
vn 0.964194 -0.211015 0.160633
vn 0.771659 -0.172070 0.612318
vn 0.674242 -0.444689 0.589618
vn 0.669679 -0.730741 0.132465
vn 0.608205 -0.793776 0.002497
vn 0.611468 -0.790832 -0.026295
vn 0.638162 -0.768163 -0.051723
vn 0.658865 -0.751409 -0.035798
vn 0.649699 -0.759945 0.019340
vn 0.621215 -0.782519 0.041902
vn 0.597807 -0.801010 0.031776
vn 0.610579 -0.791930 -0.006401
vn 0.710398 -0.665740 -0.228311
vn 0.609629 -0.198860 -0.767338
vn 0.700376 0.134411 -0.701005
vn 0.998311 -0.032082 0.048424
vn 0.853252 -0.200113 0.481577
vn 0.768102 -0.289838 0.570976
vn 0.738633 -0.336375 0.584185
vn 0.841861 -0.535960 -0.063387
vn 0.788302 -0.614578 -0.029558
vn 0.920333 -0.346935 0.180620
vn 0.673251 -0.102490 0.732277
vn 0.592005 -0.225603 0.773714
vn 0.727803 -0.603572 0.325582
vn 0.656328 -0.752232 0.058140
vn 0.623794 -0.780600 -0.039303
vn 0.635592 -0.767174 -0.086410
vn 0.643398 -0.764764 -0.034273
vn 0.617056 -0.784856 0.056940
vn 0.584657 -0.807915 0.073824
vn 0.587170 -0.809007 0.027195
vn 0.671611 -0.730236 -0.125276
vn 0.750407 -0.424406 -0.506724
vn 0.464125 0.100910 -0.880003
vn 0.524147 0.287797 -0.801526
vn 0.990840 -0.047772 -0.126309
vn 0.819061 -0.395490 0.415605
vn 0.682446 -0.589536 0.432105
vn 0.653202 -0.662913 0.365888
vn 0.775918 -0.590338 -0.222380
vn 0.725523 -0.659993 -0.195000
vn 0.906794 -0.406856 0.110421
vn 0.646029 -0.076202 0.759500
vn 0.501009 -0.080495 0.861691
vn 0.730935 -0.446588 0.516036
vn 0.739127 -0.654569 0.158844
vn 0.706113 -0.707526 -0.028486
vn 0.698169 -0.709026 -0.099212
vn 0.687066 -0.726538 -0.009120
vn 0.655442 -0.749079 0.096313
vn 0.641556 -0.761824 0.089611
vn 0.680911 -0.731592 -0.033669
vn 0.762148 -0.556898 -0.330144
vn 0.676557 -0.116996 -0.727037
vn 0.339235 0.324699 -0.882888
vn 0.446178 0.400956 -0.800099
vn 0.976648 -0.024883 -0.213402
vn 0.747423 -0.486041 0.452905
vn 0.585276 -0.621779 0.520426
vn 0.610195 -0.639605 0.467512
vn 0.741476 -0.601707 -0.296921
vn 0.688543 -0.671878 -0.272926
vn 0.902484 -0.425727 0.065418
vn 0.640655 -0.074608 0.764195
vn 0.452684 -0.035101 0.890980
vn 0.707600 -0.379344 0.596154
vn 0.767090 -0.605297 0.212576
vn 0.744109 -0.667813 -0.018100
vn 0.728015 -0.678488 -0.098226
vn 0.707789 -0.706372 0.008608
vn 0.677714 -0.726587 0.113031
vn 0.679958 -0.727637 0.090560
vn 0.734892 -0.673495 -0.079615
vn 0.783381 -0.442770 -0.436197
vn 0.603695 0.037402 -0.796338
vn 0.282628 0.418528 -0.863108
vn 0.425941 0.446189 -0.787077
vn 0.971866 -0.016368 -0.234965
vn 0.711806 -0.522273 0.469642
vn 0.553445 -0.634225 0.539868
vn 0.607000 -0.631255 0.482771
s 1
g bed interiorDecoration _LadyBeetle pasted__pillowSheet1
usemtl pasted__pillow
f 5603/5858/6019 5604/5859/6020 5625/5880/6021 5624/5879/6022
f 5604/5859/6020 5605/5860/6023 5626/5881/6024 5625/5880/6021
f 5605/5860/6023 5606/5861/6025 5627/5882/6026 5626/5881/6024
f 5606/5861/6025 5607/5862/6027 5628/5883/6028 5627/5882/6026
f 5607/5862/6027 5608/5863/6029 5629/5884/6030 5628/5883/6028
f 5608/5863/6029 5609/5864/6031 5630/5885/6032 5629/5884/6030
f 5609/5864/6031 5610/5865/6033 5631/5886/6034 5630/5885/6032
f 5610/5865/6033 5611/5866/6035 5632/5887/6036 5631/5886/6034
f 5611/5866/6035 5612/5867/6037 5633/5888/6038 5632/5887/6036
f 5612/5867/6037 5613/5868/6039 5634/5889/6040 5633/5888/6038
f 5613/5868/6039 5614/5869/6041 5635/5890/6042 5634/5889/6040
f 5614/5869/6041 5615/5870/6043 5636/5891/6044 5635/5890/6042
f 5615/5870/6043 5616/5871/6045 5637/5892/6046 5636/5891/6044
f 5616/5871/6045 5617/5872/6047 5638/5893/6048 5637/5892/6046
f 5617/5872/6047 5618/5873/6049 5639/5894/6050 5638/5893/6048
f 5618/5873/6049 5619/5874/6051 5640/5895/6052 5639/5894/6050
f 5619/5874/6051 5620/5875/6053 5641/5896/6054 5640/5895/6052
f 5620/5875/6053 5621/5876/6055 5642/5897/6056 5641/5896/6054
f 5621/5876/6055 5622/5877/6057 5643/5898/6058 5642/5897/6056
f 5622/5877/6057 5623/5878/6059 5644/5899/6060 5643/5898/6058
f 5624/5879/6022 5625/5880/6021 5646/5901/6061 5645/5900/6062
f 5625/5880/6021 5626/5881/6024 5647/5902/6063 5646/5901/6061
f 5626/5881/6024 5627/5882/6026 5648/5903/6064 5647/5902/6063
f 5627/5882/6026 5628/5883/6028 5649/5904/6065 5648/5903/6064
f 5628/5883/6028 5629/5884/6030 5650/5905/6066 5649/5904/6065
f 5629/5884/6030 5630/5885/6032 5651/5906/6067 5650/5905/6066
f 5630/5885/6032 5631/5886/6034 5652/5907/6068 5651/5906/6067
f 5631/5886/6034 5632/5887/6036 5653/5908/6069 5652/5907/6068
f 5632/5887/6036 5633/5888/6038 5654/5909/6070 5653/5908/6069
f 5633/5888/6038 5634/5889/6040 5655/5910/6071 5654/5909/6070
f 5634/5889/6040 5635/5890/6042 5656/5911/6072 5655/5910/6071
f 5635/5890/6042 5636/5891/6044 5657/5912/6073 5656/5911/6072
f 5636/5891/6044 5637/5892/6046 5658/5913/6074 5657/5912/6073
f 5637/5892/6046 5638/5893/6048 5659/5914/6075 5658/5913/6074
f 5638/5893/6048 5639/5894/6050 5660/5915/6076 5659/5914/6075
f 5639/5894/6050 5640/5895/6052 5661/5916/6077 5660/5915/6076
f 5640/5895/6052 5641/5896/6054 5662/5917/6078 5661/5916/6077
f 5641/5896/6054 5642/5897/6056 5663/5918/6079 5662/5917/6078
f 5642/5897/6056 5643/5898/6058 5664/5919/6080 5663/5918/6079
f 5643/5898/6058 5644/5899/6060 5665/5920/6081 5664/5919/6080
f 5645/5900/6062 5646/5901/6061 5667/5922/6082 5666/5921/6083
f 5646/5901/6061 5647/5902/6063 5668/5923/6084 5667/5922/6082
f 5647/5902/6063 5648/5903/6064 5669/5924/6085 5668/5923/6084
f 5648/5903/6064 5649/5904/6065 5670/5925/6086 5669/5924/6085
f 5649/5904/6065 5650/5905/6066 5671/5926/6087 5670/5925/6086
f 5650/5905/6066 5651/5906/6067 5672/5927/6088 5671/5926/6087
f 5651/5906/6067 5652/5907/6068 5673/5928/6089 5672/5927/6088
f 5652/5907/6068 5653/5908/6069 5674/5929/6090 5673/5928/6089
f 5653/5908/6069 5654/5909/6070 5675/5930/6091 5674/5929/6090
f 5654/5909/6070 5655/5910/6071 5676/5931/6092 5675/5930/6091
f 5655/5910/6071 5656/5911/6072 5677/5932/6093 5676/5931/6092
f 5656/5911/6072 5657/5912/6073 5678/5933/6094 5677/5932/6093
f 5657/5912/6073 5658/5913/6074 5679/5934/6095 5678/5933/6094
f 5658/5913/6074 5659/5914/6075 5680/5935/6096 5679/5934/6095
f 5659/5914/6075 5660/5915/6076 5681/5936/6097 5680/5935/6096
f 5660/5915/6076 5661/5916/6077 5682/5937/6098 5681/5936/6097
f 5661/5916/6077 5662/5917/6078 5683/5938/6099 5682/5937/6098
f 5662/5917/6078 5663/5918/6079 5684/5939/6100 5683/5938/6099
f 5663/5918/6079 5664/5919/6080 5685/5940/6101 5684/5939/6100
f 5664/5919/6080 5665/5920/6081 5686/5941/6102 5685/5940/6101
f 5666/5921/6083 5667/5922/6082 5688/5943/6103 5687/5942/6104
f 5667/5922/6082 5668/5923/6084 5689/5944/6105 5688/5943/6103
f 5668/5923/6084 5669/5924/6085 5690/5945/6106 5689/5944/6105
f 5669/5924/6085 5670/5925/6086 5691/5946/6107 5690/5945/6106
f 5670/5925/6086 5671/5926/6087 5692/5947/6108 5691/5946/6107
f 5671/5926/6087 5672/5927/6088 5693/5948/6109 5692/5947/6108
f 5672/5927/6088 5673/5928/6089 5694/5949/6110 5693/5948/6109
f 5673/5928/6089 5674/5929/6090 5695/5950/6111 5694/5949/6110
f 5674/5929/6090 5675/5930/6091 5696/5951/6112 5695/5950/6111
f 5675/5930/6091 5676/5931/6092 5697/5952/6113 5696/5951/6112
f 5676/5931/6092 5677/5932/6093 5698/5953/6114 5697/5952/6113
f 5677/5932/6093 5678/5933/6094 5699/5954/6115 5698/5953/6114
f 5678/5933/6094 5679/5934/6095 5700/5955/6116 5699/5954/6115
f 5679/5934/6095 5680/5935/6096 5701/5956/6117 5700/5955/6116
f 5680/5935/6096 5681/5936/6097 5702/5957/6118 5701/5956/6117
f 5681/5936/6097 5682/5937/6098 5703/5958/6119 5702/5957/6118
f 5682/5937/6098 5683/5938/6099 5704/5959/6120 5703/5958/6119
f 5683/5938/6099 5684/5939/6100 5705/5960/6121 5704/5959/6120
f 5684/5939/6100 5685/5940/6101 5706/5961/6122 5705/5960/6121
f 5685/5940/6101 5686/5941/6102 5707/5962/6123 5706/5961/6122
f 5687/5942/6104 5688/5943/6103 5709/5964/6124 5708/5963/6125
f 5688/5943/6103 5689/5944/6105 5710/5965/6126 5709/5964/6124
f 5689/5944/6105 5690/5945/6106 5711/5966/6127 5710/5965/6126
f 5690/5945/6106 5691/5946/6107 5712/5967/6128 5711/5966/6127
f 5691/5946/6107 5692/5947/6108 5713/5968/6129 5712/5967/6128
f 5692/5947/6108 5693/5948/6109 5714/5969/6130 5713/5968/6129
f 5693/5948/6109 5694/5949/6110 5715/5970/6131 5714/5969/6130
f 5694/5949/6110 5695/5950/6111 5716/5971/6132 5715/5970/6131
f 5695/5950/6111 5696/5951/6112 5717/5972/6133 5716/5971/6132
f 5696/5951/6112 5697/5952/6113 5718/5973/6134 5717/5972/6133
f 5697/5952/6113 5698/5953/6114 5719/5974/6135 5718/5973/6134
f 5698/5953/6114 5699/5954/6115 5720/5975/6136 5719/5974/6135
f 5699/5954/6115 5700/5955/6116 5721/5976/6137 5720/5975/6136
f 5700/5955/6116 5701/5956/6117 5722/5977/6138 5721/5976/6137
f 5701/5956/6117 5702/5957/6118 5723/5978/6139 5722/5977/6138
f 5702/5957/6118 5703/5958/6119 5724/5979/6140 5723/5978/6139
f 5703/5958/6119 5704/5959/6120 5725/5980/6141 5724/5979/6140
f 5704/5959/6120 5705/5960/6121 5726/5981/6142 5725/5980/6141
f 5705/5960/6121 5706/5961/6122 5727/5982/6143 5726/5981/6142
f 5706/5961/6122 5707/5962/6123 5728/5983/6144 5727/5982/6143
f 5708/5963/6125 5709/5964/6124 5730/5985/6145 5729/5984/6146
f 5709/5964/6124 5710/5965/6126 5731/5986/6147 5730/5985/6145
f 5710/5965/6126 5711/5966/6127 5732/5987/6148 5731/5986/6147
f 5711/5966/6127 5712/5967/6128 5733/5988/6149 5732/5987/6148
f 5712/5967/6128 5713/5968/6129 5734/5989/6150 5733/5988/6149
f 5713/5968/6129 5714/5969/6130 5735/5990/6151 5734/5989/6150
f 5714/5969/6130 5715/5970/6131 5736/5991/6152 5735/5990/6151
f 5715/5970/6131 5716/5971/6132 5737/5992/6153 5736/5991/6152
f 5716/5971/6132 5717/5972/6133 5738/5993/6154 5737/5992/6153
f 5717/5972/6133 5718/5973/6134 5739/5994/6155 5738/5993/6154
f 5718/5973/6134 5719/5974/6135 5740/5995/6156 5739/5994/6155
f 5719/5974/6135 5720/5975/6136 5741/5996/6157 5740/5995/6156
f 5720/5975/6136 5721/5976/6137 5742/5997/6158 5741/5996/6157
f 5721/5976/6137 5722/5977/6138 5743/5998/6159 5742/5997/6158
f 5722/5977/6138 5723/5978/6139 5744/5999/6160 5743/5998/6159
f 5723/5978/6139 5724/5979/6140 5745/6000/6161 5744/5999/6160
f 5724/5979/6140 5725/5980/6141 5746/6001/6162 5745/6000/6161
f 5725/5980/6141 5726/5981/6142 5747/6002/6163 5746/6001/6162
f 5726/5981/6142 5727/5982/6143 5748/6003/6164 5747/6002/6163
f 5727/5982/6143 5728/5983/6144 5749/6004/6165 5748/6003/6164
f 5729/5984/6146 5730/5985/6145 5751/6006/6166 5750/6005/6167
f 5730/5985/6145 5731/5986/6147 5752/6007/6168 5751/6006/6166
f 5731/5986/6147 5732/5987/6148 5753/6008/6169 5752/6007/6168
f 5732/5987/6148 5733/5988/6149 5754/6009/6170 5753/6008/6169
f 5733/5988/6149 5734/5989/6150 5755/6010/6171 5754/6009/6170
f 5734/5989/6150 5735/5990/6151 5756/6011/6172 5755/6010/6171
f 5735/5990/6151 5736/5991/6152 5757/6012/6173 5756/6011/6172
f 5736/5991/6152 5737/5992/6153 5758/6013/6174 5757/6012/6173
f 5737/5992/6153 5738/5993/6154 5759/6014/6175 5758/6013/6174
f 5738/5993/6154 5739/5994/6155 5760/6015/6176 5759/6014/6175
f 5739/5994/6155 5740/5995/6156 5761/6016/6177 5760/6015/6176
f 5740/5995/6156 5741/5996/6157 5762/6017/6178 5761/6016/6177
f 5741/5996/6157 5742/5997/6158 5763/6018/6179 5762/6017/6178
f 5742/5997/6158 5743/5998/6159 5764/6019/6180 5763/6018/6179
f 5743/5998/6159 5744/5999/6160 5765/6020/6181 5764/6019/6180
f 5744/5999/6160 5745/6000/6161 5766/6021/6182 5765/6020/6181
f 5745/6000/6161 5746/6001/6162 5767/6022/6183 5766/6021/6182
f 5746/6001/6162 5747/6002/6163 5768/6023/6184 5767/6022/6183
f 5747/6002/6163 5748/6003/6164 5769/6024/6185 5768/6023/6184
f 5748/6003/6164 5749/6004/6165 5770/6025/6186 5769/6024/6185
f 5750/6005/6167 5751/6006/6166 5772/6027/6187 5771/6026/6188
f 5751/6006/6166 5752/6007/6168 5773/6028/6189 5772/6027/6187
f 5752/6007/6168 5753/6008/6169 5774/6029/6190 5773/6028/6189
f 5753/6008/6169 5754/6009/6170 5775/6030/6191 5774/6029/6190
f 5754/6009/6170 5755/6010/6171 5776/6031/6192 5775/6030/6191
f 5755/6010/6171 5756/6011/6172 5777/6032/6193 5776/6031/6192
f 5756/6011/6172 5757/6012/6173 5778/6033/6194 5777/6032/6193
f 5757/6012/6173 5758/6013/6174 5779/6034/6195 5778/6033/6194
f 5758/6013/6174 5759/6014/6175 5780/6035/6196 5779/6034/6195
f 5759/6014/6175 5760/6015/6176 5781/6036/6197 5780/6035/6196
f 5760/6015/6176 5761/6016/6177 5782/6037/6198 5781/6036/6197
f 5761/6016/6177 5762/6017/6178 5783/6038/6199 5782/6037/6198
f 5762/6017/6178 5763/6018/6179 5784/6039/6200 5783/6038/6199
f 5763/6018/6179 5764/6019/6180 5785/6040/6201 5784/6039/6200
f 5764/6019/6180 5765/6020/6181 5786/6041/6202 5785/6040/6201
f 5765/6020/6181 5766/6021/6182 5787/6042/6203 5786/6041/6202
f 5766/6021/6182 5767/6022/6183 5788/6043/6204 5787/6042/6203
f 5767/6022/6183 5768/6023/6184 5789/6044/6205 5788/6043/6204
f 5768/6023/6184 5769/6024/6185 5790/6045/6206 5789/6044/6205
f 5769/6024/6185 5770/6025/6186 5791/6046/6207 5790/6045/6206
f 5771/6026/6188 5772/6027/6187 5793/6048/6208 5792/6047/6209
f 5772/6027/6187 5773/6028/6189 5794/6049/6210 5793/6048/6208
f 5773/6028/6189 5774/6029/6190 5795/6050/6211 5794/6049/6210
f 5774/6029/6190 5775/6030/6191 5796/6051/6212 5795/6050/6211
f 5775/6030/6191 5776/6031/6192 5797/6052/6213 5796/6051/6212
f 5776/6031/6192 5777/6032/6193 5798/6053/6214 5797/6052/6213
f 5777/6032/6193 5778/6033/6194 5799/6054/6215 5798/6053/6214
f 5778/6033/6194 5779/6034/6195 5800/6055/6216 5799/6054/6215
f 5779/6034/6195 5780/6035/6196 5801/6056/6217 5800/6055/6216
f 5780/6035/6196 5781/6036/6197 5802/6057/6218 5801/6056/6217
f 5781/6036/6197 5782/6037/6198 5803/6058/6219 5802/6057/6218
f 5782/6037/6198 5783/6038/6199 5804/6059/6220 5803/6058/6219
f 5783/6038/6199 5784/6039/6200 5805/6060/6221 5804/6059/6220
f 5784/6039/6200 5785/6040/6201 5806/6061/6222 5805/6060/6221
f 5785/6040/6201 5786/6041/6202 5807/6062/6223 5806/6061/6222
f 5786/6041/6202 5787/6042/6203 5808/6063/6224 5807/6062/6223
f 5787/6042/6203 5788/6043/6204 5809/6064/6225 5808/6063/6224
f 5788/6043/6204 5789/6044/6205 5810/6065/6226 5809/6064/6225
f 5789/6044/6205 5790/6045/6206 5811/6066/6227 5810/6065/6226
f 5790/6045/6206 5791/6046/6207 5812/6067/6228 5811/6066/6227
f 5792/6047/6209 5793/6048/6208 5814/6069/6229 5813/6068/6230
f 5793/6048/6208 5794/6049/6210 5815/6070/6231 5814/6069/6229
f 5794/6049/6210 5795/6050/6211 5816/6071/6232 5815/6070/6231
f 5795/6050/6211 5796/6051/6212 5817/6072/6233 5816/6071/6232
f 5796/6051/6212 5797/6052/6213 5818/6073/6234 5817/6072/6233
f 5797/6052/6213 5798/6053/6214 5819/6074/6235 5818/6073/6234
f 5798/6053/6214 5799/6054/6215 5820/6075/6236 5819/6074/6235
f 5799/6054/6215 5800/6055/6216 5821/6076/6237 5820/6075/6236
f 5800/6055/6216 5801/6056/6217 5822/6077/6238 5821/6076/6237
f 5801/6056/6217 5802/6057/6218 5823/6078/6239 5822/6077/6238
f 5802/6057/6218 5803/6058/6219 5824/6079/6240 5823/6078/6239
f 5803/6058/6219 5804/6059/6220 5825/6080/6241 5824/6079/6240
f 5804/6059/6220 5805/6060/6221 5826/6081/6242 5825/6080/6241
f 5805/6060/6221 5806/6061/6222 5827/6082/6243 5826/6081/6242
f 5806/6061/6222 5807/6062/6223 5828/6083/6244 5827/6082/6243
f 5807/6062/6223 5808/6063/6224 5829/6084/6245 5828/6083/6244
f 5808/6063/6224 5809/6064/6225 5830/6085/6246 5829/6084/6245
f 5809/6064/6225 5810/6065/6226 5831/6086/6247 5830/6085/6246
f 5810/6065/6226 5811/6066/6227 5832/6087/6248 5831/6086/6247
f 5811/6066/6227 5812/6067/6228 5833/6088/6249 5832/6087/6248
f 5813/6068/6230 5814/6069/6229 5835/6090/6250 5834/6089/6251
f 5814/6069/6229 5815/6070/6231 5836/6091/6252 5835/6090/6250
f 5815/6070/6231 5816/6071/6232 5837/6092/6253 5836/6091/6252
f 5816/6071/6232 5817/6072/6233 5838/6093/6254 5837/6092/6253
f 5817/6072/6233 5818/6073/6234 5839/6094/6255 5838/6093/6254
f 5818/6073/6234 5819/6074/6235 5840/6095/6256 5839/6094/6255
f 5819/6074/6235 5820/6075/6236 5841/6096/6257 5840/6095/6256
f 5820/6075/6236 5821/6076/6237 5842/6097/6258 5841/6096/6257
f 5821/6076/6237 5822/6077/6238 5843/6098/6259 5842/6097/6258
f 5822/6077/6238 5823/6078/6239 5844/6099/6260 5843/6098/6259
f 5823/6078/6239 5824/6079/6240 5845/6100/6261 5844/6099/6260
f 5824/6079/6240 5825/6080/6241 5846/6101/6262 5845/6100/6261
f 5825/6080/6241 5826/6081/6242 5847/6102/6263 5846/6101/6262
f 5826/6081/6242 5827/6082/6243 5848/6103/6264 5847/6102/6263
f 5827/6082/6243 5828/6083/6244 5849/6104/6265 5848/6103/6264
f 5828/6083/6244 5829/6084/6245 5850/6105/6266 5849/6104/6265
f 5829/6084/6245 5830/6085/6246 5851/6106/6267 5850/6105/6266
f 5830/6085/6246 5831/6086/6247 5852/6107/6268 5851/6106/6267
f 5831/6086/6247 5832/6087/6248 5853/6108/6269 5852/6107/6268
f 5832/6087/6248 5833/6088/6249 5854/6109/6270 5853/6108/6269
f 5834/6089/6251 5835/6090/6250 5856/6111/6271 5855/6110/6272
f 5835/6090/6250 5836/6091/6252 5857/6112/6273 5856/6111/6271
f 5836/6091/6252 5837/6092/6253 5858/6113/6274 5857/6112/6273
f 5837/6092/6253 5838/6093/6254 5859/6114/6275 5858/6113/6274
f 5838/6093/6254 5839/6094/6255 5860/6115/6276 5859/6114/6275
f 5839/6094/6255 5840/6095/6256 5861/6116/6277 5860/6115/6276
f 5840/6095/6256 5841/6096/6257 5862/6117/6278 5861/6116/6277
f 5841/6096/6257 5842/6097/6258 5863/6118/6279 5862/6117/6278
f 5842/6097/6258 5843/6098/6259 5864/6119/6280 5863/6118/6279
f 5843/6098/6259 5844/6099/6260 5865/6120/6281 5864/6119/6280
f 5844/6099/6260 5845/6100/6261 5866/6121/6282 5865/6120/6281
f 5845/6100/6261 5846/6101/6262 5867/6122/6283 5866/6121/6282
f 5846/6101/6262 5847/6102/6263 5868/6123/6284 5867/6122/6283
f 5847/6102/6263 5848/6103/6264 5869/6124/6285 5868/6123/6284
f 5848/6103/6264 5849/6104/6265 5870/6125/6286 5869/6124/6285
f 5849/6104/6265 5850/6105/6266 5871/6126/6287 5870/6125/6286
f 5850/6105/6266 5851/6106/6267 5872/6127/6288 5871/6126/6287
f 5851/6106/6267 5852/6107/6268 5873/6128/6289 5872/6127/6288
f 5852/6107/6268 5853/6108/6269 5874/6129/6290 5873/6128/6289
f 5853/6108/6269 5854/6109/6270 5875/6130/6291 5874/6129/6290
f 5855/6110/6272 5856/6111/6271 5877/6132/6292 5876/6131/6293
f 5856/6111/6271 5857/6112/6273 5878/6133/6294 5877/6132/6292
f 5857/6112/6273 5858/6113/6274 5879/6134/6295 5878/6133/6294
f 5858/6113/6274 5859/6114/6275 5880/6135/6296 5879/6134/6295
f 5859/6114/6275 5860/6115/6276 5881/6136/6297 5880/6135/6296
f 5860/6115/6276 5861/6116/6277 5882/6137/6298 5881/6136/6297
f 5861/6116/6277 5862/6117/6278 5883/6138/6299 5882/6137/6298
f 5862/6117/6278 5863/6118/6279 5884/6139/6300 5883/6138/6299
f 5863/6118/6279 5864/6119/6280 5885/6140/6301 5884/6139/6300
f 5864/6119/6280 5865/6120/6281 5886/6141/6302 5885/6140/6301
f 5865/6120/6281 5866/6121/6282 5887/6142/6303 5886/6141/6302
f 5866/6121/6282 5867/6122/6283 5888/6143/6304 5887/6142/6303
f 5867/6122/6283 5868/6123/6284 5889/6144/6305 5888/6143/6304
f 5868/6123/6284 5869/6124/6285 5890/6145/6306 5889/6144/6305
f 5869/6124/6285 5870/6125/6286 5891/6146/6307 5890/6145/6306
f 5870/6125/6286 5871/6126/6287 5892/6147/6308 5891/6146/6307
f 5871/6126/6287 5872/6127/6288 5893/6148/6309 5892/6147/6308
f 5872/6127/6288 5873/6128/6289 5894/6149/6310 5893/6148/6309
f 5873/6128/6289 5874/6129/6290 5895/6150/6311 5894/6149/6310
f 5874/6129/6290 5875/6130/6291 5896/6151/6312 5895/6150/6311
f 5876/6131/6293 5877/6132/6292 5898/6153/6313 5897/6152/6314
f 5877/6132/6292 5878/6133/6294 5899/6154/6315 5898/6153/6313
f 5878/6133/6294 5879/6134/6295 5900/6155/6316 5899/6154/6315
f 5879/6134/6295 5880/6135/6296 5901/6156/6317 5900/6155/6316
f 5880/6135/6296 5881/6136/6297 5902/6157/6318 5901/6156/6317
f 5881/6136/6297 5882/6137/6298 5903/6158/6319 5902/6157/6318
f 5882/6137/6298 5883/6138/6299 5904/6159/6320 5903/6158/6319
f 5883/6138/6299 5884/6139/6300 5905/6160/6321 5904/6159/6320
f 5884/6139/6300 5885/6140/6301 5906/6161/6322 5905/6160/6321
f 5885/6140/6301 5886/6141/6302 5907/6162/6323 5906/6161/6322
f 5886/6141/6302 5887/6142/6303 5908/6163/6324 5907/6162/6323
f 5887/6142/6303 5888/6143/6304 5909/6164/6325 5908/6163/6324
f 5888/6143/6304 5889/6144/6305 5910/6165/6326 5909/6164/6325
f 5889/6144/6305 5890/6145/6306 5911/6166/6327 5910/6165/6326
f 5890/6145/6306 5891/6146/6307 5912/6167/6328 5911/6166/6327
f 5891/6146/6307 5892/6147/6308 5913/6168/6329 5912/6167/6328
f 5892/6147/6308 5893/6148/6309 5914/6169/6330 5913/6168/6329
f 5893/6148/6309 5894/6149/6310 5915/6170/6331 5914/6169/6330
f 5894/6149/6310 5895/6150/6311 5916/6171/6332 5915/6170/6331
f 5895/6150/6311 5896/6151/6312 5917/6172/6333 5916/6171/6332
f 5897/6152/6314 5898/6153/6313 5919/6174/6334 5918/6173/6335
f 5898/6153/6313 5899/6154/6315 5920/6175/6336 5919/6174/6334
f 5899/6154/6315 5900/6155/6316 5921/6176/6337 5920/6175/6336
f 5900/6155/6316 5901/6156/6317 5922/6177/6338 5921/6176/6337
f 5901/6156/6317 5902/6157/6318 5923/6178/6339 5922/6177/6338
f 5902/6157/6318 5903/6158/6319 5924/6179/6340 5923/6178/6339
f 5903/6158/6319 5904/6159/6320 5925/6180/6341 5924/6179/6340
f 5904/6159/6320 5905/6160/6321 5926/6181/6342 5925/6180/6341
f 5905/6160/6321 5906/6161/6322 5927/6182/6343 5926/6181/6342
f 5906/6161/6322 5907/6162/6323 5928/6183/6344 5927/6182/6343
f 5907/6162/6323 5908/6163/6324 5929/6184/6345 5928/6183/6344
f 5908/6163/6324 5909/6164/6325 5930/6185/6346 5929/6184/6345
f 5909/6164/6325 5910/6165/6326 5931/6186/6347 5930/6185/6346
f 5910/6165/6326 5911/6166/6327 5932/6187/6348 5931/6186/6347
f 5911/6166/6327 5912/6167/6328 5933/6188/6349 5932/6187/6348
f 5912/6167/6328 5913/6168/6329 5934/6189/6350 5933/6188/6349
f 5913/6168/6329 5914/6169/6330 5935/6190/6351 5934/6189/6350
f 5914/6169/6330 5915/6170/6331 5936/6191/6352 5935/6190/6351
f 5915/6170/6331 5916/6171/6332 5937/6192/6353 5936/6191/6352
f 5916/6171/6332 5917/6172/6333 5938/6193/6354 5937/6192/6353
f 5918/6173/6335 5919/6174/6334 5940/6195/6355 5939/6194/6356
f 5919/6174/6334 5920/6175/6336 5941/6196/6357 5940/6195/6355
f 5920/6175/6336 5921/6176/6337 5942/6197/6358 5941/6196/6357
f 5921/6176/6337 5922/6177/6338 5943/6198/6359 5942/6197/6358
f 5922/6177/6338 5923/6178/6339 5944/6199/6360 5943/6198/6359
f 5923/6178/6339 5924/6179/6340 5945/6200/6361 5944/6199/6360
f 5924/6179/6340 5925/6180/6341 5946/6201/6362 5945/6200/6361
f 5925/6180/6341 5926/6181/6342 5947/6202/6363 5946/6201/6362
f 5926/6181/6342 5927/6182/6343 5948/6203/6364 5947/6202/6363
f 5927/6182/6343 5928/6183/6344 5949/6204/6365 5948/6203/6364
f 5928/6183/6344 5929/6184/6345 5950/6205/6366 5949/6204/6365
f 5929/6184/6345 5930/6185/6346 5951/6206/6367 5950/6205/6366
f 5930/6185/6346 5931/6186/6347 5952/6207/6368 5951/6206/6367
f 5931/6186/6347 5932/6187/6348 5953/6208/6369 5952/6207/6368
f 5932/6187/6348 5933/6188/6349 5954/6209/6370 5953/6208/6369
f 5933/6188/6349 5934/6189/6350 5955/6210/6371 5954/6209/6370
f 5934/6189/6350 5935/6190/6351 5956/6211/6372 5955/6210/6371
f 5935/6190/6351 5936/6191/6352 5957/6212/6373 5956/6211/6372
f 5936/6191/6352 5937/6192/6353 5958/6213/6374 5957/6212/6373
f 5937/6192/6353 5938/6193/6354 5959/6214/6375 5958/6213/6374
f 5939/6194/6356 5940/6195/6355 5961/6216/6376 5960/6215/6377
f 5940/6195/6355 5941/6196/6357 5962/6217/6378 5961/6216/6376
f 5941/6196/6357 5942/6197/6358 5963/6218/6379 5962/6217/6378
f 5942/6197/6358 5943/6198/6359 5964/6219/6380 5963/6218/6379
f 5943/6198/6359 5944/6199/6360 5965/6220/6381 5964/6219/6380
f 5944/6199/6360 5945/6200/6361 5966/6221/6382 5965/6220/6381
f 5945/6200/6361 5946/6201/6362 5967/6222/6383 5966/6221/6382
f 5946/6201/6362 5947/6202/6363 5968/6223/6384 5967/6222/6383
f 5947/6202/6363 5948/6203/6364 5969/6224/6385 5968/6223/6384
f 5948/6203/6364 5949/6204/6365 5970/6225/6386 5969/6224/6385
f 5949/6204/6365 5950/6205/6366 5971/6226/6387 5970/6225/6386
f 5950/6205/6366 5951/6206/6367 5972/6227/6388 5971/6226/6387
f 5951/6206/6367 5952/6207/6368 5973/6228/6389 5972/6227/6388
f 5952/6207/6368 5953/6208/6369 5974/6229/6390 5973/6228/6389
f 5953/6208/6369 5954/6209/6370 5975/6230/6391 5974/6229/6390
f 5954/6209/6370 5955/6210/6371 5976/6231/6392 5975/6230/6391
f 5955/6210/6371 5956/6211/6372 5977/6232/6393 5976/6231/6392
f 5956/6211/6372 5957/6212/6373 5978/6233/6394 5977/6232/6393
f 5957/6212/6373 5958/6213/6374 5979/6234/6395 5978/6233/6394
f 5958/6213/6374 5959/6214/6375 5980/6235/6396 5979/6234/6395
f 5960/6215/6377 5961/6216/6376 5982/6237/6397 5981/6236/6398
f 5961/6216/6376 5962/6217/6378 5983/6238/6399 5982/6237/6397
f 5962/6217/6378 5963/6218/6379 5984/6239/6400 5983/6238/6399
f 5963/6218/6379 5964/6219/6380 5985/6240/6401 5984/6239/6400
f 5964/6219/6380 5965/6220/6381 5986/6241/6402 5985/6240/6401
f 5965/6220/6381 5966/6221/6382 5987/6242/6403 5986/6241/6402
f 5966/6221/6382 5967/6222/6383 5988/6243/6404 5987/6242/6403
f 5967/6222/6383 5968/6223/6384 5989/6244/6405 5988/6243/6404
f 5968/6223/6384 5969/6224/6385 5990/6245/6406 5989/6244/6405
f 5969/6224/6385 5970/6225/6386 5991/6246/6407 5990/6245/6406
f 5970/6225/6386 5971/6226/6387 5992/6247/6408 5991/6246/6407
f 5971/6226/6387 5972/6227/6388 5993/6248/6409 5992/6247/6408
f 5972/6227/6388 5973/6228/6389 5994/6249/6410 5993/6248/6409
f 5973/6228/6389 5974/6229/6390 5995/6250/6411 5994/6249/6410
f 5974/6229/6390 5975/6230/6391 5996/6251/6412 5995/6250/6411
f 5975/6230/6391 5976/6231/6392 5997/6252/6413 5996/6251/6412
f 5976/6231/6392 5977/6232/6393 5998/6253/6414 5997/6252/6413
f 5977/6232/6393 5978/6233/6394 5999/6254/6415 5998/6253/6414
f 5978/6233/6394 5979/6234/6395 6000/6255/6416 5999/6254/6415
f 5979/6234/6395 5980/6235/6396 6001/6256/6417 6000/6255/6416
f 5981/6236/6398 5982/6237/6397 6003/6258/6418 6002/6257/6419
f 5982/6237/6397 5983/6238/6399 6004/6259/6420 6003/6258/6418
f 5983/6238/6399 5984/6239/6400 6005/6260/6421 6004/6259/6420
f 5984/6239/6400 5985/6240/6401 6006/6261/6422 6005/6260/6421
f 5985/6240/6401 5986/6241/6402 6007/6262/6423 6006/6261/6422
f 5986/6241/6402 5987/6242/6403 6008/6263/6424 6007/6262/6423
f 5987/6242/6403 5988/6243/6404 6009/6264/6425 6008/6263/6424
f 5988/6243/6404 5989/6244/6405 6010/6265/6426 6009/6264/6425
f 5989/6244/6405 5990/6245/6406 6011/6266/6427 6010/6265/6426
f 5990/6245/6406 5991/6246/6407 6012/6267/6428 6011/6266/6427
f 5991/6246/6407 5992/6247/6408 6013/6268/6429 6012/6267/6428
f 5992/6247/6408 5993/6248/6409 6014/6269/6430 6013/6268/6429
f 5993/6248/6409 5994/6249/6410 6015/6270/6431 6014/6269/6430
f 5994/6249/6410 5995/6250/6411 6016/6271/6432 6015/6270/6431
f 5995/6250/6411 5996/6251/6412 6017/6272/6433 6016/6271/6432
f 5996/6251/6412 5997/6252/6413 6018/6273/6434 6017/6272/6433
f 5997/6252/6413 5998/6253/6414 6019/6274/6435 6018/6273/6434
f 5998/6253/6414 5999/6254/6415 6020/6275/6436 6019/6274/6435
f 5999/6254/6415 6000/6255/6416 6021/6276/6437 6020/6275/6436
f 6000/6255/6416 6001/6256/6417 6022/6277/6438 6021/6276/6437
f 6002/6257/6419 6003/6258/6418 6024/6279/6439 6023/6278/6440
f 6003/6258/6418 6004/6259/6420 6025/6280/6441 6024/6279/6439
f 6004/6259/6420 6005/6260/6421 6026/6281/6442 6025/6280/6441
f 6005/6260/6421 6006/6261/6422 6027/6282/6443 6026/6281/6442
f 6006/6261/6422 6007/6262/6423 6028/6283/6444 6027/6282/6443
f 6007/6262/6423 6008/6263/6424 6029/6284/6445 6028/6283/6444
f 6008/6263/6424 6009/6264/6425 6030/6285/6446 6029/6284/6445
f 6009/6264/6425 6010/6265/6426 6031/6286/6447 6030/6285/6446
f 6010/6265/6426 6011/6266/6427 6032/6287/6448 6031/6286/6447
f 6011/6266/6427 6012/6267/6428 6033/6288/6449 6032/6287/6448
f 6012/6267/6428 6013/6268/6429 6034/6289/6450 6033/6288/6449
f 6013/6268/6429 6014/6269/6430 6035/6290/6451 6034/6289/6450
f 6014/6269/6430 6015/6270/6431 6036/6291/6452 6035/6290/6451
f 6015/6270/6431 6016/6271/6432 6037/6292/6453 6036/6291/6452
f 6016/6271/6432 6017/6272/6433 6038/6293/6454 6037/6292/6453
f 6017/6272/6433 6018/6273/6434 6039/6294/6455 6038/6293/6454
f 6018/6273/6434 6019/6274/6435 6040/6295/6456 6039/6294/6455
f 6019/6274/6435 6020/6275/6436 6041/6296/6457 6040/6295/6456
f 6020/6275/6436 6021/6276/6437 6042/6297/6458 6041/6296/6457
f 6021/6276/6437 6022/6277/6438 6043/6298/6459 6042/6297/6458
